event_id,customer_id,channel_type,action_performed,event_timestamp
EVT0000001,CUST003761,MOBILE_APP,INITIATE_TRANSFER,2026-03-14 18:58:15
EVT0000002,CUST002434,MOBILE APP,initiate_transfer,2026-07-18 20:50:51
EVT0000003,CUST001962,NET_BANKING,LOGOUT,08-02-2026 15:56
EVT0000004,CUST000563,net_banking, LOGOUT,2026-05-20 17:49:54
EVT0000005,CUST002978,Mobile_App,View_Balance,2026-05-13 06:21:23
EVT0000006,CUST002389,mobile_app,INITIATE_TRANSFER,19/02/2026 09:10:18
EVT0000007,CUST004429,NET BANKING,login,16/02/2026 03:38:01
EVT0000008,CUST001264,NET_BANKING, LOGOUT,2026-07-12 23:18:11
EVT0000009,CUST000400,Mobile_App,LOGIN ,2026-06-16 05:30:34
EVT0000010,CUST002362,Net_Banking,INITIATE_TRANSFER,2026-06-01 01:27:42
EVT0000011,CUST002083,net_banking,LOGIN ,2026-06-03 22:34:07
EVT0000012,CUST000445,NET_BANKING,View_Balance,2026-01-12 17:07:11
EVT0000013,CUST002145,NET_BANKING,INITIATE_TRANSFER,2026-05-12 20:56:43
EVT0000014,CUST003505,mobile_app,INITIATE_TRANSFER,2026-02-09 20:28:12
EVT0000015,CUST002442,Mobile_App,Logout,29-04-2026 23:36
EVT0000016,CUST005081,net_banking,View_Balance,2026-06-11 06:28:18
EVT0000017,CUST002648,net_banking,Login,2026-04-25 20:49:06
EVT0000018,CUST001819,MOBILE_APP,VIEW_BALANCE,29-01-2026 21:32
EVT0000019,CUST000963,MOBILE_APP,LOGOUT,11/01/2026 03:13:28
EVT0000020,CUST004092,MOBILE APP,LOGOUT,11/06/2026 16:19:10
EVT0000021,CUST004173,NET_BANKING,login,2026-07-30 20:27:20
EVT0000022,CUST000541,mobile_app,INITIATE_TRANSFER,2026-04-15 15:23:11
EVT0000023,CUST004882,Mobile_App,initiate_transfer,20/07/2026 02:30:47
EVT0000024,CUST002594,mobile_app,INITIATE_TRANSFER,11-05-2026 14:06
EVT0000025,CUST003021,NET BANKING,LOGIN,
EVT0000026,CUST004984,mobile_app,LOGOUT,2026-07-10 18:19:32
EVT0000027,CUST002984,Net_Banking,LOGIN ,01/07/2026 03:51:13
EVT0000028,CUST000752,NET_BANKING,LOGOUT,2026-03-30 00:08:32
EVT0000029,CUST000026,NET_BANKING,LOGIN,11-03-2026 09:22
EVT0000030,CUST002258,MOBILE_APP,Logout,24-07-2026 07:21
EVT0000031,CUST002179,Mobile_App,INITIATE_TRANSFER,09-07-2026 15:36
EVT0000032,CUST000055,NET_BANKING,initiate_transfer,28/03/2026 23:45:38
EVT0000033,CUST002109,Mobile_App,LOGIN ,13/01/2026 00:45:10
EVT0000034,CUST001450,MOBILE_APP,logout,2026-01-11 21:42:05
EVT0000035,CUST001089,NET BANKING, LOGOUT,2026-04-26 20:38:07
EVT0000036,CUST004121,NET BANKING,login,03/10/2026 02:59 AM
EVT0000037,CUST005172,MOBILE_APP,INITIATE_TRANSFER,04/22/2026 01:17 PM
EVT0000038,CUST004615,MOBILE_APP,login,2026-06-12 03:49:28
EVT0000039,CUST004819,MOBILE_APP,VIEW_BALANCE,2026-04-30 19:48:19
EVT0000040,CUST002820,MOBILE APP,VIEW_BALANCE,2026-07-22 11:36:48
EVT0000041,CUST004211,Mobile_App,INITIATE_TRANSFER,24-04-2026 11:12
EVT0000042,CUST001896,Net_Banking,LOGOUT,2026-04-25 09:22:42
EVT0000043,CUST004664,Net_Banking,VIEW_BALANCE,01/28/2026 07:36 AM
EVT0000044,CUST001356,MOBILE APP,INITIATE_TRANSFER,15-06-2026 07:17
EVT0000045,CUST004316,net_banking,VIEW_BALANCE,2026-05-25 06:02:43
EVT0000046,CUST004798,NET_BANKING,Initiate_Transfer,2026-01-08 11:37:19
EVT0000047,CUST004472,MOBILE_APP,LOGIN,2026-04-19 00:59:06
EVT0000048,CUST001541,MOBILE APP,Login,2026-03-28 12:58:48
EVT0000049,CUST002259,Net_Banking,INITIATE_TRANSFER,21-06-2026 11:55
EVT0000050,CUST001588,MOBILE_APP,initiate_transfer,2026-06-24 06:19:11
EVT0000051,CUST003044,mobile_app,Initiate_Transfer,06-02-2026 02:27
EVT0000052,CUST004569,Net_Banking,view_balance,2026-02-14 04:01:32
EVT0000053,CUST003963,MOBILE_APP,View_Balance,08-02-2026 08:58
EVT0000054,CUST002600,mobile_app,INITIATE_TRANSFER,07-01-2026 01:22
EVT0000055,CUST000086,MOBILE APP,VIEW_BALANCE,17-04-2026 02:30
EVT0000056,CUST003820,NET_BANKING,LOGIN ,30-07-2026 11:12
EVT0000057,CUST004720,MOBILE_APP,LOGOUT,2026-07-23 06:23:06
EVT0000058,CUST002732,Net_Banking,login,2026-01-27 03:39:36
EVT0000059,CUST003868,MOBILE APP,logout,2026-07-27 18:12:27
EVT0000060,CUST004510,MOBILE_APP,INITIATE_TRANSFER,2026-05-23 02:31:04
EVT0000061,CUST000495,Mobile_App,INITIATE_TRANSFER,2026-01-08 00:55:45
EVT0000062,CUST004568,NET_BANKING,LOGIN,07/10/2026 08:45 AM
EVT0000063,CUST001636,NET BANKING,INITIATE_TRANSFER,06/06/2026 19:28:28
EVT0000064,CUST003753,mobile_app,INITIATE_TRANSFER,02/06/2026 10:50 AM
EVT0000065,CUST002353,mobile_app, LOGOUT,2026-06-29 09:08:26
EVT0000066,CUST005196,net_banking,login,2026-04-24 12:13:34
EVT0000067,CUST001380,NET_BANKING, LOGOUT,2026-03-15 10:32:21
EVT0000068,CUST002421,net_banking,,03/06/2026 20:10:45
EVT0000069,CUST003462,MOBILE APP,View_Balance,2026-05-19 15:01:45
EVT0000070,CUST000974,MOBILE APP,INITIATE_TRANSFER,2026-06-22 18:36:09
EVT0000071,CUST000330,net_banking,INITIATE_TRANSFER,2026-07-13 07:30:57
EVT0000072,CUST003743,NET_BANKING,Initiate_Transfer,01/24/2026 02:18 PM
EVT0000073,CUST004232,MOBILE_APP,View_Balance,21/06/2026 16:59:20
EVT0000074,CUST004743,net_banking,INITIATE_TRANSFER,02/02/2026 17:54:25
EVT0000075,CUST003515,mobile_app,LOGIN,2026-06-23 18:13:53
EVT0000076,CUST004348,MOBILE_APP,LOGOUT,2026-06-21 00:13:53
EVT0000077,CUST002589,Mobile_App,Initiate_Transfer,18/01/2026 06:06:45
EVT0000078,CUST004699,MOBILE_APP,view_balance,13/04/2026 12:50:43
EVT0000079,CUST001511,Net_Banking,LOGIN ,11-02-2026 21:20
EVT0000080,CUST001000,MOBILE_APP,VIEW_BALANCE,2026-02-10 15:17:48
EVT0000081,CUST004512,MOBILE_APP,Initiate_Transfer,21/02/2026 06:30:36
EVT0000082,CUST004908,NET BANKING,LOGIN ,2026-04-19 19:06:46
EVT0000083,CUST002449,net_banking,VIEW_BALANCE,2026-07-28 15:27:01
EVT0000084,CUST001353,NET_BANKING,initiate_transfer,2026-07-08 12:14:18
EVT0000085,CUST004459,NET_BANKING,logout,2026-02-28 07:18:51
EVT0000086,CUST000575,NET_BANKING,View_Balance,14/02/2026 13:01:29
EVT0000087,CUST003355,mobile_app,LOGIN,05-06-2026 06:28
EVT0000088,CUST001336,NET_BANKING,initiate_transfer,2026-01-08 04:59:24
EVT0000089,CUST000569,NET_BANKING,View_Balance,12-03-2026 16:28
EVT0000090,CUST002434,Mobile_App,Logout,02-06-2026 22:37
EVT0000091,CUST004027,Mobile_App,LOGOUT,2026-03-23 00:49:35
EVT0000092,CUST004665,NET_BANKING,Login,2026-02-25 04:38:36
EVT0000093,CUST002360,net_banking,login,2026-03-19 15:46:52
EVT0000094,CUST005136,Mobile_App,LOGIN,30-06-2026 00:37
EVT0000095,CUST001893,net_banking,VIEW_BALANCE,2026-03-16 10:22:57
EVT0000096,CUST004618,NET_BANKING,View_Balance,2026-07-10 02:09:20
EVT0000097,CUST002436,MOBILE_APP,initiate_transfer,2026-02-07 18:35:30
EVT0000098,CUST000407,Mobile_App,INITIATE_TRANSFER,2026-04-14 08:09:34
EVT0000099,CUST002980,Net_Banking,LOGOUT,31/01/2026 20:58:45
EVT0000100,CUST000738,MOBILE_APP,View_Balance,2026-07-11 21:13:31
EVT0000101,CUST003910,NET BANKING,logout,2026-04-19 20:44:47
EVT0000102,CUST003090,net_banking,LOGIN,2026-07-18 05:20:49
EVT0000103,CUST002281,MOBILE_APP,VIEW_BALANCE,10-04-2026 08:43
EVT0000104,CUST001113,Net_Banking,VIEW_BALANCE,2026-02-06 22:15:25
EVT0000105,CUST004209,Mobile_App,LOGIN,2026-07-15 00:55:30
EVT0000106,CUST004593,mobile_app,initiate_transfer,06-05-2026 07:37
EVT0000107,CUST001859,net_banking, LOGOUT,2026-01-15 02:57:33
EVT0000108,CUST001775,,login,2026-05-09 21:32:48
EVT0000109,CUST001734,Net_Banking,INITIATE_TRANSFER,06/16/2026 10:05 PM
EVT0000110,CUST004978,NET_BANKING,VIEW_BALANCE,
EVT0000111,CUST001567,MOBILE_APP,Login,19-05-2026 13:29
EVT0000112,CUST003018,Mobile_App,LOGOUT,2026-05-12 07:03:25
EVT0000113,CUST003106,MOBILE_APP,login,2026-03-21 11:14:35
EVT0000114,CUST002039,Mobile_App,view_balance,2026-04-22 10:31:13
EVT0000115,CUST005099,mobile_app,login,01/05/2026 23:51:18
EVT0000116,CUST000989,MOBILE_APP,initiate_transfer,2026-03-11 00:37:52
EVT0000117,CUST001922,NET_BANKING,INITIATE_TRANSFER,2026-04-10 23:21:53
EVT0000118,CUST002970,NET BANKING,LOGOUT,2026-02-11 15:44:02
EVT0000119,CUST000611,Mobile_App,logout,19/02/2026 18:19:39
EVT0000120,CUST001650,NET_BANKING,View_Balance,2026-04-11 03:30:56
EVT0000121,CUST000630,net_banking,VIEW_BALANCE,17-04-2026 21:16
EVT0000122,CUST003701,NET_BANKING,LOGOUT,2026-04-26 01:03:29
EVT0000123,CUST001548,NET_BANKING,view_balance,2026-04-17 22:09:04
EVT0000124,CUST000910,MOBILE_APP,initiate_transfer,2026-02-25 03:08:15
EVT0000125,CUST004184,MOBILE APP,LOGOUT,13-05-2026 04:25
EVT0000126,CUST000018,NET_BANKING,VIEW_BALANCE,2026-01-25 00:21:25
EVT0000127,CUST002050,net_banking,view_balance,2026-06-21 15:33:13
EVT0000128,CUST001751,NET_BANKING,LOGOUT,2026-06-28 05:07:50
EVT0000129,CUST000967,MOBILE_APP,View_Balance,16/03/2026 02:27:23
EVT0000130,CUST002127,mobile_app,VIEW_BALANCE,2026-06-11 19:41:10
EVT0000131,CUST003129,Mobile_App,Logout,30/06/2026 12:07:31
EVT0000132,CUST004448,MOBILE_APP, LOGOUT,03-03-2026 13:01
EVT0000133,CUST001272,Net_Banking,View_Balance,2026-06-07 15:37:07
EVT0000134,CUST004850,MOBILE APP,LOGOUT,26/02/2026 07:12:24
EVT0000135,CUST001210,MOBILE APP,View_Balance,15-07-2026 01:44
EVT0000136,CUST002908,Net_Banking,LOGIN,2026-07-30 16:21:21
EVT0000137,CUST003159,NET BANKING,INITIATE_TRANSFER,10-03-2026 13:52
EVT0000138,CUST002640,NET BANKING,view_balance,16-05-2026 00:02
EVT0000139,CUST000997,NET_BANKING,view_balance,2026-06-22 23:38:23
EVT0000140,CUST000978,Net_Banking,Login,01-01-2026 17:59
EVT0000141,CUST000722,NET_BANKING,View_Balance,21-02-2026 20:42
EVT0000142,CUST002150,mobile_app,Login,02/05/2026 12:59 PM
EVT0000143,CUST004980,NET_BANKING,Logout,30/04/2026 17:42:35
EVT0000144,CUST003472,mobile_app,view_balance,2026-06-28 03:31:58
EVT0000145,CUST003713,MOBILE_APP, LOGOUT,2026-02-23 07:44:02
EVT0000146,CUST003016,MOBILE_APP, LOGOUT,02-02-2026 05:16
EVT0000147,CUST003544,Mobile_App,INITIATE_TRANSFER,16-07-2026 16:13
EVT0000148,CUST002976,MOBILE APP,Initiate_Transfer,07-03-2026 19:51
EVT0000149,CUST003954,MOBILE_APP,Initiate_Transfer,05/05/2026 03:29:04
EVT0000150,CUST001115,MOBILE_APP,LOGOUT,2026-02-12 23:11:59
EVT0000151,CUST004614,net_banking,INITIATE_TRANSFER,16-06-2026 09:30
EVT0000152,CUST000420,MOBILE_APP,Initiate_Transfer,05-07-2026 05:55
EVT0000153,CUST004878,NET_BANKING,LOGOUT,16-05-2026 02:58
EVT0000154,CUST003873,NET BANKING,view_balance,2026-07-10 20:00:04
EVT0000155,CUST001742,net_banking,LOGOUT,2026-07-18 14:13:05
EVT0000156,CUST003739,NET BANKING,Login,2026-01-26 22:09:16
EVT0000157,CUST002720,NET_BANKING,logout,2026-06-23 06:07:12
EVT0000158,CUST003419,MOBILE_APP,,26/05/2026 02:59:23
EVT0000159,CUST004563,MOBILE APP,View_Balance,03-02-2026 13:26
EVT0000160,CUST004635,Net_Banking,LOGIN ,2026-06-15 22:10:28
EVT0000161,CUST002113,mobile_app,LOGIN,30-03-2026 20:03
EVT0000162,CUST000872,Mobile_App,Initiate_Transfer,12-04-2026 01:26
EVT0000163,CUST003599,MOBILE_APP,LOGIN,12/01/2026 16:20:45
EVT0000164,CUST001871,NET_BANKING, LOGOUT,2026-02-17 22:02:46
EVT0000165,CUST001681,Net_Banking,LOGIN ,12-01-2026 07:43
EVT0000166,CUST000615,mobile_app,logout,05-01-2026 16:48
EVT0000167,CUST000505,NET_BANKING,INITIATE_TRANSFER,2026-04-23 12:48:06
EVT0000168,CUST004427,MOBILE_APP,INITIATE_TRANSFER,07-02-2026 18:29
EVT0000169,CUST000334,NET BANKING,VIEW_BALANCE,2026-02-09 07:46:46
EVT0000170,CUST002383,NET_BANKING,INITIATE_TRANSFER,2026-02-01 03:58:58
EVT0000171,CUST000647,NET BANKING,LOGIN,21/02/2026 17:55:48
EVT0000172,CUST004420,Mobile_App,view_balance,21/03/2026 11:29:18
EVT0000173,CUST005050,NET BANKING,LOGOUT,06/08/2026 10:37 PM
EVT0000174,CUST002199,net_banking,initiate_transfer,25/03/2026 14:01:59
EVT0000175,CUST004028,Net_Banking,VIEW_BALANCE,09/04/2026 05:09:08
EVT0000176,CUST004980,NET BANKING, LOGOUT,26/06/2026 12:54:42
EVT0000177,CUST002052,MOBILE_APP,VIEW_BALANCE,2026-07-04 04:44:32
EVT0000178,CUST002537,Net_Banking,LOGIN,06/01/2026 02:02:22
EVT0000179,CUST004159,mobile_app,LOGIN,2026-07-29 14:12:07
EVT0000180,CUST001795,NET BANKING,LOGIN,2026-01-02 06:27:40
EVT0000181,CUST002271,Net_Banking,VIEW_BALANCE,2026-07-02 11:57:54
EVT0000182,CUST000527,NET_BANKING,LOGIN,21-05-2026 16:33
EVT0000183,CUST001081,Net_Banking,VIEW_BALANCE,2026-05-19 12:41:54
EVT0000184,CUST001415,,logout,2026-02-11 11:33:08
EVT0000185,CUST003648,MOBILE_APP,Initiate_Transfer,16-06-2026 20:18
EVT0000186,CUST001556,Mobile_App,Initiate_Transfer,28-01-2026 21:41
EVT0000187,CUST004033,MOBILE_APP,LOGIN ,2026-01-16 20:04:19
EVT0000188,CUST003698,MOBILE_APP,View_Balance,17-03-2026 00:44
EVT0000189,CUST002609,MOBILE_APP,INITIATE_TRANSFER,15-05-2026 17:49
EVT0000190,CUST004708,NET_BANKING,Logout,17/06/2026 14:37:31
EVT0000191,CUST001863,NET BANKING,LOGIN,2026-07-16 01:45:32
EVT0000192,CUST000385,net_banking,Login,22/05/2026 03:53:20
EVT0000193,CUST005191,NET_BANKING,INITIATE_TRANSFER,2026-07-01 22:34:54
EVT0000194,CUST003330,NET_BANKING,Initiate_Transfer,2026-05-29 09:22:38
EVT0000195,CUST003981,MOBILE_APP,LOGOUT,12/07/2026 10:11:25
EVT0000196,CUST000234,net_banking,VIEW_BALANCE,2026-06-19 06:34:14
EVT0000197,CUST003163,mobile_app,VIEW_BALANCE,2026-04-14 03:03:43
EVT0000198,CUST002386,net_banking, LOGOUT,05/09/2026 08:42 PM
EVT0000199,CUST004985,MOBILE_APP,LOGIN,13/01/2026 06:10:57
EVT0000200,CUST000778,NET BANKING,View_Balance,26-07-2026 14:31
EVT0000201,CUST002868,Mobile_App,View_Balance,01-05-2026 02:12
EVT0000202,CUST002386,mobile_app,login,31-05-2026 03:15
EVT0000203,CUST000781,NET_BANKING,VIEW_BALANCE,2026-01-07 03:54:50
EVT0000204,CUST003611,NET_BANKING,login,2026-06-03 06:27:29
EVT0000205,CUST004102,MOBILE APP, LOGOUT,21-02-2026 04:10
EVT0000206,CUST000793,NET_BANKING,login,2026-04-17 23:55:19
EVT0000207,CUST002700,MOBILE_APP,logout,28/05/2026 06:41:39
EVT0000208,CUST003208,NET_BANKING,initiate_transfer,04-02-2026 16:34
EVT0000209,CUST000368,NET BANKING,INITIATE_TRANSFER,2026-06-01 00:36:40
EVT0000210,CUST004067,MOBILE_APP,LOGIN ,2026-05-05 07:52:40
EVT0000211,CUST001005,net_banking, LOGOUT,2026-07-04 07:17:16
EVT0000212,CUST000555,Net_Banking,Initiate_Transfer,2026-04-06 17:04:11
EVT0000213,CUST004538,MOBILE APP,View_Balance,2026-02-04 23:24:21
EVT0000214,CUST002488,mobile_app,initiate_transfer,2026-05-10 08:46:07
EVT0000215,CUST004935,MOBILE_APP,LOGIN ,2026-05-28 12:49:01
EVT0000216,CUST002300,net_banking,LOGIN,26-01-2026 06:36
EVT0000217,CUST000558,NET_BANKING,VIEW_BALANCE,2026-07-30 11:27:58
EVT0000218,CUST003506,NET_BANKING,LOGIN,06-07-2026 06:01
EVT0000219,CUST001862,Net_Banking,view_balance,2026-03-10 15:55:42
EVT0000220,CUST003172,MOBILE APP,LOGIN,08/05/2026 07:58:25
EVT0000221,CUST001275,MOBILE APP,view_balance,18-01-2026 12:30
EVT0000222,CUST001925,MOBILE APP,initiate_transfer,2026-06-29 06:37:30
EVT0000223,CUST005165,NET_BANKING,Initiate_Transfer,2026-07-05 22:22:20
EVT0000224,CUST004990,NET_BANKING,Logout,2026-01-31 22:02:58
EVT0000225,CUST000192,Net_Banking,View_Balance,10/04/2026 06:38:53
EVT0000226,CUST002795,Mobile_App,view_balance,2026-02-27 10:33:13
EVT0000227,CUST003533,MOBILE_APP,,2026-06-16 01:11:42
EVT0000228,CUST001862,MOBILE_APP,view_balance,22-03-2026 05:58
EVT0000229,CUST003445,NET BANKING,VIEW_BALANCE,24-05-2026 20:40
EVT0000230,CUST001244,MOBILE_APP,LOGIN ,2026-01-19 23:07:54
EVT0000231,CUST001748,MOBILE_APP,LOGIN,02-02-2026 00:33
EVT0000232,CUST003464,,view_balance,16-07-2026 16:35
EVT0000233,CUST002179,MOBILE_APP,LOGOUT,07/04/2026 08:52:52
EVT0000234,CUST004597,Mobile_App,logout,2026-06-19 04:25:56
EVT0000235,CUST004559,NET BANKING,Initiate_Transfer,2026-04-17 04:03:34
EVT0000236,CUST002822,Net_Banking,LOGIN ,2026-07-03 05:28:44
EVT0000237,CUST000332,Net_Banking,VIEW_BALANCE,13-04-2026 09:03
EVT0000238,CUST000743,net_banking,view_balance,2026-02-11 20:26:15
EVT0000239,CUST002926,net_banking,Login,06/04/2026 17:15:35
EVT0000240,CUST002066,Net_Banking,logout,15-03-2026 02:53
EVT0000241,CUST003413,MOBILE_APP,LOGOUT,2026-01-28 07:49:51
EVT0000242,CUST004859,net_banking,Initiate_Transfer,2026-06-01 01:37:25
EVT0000243,CUST004795,MOBILE APP,initiate_transfer,2026-07-07 17:33:47
EVT0000244,CUST002104,MOBILE_APP,View_Balance,2026-06-12 06:07:29
EVT0000245,CUST004269,Net_Banking,INITIATE_TRANSFER,2026-04-27 20:33:05
EVT0000246,CUST002223,NET BANKING,LOGOUT,2026-07-12 12:39:59
EVT0000247,CUST002591,net_banking,view_balance,18-06-2026 09:44
EVT0000248,CUST000298,NET_BANKING,LOGIN,2026-01-14 14:32:45
EVT0000249,CUST003585,NET_BANKING,LOGIN ,2026-06-27 06:47:56
EVT0000250,CUST000244,MOBILE_APP,INITIATE_TRANSFER,02-07-2026 12:02
EVT0000251,CUST003989,NET BANKING,VIEW_BALANCE,2026-07-16 17:34:56
EVT0000252,CUST000166,mobile_app,LOGIN,22/07/2026 05:28:38
EVT0000253,CUST001247,NET_BANKING,VIEW_BALANCE,22/07/2026 00:25:44
EVT0000254,CUST002757,net_banking,initiate_transfer,2026-01-13 10:09:14
EVT0000255,CUST000152,MOBILE_APP, LOGOUT,2026-03-05 23:11:11
EVT0000256,CUST000379,MOBILE APP,initiate_transfer,20-06-2026 19:26
EVT0000257,CUST000611,mobile_app,INITIATE_TRANSFER,12-02-2026 17:13
EVT0000258,CUST004411,mobile_app,View_Balance,2026-04-13 04:41:05
EVT0000259,CUST000856,NET BANKING,Initiate_Transfer,31/03/2026 16:03:09
EVT0000260,CUST003776,Mobile_App,LOGOUT,26-06-2026 19:49
EVT0000261,CUST004916,mobile_app,VIEW_BALANCE,2026-07-19 03:18:58
EVT0000262,CUST000881,Net_Banking,VIEW_BALANCE,2026-06-25 10:54:40
EVT0000263,CUST000166,NET_BANKING,initiate_transfer,2026-06-03 07:48:01
EVT0000264,CUST003014,mobile_app,logout,05/12/2026 06:24 PM
EVT0000265,CUST004105,NET_BANKING,INITIATE_TRANSFER,01/02/2026 11:11 AM
EVT0000266,CUST004890,NET BANKING,initiate_transfer,2026-01-02 18:32:42
EVT0000267,CUST003423,net_banking,view_balance,2026-03-17 14:35:18
EVT0000268,CUST004047,MOBILE APP,VIEW_BALANCE,07/18/2026 04:01 PM
EVT0000269,CUST001994,MOBILE_APP,view_balance,2026-04-19 22:13:05
EVT0000270,CUST000670,NET_BANKING,Logout,2026-07-07 02:41:45
EVT0000271,CUST002634,NET_BANKING,VIEW_BALANCE,2026-05-08 17:56:20
EVT0000272,CUST003129,NET BANKING,INITIATE_TRANSFER,26-05-2026 09:00
EVT0000273,CUST002350,MOBILE_APP,VIEW_BALANCE,27-03-2026 18:44
EVT0000274,CUST000771,NET_BANKING,INITIATE_TRANSFER,2026-07-19 12:28:11
EVT0000275,CUST003779,Mobile_App,INITIATE_TRANSFER,06-06-2026 12:35
EVT0000276,CUST004028,MOBILE APP,INITIATE_TRANSFER,03/05/2026 06:29:42
EVT0000277,CUST001238,mobile_app,INITIATE_TRANSFER,2026-01-03 03:15:25
EVT0000278,CUST002205,NET_BANKING,LOGIN,2026-03-16 01:56:09
EVT0000279,CUST000139,mobile_app,LOGIN ,04/18/2026 08:54 PM
EVT0000280,CUST001891,Net_Banking, LOGOUT,2026-01-03 20:38:15
EVT0000281,CUST004344,MOBILE_APP,Initiate_Transfer,2026-02-17 01:16:17
EVT0000282,CUST000828,MOBILE APP,LOGOUT,
EVT0000283,CUST003131,NET_BANKING,LOGIN,2026-03-12 13:12:16
EVT0000284,CUST001353,NET_BANKING,VIEW_BALANCE,03-03-2026 09:21
EVT0000285,CUST000992,MOBILE APP,View_Balance,17/07/2026 00:11:41
EVT0000286,CUST001529,NET_BANKING,VIEW_BALANCE,15-04-2026 09:15
EVT0000287,CUST000695,NET_BANKING,LOGIN ,2026-05-12 20:00:32
EVT0000288,CUST000753,Mobile_App,INITIATE_TRANSFER,2026-07-29 19:06:05
EVT0000289,CUST002022,NET_BANKING,INITIATE_TRANSFER,07/01/2026 09:05 PM
EVT0000290,CUST000711,net_banking,LOGIN ,2026-02-09 19:44:01
EVT0000291,CUST001713,mobile_app,LOGIN,
EVT0000292,CUST002472,MOBILE_APP,initiate_transfer,12-01-2026 12:43
EVT0000293,CUST001544,mobile_app,INITIATE_TRANSFER,21-03-2026 10:47
EVT0000294,CUST001035,Mobile_App,logout,06/02/2026 17:34:57
EVT0000295,CUST000588,mobile_app,Initiate_Transfer,2026-02-07 15:21:57
EVT0000296,CUST004723,NET_BANKING,VIEW_BALANCE,2026-03-06 02:38:14
EVT0000297,CUST003725,mobile_app,login,2026-07-17 21:32:47
EVT0000298,CUST003580,MOBILE APP,LOGIN,2026-02-24 18:00:55
EVT0000299,CUST000370,NET_BANKING,login,21-07-2026 21:34
EVT0000300,CUST000498,Mobile_App,VIEW_BALANCE,2026-07-29 23:39:01
EVT0000301,CUST000147,NET_BANKING,view_balance,20/04/2026 23:38:00
EVT0000302,CUST002798,Net_Banking,LOGOUT,26-02-2026 12:56
EVT0000303,CUST004616,Mobile_App,View_Balance,2026-05-20 13:16:20
EVT0000304,CUST001708,MOBILE APP, LOGOUT,18-07-2026 00:26
EVT0000305,CUST000413,MOBILE_APP,VIEW_BALANCE,2026-06-05 09:09:49
EVT0000306,CUST000080,Mobile_App,Initiate_Transfer,2026-05-22 14:18:05
EVT0000307,CUST002106,MOBILE APP,Login,26-04-2026 05:02
EVT0000308,CUST002465,MOBILE_APP,Initiate_Transfer,2026-02-03 17:37:38
EVT0000309,CUST000593,mobile_app,Initiate_Transfer,2026-02-21 00:29:02
EVT0000310,CUST001153,NET BANKING,INITIATE_TRANSFER,
EVT0000311,CUST002280,Net_Banking,initiate_transfer,28-05-2026 12:20
EVT0000312,CUST003558,MOBILE APP,,11-05-2026 15:42
EVT0000313,CUST001318,NET_BANKING,LOGIN ,2026-04-20 15:36:16
EVT0000314,CUST000863,mobile_app,Logout,2026-05-24 05:50:49
EVT0000315,CUST003490,MOBILE_APP,INITIATE_TRANSFER,2026-01-16 17:49:39
EVT0000316,CUST002420,mobile_app,Initiate_Transfer,21/04/2026 23:03:10
EVT0000317,CUST003195,NET_BANKING,VIEW_BALANCE,29/05/2026 18:42:10
EVT0000318,CUST003888,Net_Banking,LOGOUT,14/06/2026 09:56:02
EVT0000319,CUST003222,net_banking,login,2026-05-29 16:20:49
EVT0000320,CUST000939,NET_BANKING, LOGOUT,28-06-2026 11:36
EVT0000321,CUST005045,Mobile_App,LOGOUT,2026-04-21 01:19:07
EVT0000322,CUST001411,NET_BANKING,VIEW_BALANCE,2026-04-21 11:06:03
EVT0000323,CUST000567,NET_BANKING,view_balance,2026-01-22 16:05:27
EVT0000324,CUST004406,net_banking,Login,2026-05-11 00:25:54
EVT0000325,CUST004487,mobile_app,Initiate_Transfer,29-07-2026 18:29
EVT0000326,CUST005142,NET_BANKING,initiate_transfer,2026-07-11 20:27:33
EVT0000327,CUST003039,net_banking,LOGIN,20-03-2026 17:18
EVT0000328,CUST001068,net_banking,LOGOUT,2026-02-25 01:00:38
EVT0000329,CUST003173,net_banking,VIEW_BALANCE,01/18/2026 04:42 AM
EVT0000330,CUST004079,NET_BANKING,view_balance,2026-06-23 07:40:17
EVT0000331,CUST003765,net_banking,LOGOUT,11/01/2026 21:07:23
EVT0000332,CUST000902,MOBILE_APP,Initiate_Transfer,2026-03-09 16:32:32
EVT0000333,CUST000716,net_banking,view_balance,24-07-2026 00:16
EVT0000334,CUST004878,net_banking,LOGIN ,21-07-2026 16:56
EVT0000335,CUST000103,MOBILE_APP,initiate_transfer,2026-07-07 16:41:46
EVT0000336,CUST002036,MOBILE APP,LOGIN ,30-07-2026 21:56
EVT0000337,CUST004659,NET_BANKING,initiate_transfer,2026-02-03 13:50:40
EVT0000338,CUST000111,Net_Banking,VIEW_BALANCE,22/01/2026 08:33:46
EVT0000339,CUST000801,NET_BANKING,LOGIN,2026-06-04 07:46:41
EVT0000340,CUST002863,MOBILE APP,LOGIN,19-07-2026 23:31
EVT0000341,CUST000050,net_banking,Logout,09-04-2026 06:56
EVT0000342,CUST001387,NET BANKING,LOGOUT,29-07-2026 02:50
EVT0000343,CUST003756,Mobile_App,Initiate_Transfer,30/07/2026 06:24:55
EVT0000344,CUST005060,Mobile_App,LOGOUT,18-02-2026 11:22
EVT0000345,CUST001084,NET_BANKING,initiate_transfer,08/03/2026 04:33:05
EVT0000346,CUST003292,NET_BANKING,Login,20/07/2026 17:34:01
EVT0000347,CUST003587,NET_BANKING,LOGOUT,03/19/2026 03:39 AM
EVT0000348,CUST002885,NET BANKING, LOGOUT,2026-05-10 11:45:05
EVT0000349,CUST005184,MOBILE_APP,LOGIN,02/16/2026 09:32 AM
EVT0000350,CUST004993,MOBILE_APP,LOGOUT,2026-04-03 16:04:36
EVT0000351,CUST003029,NET_BANKING,VIEW_BALANCE,2026-05-06 07:44:28
EVT0000352,CUST000565,MOBILE APP, LOGOUT,25-06-2026 02:05
EVT0000353,CUST004188,NET_BANKING,Initiate_Transfer,08/05/2026 03:01:28
EVT0000354,CUST000977,mobile_app,login,2026-05-30 18:21:59
EVT0000355,CUST003809,Net_Banking,INITIATE_TRANSFER,11/07/2026 09:16:02
EVT0000356,CUST000926,net_banking,LOGOUT,2026-02-01 11:55:44
EVT0000357,CUST000646,MOBILE_APP,VIEW_BALANCE,2026-06-04 23:40:14
EVT0000358,CUST002320,NET_BANKING,LOGIN ,2026-01-17 09:43:37
EVT0000359,CUST002227,MOBILE_APP,INITIATE_TRANSFER,24/04/2026 08:16:26
EVT0000360,CUST000817,mobile_app,VIEW_BALANCE,26/01/2026 07:39:36
EVT0000361,CUST005187,net_banking,LOGOUT,2026-04-13 16:13:53
EVT0000362,CUST003953,net_banking,VIEW_BALANCE,
EVT0000363,CUST004138,net_banking,Logout,2026-05-13 16:31:29
EVT0000364,CUST001369,net_banking,Initiate_Transfer,2026-04-09 12:49:42
EVT0000365,CUST005192,Net_Banking,LOGIN ,2026-07-31 05:53:08
EVT0000366,CUST003730,NET BANKING,VIEW_BALANCE,22-07-2026 08:24
EVT0000367,CUST000406,mobile_app,VIEW_BALANCE,21-05-2026 01:51
EVT0000368,CUST003471,MOBILE_APP,INITIATE_TRANSFER,2026-07-19 22:01:39
EVT0000369,CUST002749,NET BANKING,INITIATE_TRANSFER,25-03-2026 23:14
EVT0000370,CUST000068,NET_BANKING,LOGOUT,01/31/2026 09:19 PM
EVT0000371,CUST004059,Mobile_App, LOGOUT,2026-05-01 09:42:24
EVT0000372,CUST004799,Mobile_App,INITIATE_TRANSFER,03-01-2026 14:02
EVT0000373,CUST004685,MOBILE_APP,VIEW_BALANCE,2026-01-16 10:20:09
EVT0000374,CUST003186,NET BANKING,LOGOUT,19/04/2026 14:01:45
EVT0000375,CUST004081,Mobile_App, LOGOUT,05/02/2026 05:54 AM
EVT0000376,CUST000970,Mobile_App,VIEW_BALANCE,11/03/2026 05:22:49
EVT0000377,CUST000262,Mobile_App, LOGOUT,11/05/2026 21:05:09
EVT0000378,CUST004520,net_banking,view_balance,2026-01-11 22:05:52
EVT0000379,CUST000791,MOBILE_APP,LOGOUT,2026-04-17 16:36:05
EVT0000380,CUST004155,Net_Banking,LOGIN ,26-01-2026 18:12
EVT0000381,CUST001667,mobile_app,VIEW_BALANCE,2026-03-27 05:33:44
EVT0000382,CUST004852,NET_BANKING,VIEW_BALANCE,2026-07-17 21:44:34
EVT0000383,CUST002012,mobile_app,VIEW_BALANCE,10/07/2026 01:51:30
EVT0000384,CUST000802,mobile_app, LOGOUT,06/23/2026 07:08 AM
EVT0000385,CUST000578,Mobile_App,logout,2026-02-16 07:03:16
EVT0000386,CUST002588,MOBILE APP,LOGOUT,2026-06-30 10:38:24
EVT0000387,CUST000912,MOBILE APP,LOGIN ,31-03-2026 12:30
EVT0000388,CUST002200,MOBILE_APP,LOGIN ,2026-03-29 06:21:02
EVT0000389,CUST004442,Net_Banking,View_Balance,24/01/2026 14:26:56
EVT0000390,CUST004171,NET BANKING,Login,21-05-2026 17:48
EVT0000391,CUST001468,net_banking,initiate_transfer,30-03-2026 08:30
EVT0000392,CUST004592,Mobile_App,VIEW_BALANCE,02/03/2026 08:07 PM
EVT0000393,CUST001638,mobile_app,view_balance,2026-01-21 04:01:11
EVT0000394,CUST002452,Net_Banking,LOGIN,2026-04-26 04:55:02
EVT0000395,CUST002921,MOBILE APP,Login,2026-07-16 20:06:50
EVT0000396,CUST002262,MOBILE APP,,2026-05-02 14:35:14
EVT0000397,CUST003665,MOBILE_APP,login,2026-04-22 01:26:00
EVT0000398,CUST001247,MOBILE_APP,initiate_transfer,2026-04-23 18:59:29
EVT0000399,CUST001256,MOBILE_APP,Initiate_Transfer,10/06/2026 23:56:17
EVT0000400,CUST003446,NET_BANKING,LOGOUT,27/01/2026 01:31:42
EVT0000401,CUST003070,net_banking,INITIATE_TRANSFER,07/25/2026 05:59 AM
EVT0000402,CUST002808,NET BANKING,view_balance,2026-02-09 22:23:38
EVT0000403,CUST004558,net_banking,login,2026-02-01 09:51:03
EVT0000404,CUST002696,Mobile_App,LOGIN ,2026-06-16 17:42:28
EVT0000405,CUST003822,NET_BANKING,LOGOUT,2026-07-05 04:17:29
EVT0000406,CUST001449,MOBILE_APP,Login,28-01-2026 04:12
EVT0000407,CUST000366,Net_Banking,INITIATE_TRANSFER,17/03/2026 05:19:11
EVT0000408,CUST004440,NET_BANKING,initiate_transfer,2026-02-01 23:00:05
EVT0000409,CUST003768,NET_BANKING,view_balance,2026-06-14 11:47:30
EVT0000410,CUST002254,NET_BANKING,view_balance,24/05/2026 18:31:46
EVT0000411,CUST001286,mobile_app,VIEW_BALANCE,01/21/2026 06:33 AM
EVT0000412,CUST001902,NET_BANKING,initiate_transfer,2026-01-13 02:10:52
EVT0000413,CUST003228,MOBILE APP,LOGIN,01-06-2026 16:53
EVT0000414,CUST001574,NET BANKING,INITIATE_TRANSFER,2026-04-07 22:41:21
EVT0000415,CUST002310,NET BANKING,View_Balance,18-02-2026 09:02
EVT0000416,CUST000925,MOBILE_APP,LOGOUT,20-02-2026 12:52
EVT0000417,CUST001844,mobile_app,LOGIN,2026-07-03 09:54:25
EVT0000418,CUST002340,NET_BANKING,Initiate_Transfer,2026-05-17 15:48:15
EVT0000419,CUST000924,mobile_app,login,03-03-2026 10:01
EVT0000420,CUST005031,Mobile_App,login,03/07/2026 07:06:41
EVT0000421,CUST004629,net_banking,view_balance,2026-01-01 05:05:44
EVT0000422,CUST002568,Net_Banking,INITIATE_TRANSFER,2026-05-24 14:10:52
EVT0000423,CUST001701,mobile_app,INITIATE_TRANSFER,2026-04-10 07:20:22
EVT0000424,CUST003902,MOBILE_APP, LOGOUT,2026-01-29 09:29:00
EVT0000425,CUST001984,NET BANKING,LOGIN,02/25/2026 08:14 PM
EVT0000426,CUST004186,NET_BANKING,LOGIN,2026-01-07 13:15:44
EVT0000427,CUST001934,NET_BANKING,INITIATE_TRANSFER,2026-07-11 21:06:20
EVT0000428,CUST004095,mobile_app,logout,
EVT0000429,CUST004682,MOBILE_APP,Login,08-07-2026 02:42
EVT0000430,CUST002684,Mobile_App,Initiate_Transfer,08-06-2026 21:29
EVT0000431,CUST002705,NET_BANKING,login,2026-05-21 14:01:36
EVT0000432,CUST004909,mobile_app,INITIATE_TRANSFER,2026-02-07 07:34:20
EVT0000433,CUST002148,MOBILE APP,initiate_transfer,22-05-2026 04:10
EVT0000434,CUST000963,Net_Banking,login,05-04-2026 17:55
EVT0000435,CUST001069,mobile_app,LOGOUT,2026-06-26 18:01:00
EVT0000436,CUST004524,NET BANKING,Logout,07-02-2026 06:40
EVT0000437,CUST004480,NET_BANKING,VIEW_BALANCE,13-05-2026 10:10
EVT0000438,CUST003878,NET_BANKING,INITIATE_TRANSFER,18/03/2026 07:51:47
EVT0000439,CUST005080,MOBILE_APP,Logout,2026-01-09 08:33:34
EVT0000440,CUST001409,mobile_app,INITIATE_TRANSFER,2026-01-12 05:59:38
EVT0000441,CUST001455,NET_BANKING,LOGIN,01/03/2026 16:18:27
EVT0000442,CUST000447,MOBILE_APP,VIEW_BALANCE,03-05-2026 11:53
EVT0000443,CUST003619,NET_BANKING,View_Balance,2026-03-18 13:59:11
EVT0000444,CUST004352,MOBILE_APP,INITIATE_TRANSFER,2026-05-08 02:50:42
EVT0000445,CUST000561,MOBILE APP,VIEW_BALANCE,2026-07-06 11:25:44
EVT0000446,CUST004600,MOBILE_APP,VIEW_BALANCE,19-03-2026 05:05
EVT0000447,CUST003403,NET_BANKING,LOGIN,22/06/2026 00:25:51
EVT0000448,CUST001463,Mobile_App,LOGIN ,2026-02-01 01:27:12
EVT0000449,CUST003781,Mobile_App,INITIATE_TRANSFER,25/01/2026 13:12:00
EVT0000450,CUST002645,Mobile_App,View_Balance,2026-01-30 10:36:44
EVT0000451,CUST004127,Net_Banking,view_balance,2026-01-17 03:14:46
EVT0000452,CUST003974,,Login,2026-04-04 10:41:55
EVT0000453,CUST000881,MOBILE_APP,Login,29-05-2026 03:15
EVT0000454,CUST000991,Net_Banking,LOGIN,30-03-2026 07:16
EVT0000455,CUST001962,NET BANKING,view_balance,03/30/2026 11:35 AM
EVT0000456,CUST002468,NET BANKING,Login,31-03-2026 03:36
EVT0000457,CUST002523,,login,19-05-2026 06:37
EVT0000458,CUST003090,NET_BANKING,Initiate_Transfer,2026-01-29 08:57:51
EVT0000459,CUST003689,NET_BANKING,login,2026-05-21 03:19:20
EVT0000460,CUST003551,mobile_app,LOGOUT,2026-04-21 16:57:06
EVT0000461,CUST002048,mobile_app,INITIATE_TRANSFER,2026-07-25 10:00:05
EVT0000462,CUST002637,NET BANKING, LOGOUT,15/02/2026 05:14:22
EVT0000463,CUST000006,MOBILE APP,initiate_transfer,24-01-2026 14:25
EVT0000464,CUST004300,Mobile_App,INITIATE_TRANSFER,2026-04-12 19:28:59
EVT0000465,CUST001378,net_banking,View_Balance,2026-07-22 20:14:13
EVT0000466,CUST004377,MOBILE_APP,INITIATE_TRANSFER,11/05/2026 22:43:00
EVT0000467,CUST005057,mobile_app,LOGOUT,27-07-2026 03:33
EVT0000468,CUST003372,mobile_app,LOGIN,05/04/2026 04:16:27
EVT0000469,CUST005126,NET BANKING, LOGOUT,23-07-2026 16:28
EVT0000470,CUST004683,MOBILE_APP,logout,05-05-2026 02:25
EVT0000471,CUST000425,mobile_app,INITIATE_TRANSFER,2026-04-16 14:09:19
EVT0000472,CUST003235,Mobile_App,login,01/11/2026 05:10 AM
EVT0000473,CUST002977,NET_BANKING,LOGOUT,2026-04-13 06:23:06
EVT0000474,CUST002156,MOBILE APP,INITIATE_TRANSFER,2026-02-10 10:40:05
EVT0000475,CUST001564,NET BANKING,VIEW_BALANCE,2026-01-06 18:47:12
EVT0000476,CUST001595,MOBILE_APP,View_Balance,07/24/2026 02:40 PM
EVT0000477,CUST000161,NET BANKING,INITIATE_TRANSFER,2026-02-01 23:50:42
EVT0000478,CUST002407,net_banking,initiate_transfer,26/03/2026 18:11:44
EVT0000479,CUST000255,mobile_app,VIEW_BALANCE,26/02/2026 05:01:39
EVT0000480,CUST000283,MOBILE_APP,view_balance,2026-03-09 09:26:57
EVT0000481,CUST003487,NET BANKING,Logout,10-02-2026 09:09
EVT0000482,CUST004914,NET_BANKING,login,2026-07-01 01:41:29
EVT0000483,CUST004217,NET BANKING,VIEW_BALANCE,
EVT0000484,CUST005185,mobile_app,LOGIN,2026-06-28 02:01:06
EVT0000485,CUST004842,mobile_app,login,2026-05-21 00:05:32
EVT0000486,CUST004308,mobile_app,login,2026-06-25 00:32:35
EVT0000487,CUST002796,mobile_app,INITIATE_TRANSFER,07/05/2026 09:27 PM
EVT0000488,CUST003433,NET_BANKING,View_Balance,2026-04-17 02:24:40
EVT0000489,CUST001500,Net_Banking,LOGIN,2026-06-25 17:59:00
EVT0000490,CUST003578,NET_BANKING,LOGIN,2026-07-17 02:43:55
EVT0000491,CUST004259,MOBILE_APP,LOGOUT,2026-06-02 13:20:18
EVT0000492,CUST003645,MOBILE_APP, LOGOUT,23-07-2026 21:42
EVT0000493,CUST001093,NET BANKING,LOGOUT,2026-03-27 02:07:50
EVT0000494,CUST003886,NET_BANKING,LOGIN,27/07/2026 02:07:20
EVT0000495,CUST002979,MOBILE_APP,initiate_transfer,24-02-2026 02:30
EVT0000496,CUST001478,NET_BANKING, LOGOUT,14/06/2026 08:08:53
EVT0000497,CUST002928,Net_Banking,Login,02-02-2026 13:46
EVT0000498,CUST003626,NET BANKING,view_balance,2026-06-11 04:10:29
EVT0000499,CUST000645,Mobile_App,logout,2026-04-27 19:54:16
EVT0000500,CUST001116,MOBILE_APP,LOGIN ,2026-05-27 23:53:10
EVT0000501,CUST004841,MOBILE_APP,view_balance,2026-03-10 12:36:41
EVT0000502,CUST000691,MOBILE_APP,LOGIN,2026-06-10 06:41:53
EVT0000503,CUST002355,NET BANKING,view_balance,2026-04-19 09:48:16
EVT0000504,CUST002375,net_banking,Initiate_Transfer,2026-06-19 00:02:59
EVT0000505,CUST003741,NET_BANKING,VIEW_BALANCE,2026-02-12 20:44:18
EVT0000506,CUST004800,Net_Banking,view_balance,2026-03-09 10:02:15
EVT0000507,CUST000091,NET_BANKING,Initiate_Transfer,04/16/2026 07:06 AM
EVT0000508,CUST000946,MOBILE_APP,VIEW_BALANCE,2026-01-17 13:11:27
EVT0000509,CUST004593,Mobile_App,logout,07/07/2026 03:23 AM
EVT0000510,CUST005112,MOBILE APP,Logout,2026-01-20 21:37:51
EVT0000511,CUST000960,NET BANKING,Logout,2026-02-14 18:33:20
EVT0000512,CUST000033,Mobile_App,LOGIN,14-06-2026 02:18
EVT0000513,CUST002174,NET_BANKING,login,01/02/2026 06:01 PM
EVT0000514,CUST000578,NET_BANKING,view_balance,2026-04-07 09:04:22
EVT0000515,CUST003193,NET BANKING,INITIATE_TRANSFER,2026-07-04 21:01:20
EVT0000516,CUST002535,MOBILE_APP,Initiate_Transfer,2026-04-03 11:44:02
EVT0000517,CUST002364,MOBILE_APP,LOGOUT,2026-05-21 02:16:38
EVT0000518,CUST004267,NET BANKING,VIEW_BALANCE,01/03/2026 20:11:49
EVT0000519,CUST001014,MOBILE APP,INITIATE_TRANSFER,2026-07-12 12:39:10
EVT0000520,CUST003168,MOBILE APP,INITIATE_TRANSFER,28-03-2026 20:53
EVT0000521,CUST005172,Mobile_App,View_Balance,2026-02-26 12:20:36
EVT0000522,CUST001134,mobile_app,LOGOUT,07-04-2026 02:14
EVT0000523,CUST001934,mobile_app,VIEW_BALANCE,2026-06-23 00:22:20
EVT0000524,CUST002900,Mobile_App,login,16/07/2026 23:36:19
EVT0000525,CUST004224,MOBILE APP,View_Balance,2026-02-25 06:01:04
EVT0000526,CUST001398,NET_BANKING,Logout,19-07-2026 03:11
EVT0000527,CUST000256,MOBILE APP,INITIATE_TRANSFER,10-03-2026 10:20
EVT0000528,CUST003595,NET_BANKING,Initiate_Transfer,2026-05-02 01:04:32
EVT0000529,CUST001155,NET_BANKING, LOGOUT,2026-03-31 18:19:55
EVT0000530,CUST004367,MOBILE_APP,Initiate_Transfer,23-06-2026 17:59
EVT0000531,CUST001794,NET BANKING,VIEW_BALANCE,2026-01-30 15:35:10
EVT0000532,CUST003190,NET_BANKING,Logout,29-05-2026 01:18
EVT0000533,CUST003644,net_banking,LOGOUT,2026-07-05 22:56:58
EVT0000534,CUST000712,MOBILE_APP,VIEW_BALANCE,06-03-2026 19:34
EVT0000535,CUST003047,NET_BANKING,Initiate_Transfer,22-01-2026 08:56
EVT0000536,CUST002134,MOBILE_APP,LOGOUT,2026-02-23 22:22:11
EVT0000537,CUST001050,MOBILE_APP,LOGOUT,07/29/2026 05:48 PM
EVT0000538,CUST005167,NET_BANKING, LOGOUT,
EVT0000539,CUST003938,MOBILE APP,Logout,2026-07-29 16:04:29
EVT0000540,CUST004874,Net_Banking,LOGIN ,09-05-2026 22:41
EVT0000541,CUST000708,MOBILE_APP,INITIATE_TRANSFER,2026-03-15 19:16:46
EVT0000542,CUST002006,mobile_app,view_balance,14-07-2026 10:16
EVT0000543,CUST001029,MOBILE_APP,login,2026-03-18 13:53:11
EVT0000544,CUST003212,MOBILE_APP,logout,02/13/2026 01:15 AM
EVT0000545,CUST003157,Net_Banking,INITIATE_TRANSFER,11-06-2026 07:22
EVT0000546,CUST004874,NET BANKING,LOGIN,
EVT0000547,CUST001535,mobile_app,LOGIN ,2026-07-26 08:39:03
EVT0000548,CUST001555,MOBILE_APP,initiate_transfer,01/09/2026 07:58 AM
EVT0000549,CUST004242,MOBILE_APP,Login,2026-04-16 18:52:47
EVT0000550,CUST001187,mobile_app,LOGIN,2026-07-11 02:07:31
EVT0000551,CUST004577,MOBILE APP,VIEW_BALANCE,
EVT0000552,CUST003400,MOBILE APP,initiate_transfer,04/20/2026 07:50 AM
EVT0000553,CUST000276,net_banking,logout,2026-04-04 14:57:17
EVT0000554,CUST004944,Net_Banking,INITIATE_TRANSFER,2026-03-25 09:15:08
EVT0000555,CUST001953,mobile_app,LOGOUT,2026-05-15 09:43:58
EVT0000556,CUST001249,MOBILE_APP,Logout,17/04/2026 02:49:43
EVT0000557,CUST002126,MOBILE_APP,INITIATE_TRANSFER,04-01-2026 12:39
EVT0000558,CUST000670,NET BANKING,LOGOUT,2026-07-08 07:38:16
EVT0000559,CUST002590,Net_Banking,view_balance,2026-02-16 04:39:06
EVT0000560,CUST001735,MOBILE_APP,initiate_transfer,2026-02-19 03:09:03
EVT0000561,CUST001902,NET BANKING,View_Balance,24-02-2026 23:55
EVT0000562,CUST002390,MOBILE_APP,LOGIN,04/17/2026 04:11 PM
EVT0000563,CUST000045,net_banking,initiate_transfer,05-01-2026 21:06
EVT0000564,CUST005180,Mobile_App,Logout,2026-03-08 23:35:39
EVT0000565,CUST001922,MOBILE APP,login,2026-04-12 11:21:28
EVT0000566,CUST000086,mobile_app,Logout,2026-05-15 04:47:29
EVT0000567,CUST003649,net_banking,initiate_transfer,26/05/2026 21:26:45
EVT0000568,CUST002671,net_banking, LOGOUT,2026-06-18 03:57:13
EVT0000569,CUST000329,MOBILE APP,logout,09-06-2026 10:58
EVT0000570,CUST004463,Mobile_App,initiate_transfer,2026-04-25 08:22:58
EVT0000571,CUST004576,MOBILE_APP,view_balance,2026-07-18 17:31:19
EVT0000572,CUST001305,MOBILE_APP,INITIATE_TRANSFER,01/18/2026 10:58 PM
EVT0000573,CUST003004,Mobile_App,LOGOUT,2026-07-04 13:48:13
EVT0000574,CUST003724,MOBILE_APP,LOGIN,2026-01-20 00:20:26
EVT0000575,CUST001645,mobile_app,LOGIN,20/02/2026 13:17:27
EVT0000576,CUST001599,MOBILE_APP,INITIATE_TRANSFER,
EVT0000577,CUST003517,mobile_app,LOGIN,28-01-2026 12:12
EVT0000578,CUST002259,mobile_app,Logout,2026-06-18 03:06:09
EVT0000579,CUST000270,Net_Banking,INITIATE_TRANSFER,2026-06-05 20:03:38
EVT0000580,CUST003904,mobile_app,VIEW_BALANCE,2026-02-16 08:01:22
EVT0000581,CUST003686,NET BANKING,,2026-07-25 17:18:55
EVT0000582,CUST000459,NET BANKING,initiate_transfer,2026-03-22 08:57:43
EVT0000583,CUST001526,Mobile_App,VIEW_BALANCE,2026-06-02 13:16:36
EVT0000584,CUST003383,MOBILE_APP,login,2026-04-06 17:25:28
EVT0000585,CUST003435,MOBILE_APP,,2026-01-06 11:31:50
EVT0000586,CUST003536,MOBILE_APP,VIEW_BALANCE,19-04-2026 04:23
EVT0000587,CUST002243,NET BANKING,login,2026-01-17 22:49:19
EVT0000588,CUST004994,mobile_app,View_Balance,2026-05-10 09:11:50
EVT0000589,CUST000880,Net_Banking,LOGIN ,2026-01-15 19:58:26
EVT0000590,CUST003405,,login,31/01/2026 08:29:29
EVT0000591,CUST001011,MOBILE_APP,View_Balance,2026-03-09 00:28:54
EVT0000592,CUST001799,MOBILE_APP,Logout,26-05-2026 10:29
EVT0000593,CUST002474,net_banking,INITIATE_TRANSFER,09-06-2026 06:28
EVT0000594,CUST005016,Mobile_App,INITIATE_TRANSFER,08-04-2026 23:33
EVT0000595,CUST005002,,LOGIN,2026-01-25 02:33:04
EVT0000596,CUST005052,MOBILE_APP,LOGOUT,01/20/2026 11:18 PM
EVT0000597,CUST004987,Net_Banking,LOGIN,13-02-2026 22:43
EVT0000598,CUST005084,net_banking,LOGOUT,09-06-2026 02:05
EVT0000599,CUST002796,NET_BANKING,logout,06/10/2026 02:10 AM
EVT0000600,CUST001153,NET_BANKING,VIEW_BALANCE,12-02-2026 10:02
EVT0000601,CUST002252,MOBILE_APP,initiate_transfer,2026-07-09 00:12:25
EVT0000602,CUST001725,NET BANKING,INITIATE_TRANSFER,14-04-2026 12:40
EVT0000603,CUST002758,MOBILE_APP,view_balance,23-02-2026 05:25
EVT0000604,CUST002185,MOBILE_APP,VIEW_BALANCE,2026-05-15 14:56:44
EVT0000605,CUST004124,NET_BANKING,view_balance,2026-03-07 09:36:11
EVT0000606,CUST001724,MOBILE_APP,Initiate_Transfer,2026-07-01 00:45:36
EVT0000607,CUST001312,NET_BANKING,View_Balance,06/03/2026 12:23:15
EVT0000608,CUST000537,NET_BANKING,LOGIN,2026-05-01 16:51:42
EVT0000609,CUST003704,Mobile_App,VIEW_BALANCE,2026-03-09 13:15:34
EVT0000610,CUST002574,MOBILE APP,INITIATE_TRANSFER,06/03/2026 19:50:36
EVT0000611,CUST000628,MOBILE APP,view_balance,2026-07-18 05:35:23
EVT0000612,CUST003590,NET BANKING,initiate_transfer,2026-04-20 04:06:55
EVT0000613,CUST000051,MOBILE_APP,LOGIN ,2026-07-08 18:12:29
EVT0000614,CUST004903,MOBILE_APP,View_Balance,2026-02-14 16:38:00
EVT0000615,CUST000168,mobile_app,login,08/03/2026 17:04:23
EVT0000616,CUST004705,Net_Banking,login,2026-01-29 19:23:02
EVT0000617,CUST005087,mobile_app,INITIATE_TRANSFER,2026-06-15 07:40:15
EVT0000618,CUST002291,MOBILE_APP,logout,2026-01-27 16:04:16
EVT0000619,CUST003646,NET_BANKING,Initiate_Transfer,06-02-2026 08:27
EVT0000620,CUST003505,MOBILE_APP,Login,08-03-2026 20:46
EVT0000621,CUST003032,MOBILE APP,LOGIN,17-04-2026 14:38
EVT0000622,CUST004767,net_banking,logout,08/06/2026 07:45:18
EVT0000623,CUST000955,net_banking,LOGIN,2026-03-02 22:10:21
EVT0000624,CUST003893,mobile_app,logout,03/07/2026 19:54:19
EVT0000625,CUST002715,NET_BANKING,View_Balance,2026-03-31 04:40:16
EVT0000626,CUST000589,net_banking,view_balance,2026-07-08 09:01:02
EVT0000627,CUST000233,NET_BANKING,VIEW_BALANCE,15-02-2026 12:52
EVT0000628,CUST000382,MOBILE APP,LOGIN,2026-07-24 16:28:56
EVT0000629,CUST002240,NET_BANKING,,07/05/2026 17:26:00
EVT0000630,CUST003811,MOBILE_APP,LOGIN,09-04-2026 13:13
EVT0000631,CUST004755,MOBILE APP,initiate_transfer,2026-04-28 11:59:32
EVT0000632,CUST002258,NET BANKING,logout,16/03/2026 15:13:31
EVT0000633,CUST000388,MOBILE_APP,view_balance,2026-05-14 14:54:20
EVT0000634,CUST000294,Mobile_App,login,2026-07-30 01:02:45
EVT0000635,CUST004313,mobile_app,initiate_transfer,05/19/2026 12:16 AM
EVT0000636,CUST001820,MOBILE_APP,view_balance,2026-06-22 05:08:52
EVT0000637,CUST003887,net_banking,INITIATE_TRANSFER,2026-05-25 19:44:12
EVT0000638,CUST003322,NET_BANKING, LOGOUT,2026-06-25 07:59:13
EVT0000639,CUST002735,net_banking,INITIATE_TRANSFER,2026-03-04 00:36:23
EVT0000640,CUST001387,MOBILE_APP,VIEW_BALANCE,22-07-2026 12:15
EVT0000641,CUST000599,MOBILE_APP,INITIATE_TRANSFER,02/10/2026 08:21 PM
EVT0000642,CUST000297,MOBILE_APP,View_Balance,20-02-2026 15:41
EVT0000643,CUST000506,NET_BANKING,Logout,07-02-2026 21:42
EVT0000644,CUST001660,Mobile_App,,15/06/2026 17:25:14
EVT0000645,CUST003699,MOBILE_APP,LOGIN,28-03-2026 16:56
EVT0000646,CUST004566,net_banking,Logout,2026-06-01 04:13:43
EVT0000647,CUST000017,NET_BANKING, LOGOUT,2026-02-22 22:32:38
EVT0000648,CUST000456,NET BANKING,Logout,07/14/2026 12:34 AM
EVT0000649,CUST003622,NET_BANKING,initiate_transfer,2026-02-03 21:35:09
EVT0000650,CUST002363,Mobile_App,Logout,2026-04-23 22:36:16
EVT0000651,CUST001684,MOBILE APP,initiate_transfer,2026-06-13 02:09:24
EVT0000652,CUST001930,MOBILE APP,,07/20/2026 10:35 PM
EVT0000653,CUST003622,NET_BANKING,INITIATE_TRANSFER,2026-02-12 05:18:26
EVT0000654,CUST004956,NET_BANKING, LOGOUT,29-07-2026 23:49
EVT0000655,CUST002611,mobile_app,LOGIN,2026-03-04 23:06:23
EVT0000656,CUST003816,mobile_app,VIEW_BALANCE,23/01/2026 00:10:26
EVT0000657,CUST002048,MOBILE_APP,VIEW_BALANCE,27-06-2026 06:03
EVT0000658,CUST000652,MOBILE_APP,LOGOUT,2026-05-31 12:07:41
EVT0000659,CUST004912,net_banking, LOGOUT,17-06-2026 14:42
EVT0000660,CUST004295,mobile_app,logout,2026-04-16 04:25:10
EVT0000661,CUST001424,Net_Banking,LOGIN,03/04/2026 06:10 PM
EVT0000662,CUST001131,NET_BANKING,VIEW_BALANCE,17-02-2026 21:31
EVT0000663,CUST000156,NET_BANKING,login,04/09/2026 03:15 AM
EVT0000664,CUST004540,NET_BANKING,LOGOUT,
EVT0000665,CUST002460,NET_BANKING,LOGOUT,2026-05-27 14:59:53
EVT0000666,CUST002040,NET_BANKING,initiate_transfer,2026-05-23 12:47:23
EVT0000667,CUST004980,mobile_app,LOGIN,2026-07-16 12:07:23
EVT0000668,CUST004616,MOBILE APP,view_balance,2026-04-14 06:52:55
EVT0000669,CUST000661,mobile_app,LOGIN ,2026-02-22 10:32:39
EVT0000670,CUST003991,net_banking,INITIATE_TRANSFER,03/24/2026 03:47 PM
EVT0000671,CUST005133,NET_BANKING,view_balance,04/30/2026 06:33 AM
EVT0000672,CUST003401,net_banking,Login,2026-03-20 12:05:02
EVT0000673,CUST005026,NET_BANKING,LOGOUT,2026-06-07 17:03:44
EVT0000674,CUST003284,Net_Banking,initiate_transfer,2026-05-03 11:25:07
EVT0000675,CUST000965,MOBILE_APP,logout,18-01-2026 05:27
EVT0000676,CUST004064,MOBILE APP,LOGIN,
EVT0000677,CUST004850,MOBILE_APP,login,23/01/2026 17:41:42
EVT0000678,CUST004864,NET_BANKING,LOGOUT,2026-02-27 03:31:54
EVT0000679,CUST003890,NET_BANKING,INITIATE_TRANSFER,
EVT0000680,CUST001298,NET BANKING,LOGOUT,2026-01-22 14:21:46
EVT0000681,CUST001677,Net_Banking,Initiate_Transfer,22-01-2026 02:59
EVT0000682,CUST000150,NET_BANKING,initiate_transfer,2026-01-09 16:41:37
EVT0000683,CUST000869,NET BANKING,INITIATE_TRANSFER,09-01-2026 18:37
EVT0000684,CUST002239,Mobile_App,INITIATE_TRANSFER,07/11/2026 12:34 AM
EVT0000685,CUST004735,NET_BANKING,VIEW_BALANCE,16-02-2026 14:39
EVT0000686,CUST002257,Mobile_App,Logout,2026-05-06 13:33:54
EVT0000687,CUST003492,MOBILE_APP,VIEW_BALANCE,09/05/2026 12:18:49
EVT0000688,CUST004886,mobile_app,INITIATE_TRANSFER,07/02/2026 18:21:45
EVT0000689,CUST000533,NET BANKING,LOGIN ,2026-06-01 04:08:44
EVT0000690,CUST004575,NET_BANKING,VIEW_BALANCE,28/03/2026 08:13:32
EVT0000691,CUST003804,net_banking,LOGIN,2026-07-17 09:40:24
EVT0000692,CUST002054,Net_Banking,LOGIN ,26-04-2026 04:15
EVT0000693,CUST004938,Mobile_App,LOGIN ,24-02-2026 13:59
EVT0000694,CUST001897,Net_Banking,Login,13-01-2026 06:20
EVT0000695,CUST004880,MOBILE_APP,LOGIN,2026-05-11 02:19:25
EVT0000696,CUST005152,Mobile_App,logout,03/11/2026 01:27 AM
EVT0000697,CUST004601,net_banking,,2026-03-01 03:07:44
EVT0000698,CUST002489,MOBILE_APP,LOGIN,2026-05-20 07:52:05
EVT0000699,CUST000737,Net_Banking,INITIATE_TRANSFER,23-06-2026 05:18
EVT0000700,CUST002237,MOBILE_APP,INITIATE_TRANSFER,2026-07-28 05:02:39
EVT0000701,CUST003538,MOBILE APP,Initiate_Transfer,2026-01-11 17:59:11
EVT0000702,CUST004112,Net_Banking,Logout,2026-03-20 10:14:21
EVT0000703,CUST004582,MOBILE_APP,VIEW_BALANCE,2026-07-27 02:04:32
EVT0000704,CUST003468,MOBILE_APP,Initiate_Transfer,14-05-2026 09:00
EVT0000705,CUST005185,Net_Banking,view_balance,2026-07-09 22:02:18
EVT0000706,CUST003363,MOBILE APP,INITIATE_TRANSFER,26-02-2026 17:00
EVT0000707,CUST004434,MOBILE_APP,LOGOUT,06-04-2026 14:19
EVT0000708,CUST003553,MOBILE_APP,,2026-01-03 19:16:06
EVT0000709,CUST004685,MOBILE_APP,LOGIN ,19-07-2026 01:36
EVT0000710,CUST004065,Net_Banking,Login,2026-05-09 09:05:12
EVT0000711,CUST001544,net_banking, LOGOUT,20/04/2026 12:29:45
EVT0000712,CUST003065,MOBILE APP,LOGIN ,2026-01-24 17:39:00
EVT0000713,CUST001763,mobile_app,LOGOUT,13-05-2026 01:52
EVT0000714,CUST000795,NET_BANKING,LOGOUT,01/01/2026 07:14:38
EVT0000715,CUST003362,net_banking, LOGOUT,23-06-2026 02:45
EVT0000716,CUST002407,MOBILE_APP,LOGIN,02/03/2026 14:36:27
EVT0000717,CUST003555,NET_BANKING,Initiate_Transfer,2026-06-23 23:46:22
EVT0000718,CUST001664,NET BANKING,LOGIN,14/05/2026 02:32:49
EVT0000719,CUST000335,NET BANKING,View_Balance,2026-04-20 01:48:14
EVT0000720,CUST004020,NET_BANKING, LOGOUT,23-03-2026 00:29
EVT0000721,CUST001508,NET_BANKING,View_Balance,02/01/2026 01:33 AM
EVT0000722,CUST001122,net_banking,login,2026-01-20 02:52:54
EVT0000723,CUST001733,MOBILE_APP,login,2026-05-24 14:23:07
EVT0000724,CUST003156,mobile_app,LOGOUT,2026-04-07 04:52:50
EVT0000725,CUST005195,MOBILE_APP,LOGIN,2026-02-15 21:54:45
EVT0000726,CUST003515,NET_BANKING,Logout,2026-01-26 15:06:13
EVT0000727,CUST004754,mobile_app,,2026-07-12 08:26:13
EVT0000728,CUST005054,Net_Banking,LOGIN,2026-07-29 03:38:57
EVT0000729,CUST003520,Mobile_App,LOGIN,03/07/2026 10:40:40
EVT0000730,CUST003681,Net_Banking,LOGOUT,04/09/2026 11:29 AM
EVT0000731,CUST003389,MOBILE APP,login,2026-03-19 00:40:36
EVT0000732,CUST005072,Mobile_App,VIEW_BALANCE,2026-04-18 03:14:08
EVT0000733,CUST002227,Mobile_App,INITIATE_TRANSFER,24-05-2026 14:42
EVT0000734,CUST004091,MOBILE APP,login,31-01-2026 08:54
EVT0000735,CUST004244,NET_BANKING, LOGOUT,20-02-2026 22:27
EVT0000736,CUST002648,MOBILE APP,VIEW_BALANCE,2026-06-18 13:26:21
EVT0000737,CUST002208,MOBILE_APP,view_balance,2026-06-24 09:32:39
EVT0000738,CUST000624,NET_BANKING,initiate_transfer,2026-04-20 22:00:35
EVT0000739,CUST000495,Net_Banking,VIEW_BALANCE,2026-03-04 19:52:40
EVT0000740,CUST003420,NET BANKING,VIEW_BALANCE,26-04-2026 08:52
EVT0000741,CUST005188,NET_BANKING,VIEW_BALANCE,14-06-2026 19:49
EVT0000742,CUST004790,NET_BANKING,VIEW_BALANCE,19-03-2026 09:00
EVT0000743,CUST002425,MOBILE_APP,LOGOUT,2026-04-10 05:40:54
EVT0000744,CUST002349,Net_Banking,LOGOUT,2026-05-06 09:13:52
EVT0000745,CUST002976,Net_Banking,INITIATE_TRANSFER,25-07-2026 14:27
EVT0000746,CUST001801,net_banking,Initiate_Transfer,16-05-2026 16:51
EVT0000747,CUST002740,MOBILE APP,LOGIN,2026-01-28 07:00:19
EVT0000748,CUST004366,MOBILE_APP,LOGIN,2026-06-15 17:54:06
EVT0000749,CUST003707,NET_BANKING,LOGIN ,08-02-2026 19:10
EVT0000750,CUST004925,MOBILE_APP,view_balance,24-02-2026 20:53
EVT0000751,CUST000453,Net_Banking,LOGOUT,2026-05-19 08:34:34
EVT0000752,CUST002245,MOBILE APP,LOGIN ,2026-06-08 21:03:08
EVT0000753,CUST000633,NET_BANKING,LOGOUT,04-04-2026 20:08
EVT0000754,CUST001728,Net_Banking,Initiate_Transfer,2026-05-01 17:47:47
EVT0000755,CUST004613,MOBILE_APP,INITIATE_TRANSFER,2026-03-24 11:24:09
EVT0000756,CUST000718,NET_BANKING,login,2026-03-06 07:47:47
EVT0000757,CUST001528,MOBILE_APP,logout,2026-02-21 18:45:05
EVT0000758,CUST000093,MOBILE_APP,LOGIN ,2026-07-04 16:48:19
EVT0000759,CUST004193,MOBILE_APP,View_Balance,28/03/2026 22:15:22
EVT0000760,CUST002740,NET BANKING,LOGOUT,2026-05-17 09:47:18
EVT0000761,CUST003928,net_banking,LOGIN,2026-03-15 17:10:26
EVT0000762,CUST003896,MOBILE APP,view_balance,17-02-2026 13:55
EVT0000763,CUST004725,net_banking,LOGIN,2026-05-11 16:46:00
EVT0000764,CUST001429,MOBILE APP,LOGOUT,2026-03-27 12:04:13
EVT0000765,CUST003081,MOBILE APP,view_balance,2026-01-29 10:39:06
EVT0000766,CUST004015,Net_Banking,INITIATE_TRANSFER,2026-03-30 07:46:13
EVT0000767,CUST000044,MOBILE APP,VIEW_BALANCE,2026-06-01 11:06:27
EVT0000768,CUST000533,Net_Banking,INITIATE_TRANSFER,31-03-2026 09:05
EVT0000769,CUST001495,Net_Banking,INITIATE_TRANSFER,2026-03-16 17:49:17
EVT0000770,CUST003818,mobile_app,LOGIN,2026-07-21 07:26:44
EVT0000771,CUST002048,MOBILE_APP,INITIATE_TRANSFER,2026-03-22 20:45:19
EVT0000772,CUST005112,MOBILE APP,logout,03/28/2026 10:23 PM
EVT0000773,CUST002392,MOBILE_APP,login,2026-05-03 23:12:01
EVT0000774,CUST000326,net_banking,LOGIN ,2026-07-20 19:25:06
EVT0000775,CUST005120,NET_BANKING,VIEW_BALANCE,2026-04-17 23:54:50
EVT0000776,CUST001643,mobile_app,LOGOUT,2026-05-27 14:29:32
EVT0000777,CUST000499,NET BANKING,LOGIN,10-04-2026 19:49
EVT0000778,CUST002666,NET BANKING,VIEW_BALANCE,2026-01-26 06:38:41
EVT0000779,CUST000282,NET BANKING,LOGIN ,2026-05-22 00:35:38
EVT0000780,CUST001941,MOBILE APP,VIEW_BALANCE,11-03-2026 18:06
EVT0000781,CUST003706,Mobile_App,LOGIN ,16-02-2026 06:06
EVT0000782,CUST000708,MOBILE_APP,Initiate_Transfer,14-01-2026 10:10
EVT0000783,CUST005031,MOBILE_APP,LOGOUT,18-03-2026 06:42
EVT0000784,CUST001272,NET_BANKING,LOGIN,16/07/2026 01:23:45
EVT0000785,CUST004072,mobile_app,View_Balance,2026-06-06 09:43:12
EVT0000786,CUST002892,NET BANKING,LOGIN,15-02-2026 13:59
EVT0000787,CUST001632,MOBILE APP,View_Balance,02/01/2026 12:00 AM
EVT0000788,CUST000177,MOBILE_APP,LOGIN ,2026-04-20 19:46:43
EVT0000789,CUST003382,mobile_app,LOGIN,19-07-2026 03:33
EVT0000790,CUST001796,Net_Banking,VIEW_BALANCE,03-02-2026 02:52
EVT0000791,CUST004235,mobile_app,Login,2026-07-04 12:26:49
EVT0000792,CUST002774,NET_BANKING,VIEW_BALANCE,2026-02-16 20:55:00
EVT0000793,CUST000451,MOBILE_APP,LOGIN,2026-02-16 17:02:03
EVT0000794,CUST000568,mobile_app,Initiate_Transfer,2026-03-14 08:00:54
EVT0000795,CUST002087,MOBILE_APP,Initiate_Transfer,02/07/2026 02:28 PM
EVT0000796,CUST003339,NET_BANKING,LOGIN ,18-07-2026 16:19
EVT0000797,CUST004246,MOBILE_APP,VIEW_BALANCE,2026-06-21 06:49:05
EVT0000798,CUST004516,NET_BANKING,View_Balance,2026-01-26 18:28:18
EVT0000799,CUST002596,MOBILE_APP,Initiate_Transfer,13-04-2026 13:31
EVT0000800,CUST000012,NET_BANKING,login,07/23/2026 12:40 AM
EVT0000801,CUST000564,MOBILE_APP,LOGIN,20-01-2026 09:19
EVT0000802,CUST000038,NET_BANKING,view_balance,12/06/2026 11:47:13
EVT0000803,CUST003596,MOBILE_APP,VIEW_BALANCE,01-04-2026 10:22
EVT0000804,CUST002490,Mobile_App,INITIATE_TRANSFER,2026-06-20 19:29:34
EVT0000805,CUST000684,net_banking,initiate_transfer,2026-05-27 03:25:31
EVT0000806,CUST002145,NET BANKING,LOGIN ,2026-02-09 02:26:48
EVT0000807,CUST005022,NET_BANKING,VIEW_BALANCE,2026-04-08 16:23:25
EVT0000808,CUST003529,MOBILE_APP,,2026-05-15 21:17:05
EVT0000809,CUST001699,MOBILE_APP,LOGOUT,2026-03-12 23:29:03
EVT0000810,CUST002804,Mobile_App,logout,01-04-2026 20:45
EVT0000811,CUST003177,NET_BANKING,LOGIN ,2026-07-18 02:11:11
EVT0000812,CUST002052,mobile_app,INITIATE_TRANSFER,08/01/2026 22:20:28
EVT0000813,CUST004498,net_banking,initiate_transfer,20/07/2026 06:26:54
EVT0000814,CUST003779,NET BANKING,LOGOUT,09-05-2026 01:17
EVT0000815,CUST001245,mobile_app,Initiate_Transfer,2026-03-02 20:12:54
EVT0000816,CUST000385,NET_BANKING,LOGIN ,2026-04-17 04:13:30
EVT0000817,CUST002016,MOBILE_APP,logout,2026-01-31 17:34:39
EVT0000818,CUST002203,NET_BANKING,INITIATE_TRANSFER,2026-02-11 19:42:30
EVT0000819,CUST000462,NET_BANKING,LOGOUT,09-06-2026 00:07
EVT0000820,CUST001240,NET_BANKING,initiate_transfer,2026-06-16 13:55:12
EVT0000821,CUST003716,mobile_app,View_Balance,15-05-2026 20:51
EVT0000822,CUST005181,Net_Banking, LOGOUT,05/03/2026 04:24:17
EVT0000823,CUST000298,net_banking,Initiate_Transfer,19-01-2026 21:20
EVT0000824,CUST003950,NET_BANKING,view_balance,24/06/2026 12:33:18
EVT0000825,CUST002962,MOBILE_APP,View_Balance,2026-04-27 09:08:24
EVT0000826,CUST001061,MOBILE_APP,LOGIN,2026-01-25 06:37:14
EVT0000827,CUST004302,MOBILE_APP,VIEW_BALANCE,14-05-2026 10:09
EVT0000828,CUST005141,net_banking,LOGIN,2026-04-21 14:47:12
EVT0000829,CUST004156,NET_BANKING,LOGOUT,05-02-2026 23:17
EVT0000830,CUST004481,NET_BANKING,View_Balance,2026-05-08 14:56:35
EVT0000831,CUST001151,MOBILE_APP,Login,04/05/2026 09:16 PM
EVT0000832,CUST005043,MOBILE_APP,view_balance,2026-07-08 23:57:19
EVT0000833,CUST002675,Mobile_App,View_Balance,2026-07-15 15:33:14
EVT0000834,CUST004393,Mobile_App,INITIATE_TRANSFER,2026-06-09 10:27:52
EVT0000835,CUST001093,mobile_app,login,2026-04-24 19:17:51
EVT0000836,CUST004293,NET_BANKING,VIEW_BALANCE,30/07/2026 01:18:39
EVT0000837,CUST004947,MOBILE APP,initiate_transfer,17-03-2026 23:11
EVT0000838,CUST004936,,initiate_transfer,
EVT0000839,CUST003717,NET_BANKING,LOGIN ,11-07-2026 12:24
EVT0000840,CUST002718,NET BANKING,LOGOUT,2026-07-15 19:13:35
EVT0000841,CUST000571,mobile_app,View_Balance,2026-07-22 01:47:50
EVT0000842,CUST000076,MOBILE_APP,LOGIN,2026-07-16 20:10:24
EVT0000843,CUST000558,net_banking,LOGOUT,2026-04-30 19:30:10
EVT0000844,CUST002637,NET_BANKING,login,07/17/2026 03:08 AM
EVT0000845,CUST002870,mobile_app,LOGIN,2026-05-16 15:38:44
EVT0000846,CUST000077,NET_BANKING,INITIATE_TRANSFER,2026-03-24 09:25:25
EVT0000847,CUST000412,NET BANKING,View_Balance,2026-05-19 21:39:54
EVT0000848,CUST000217,NET_BANKING,Initiate_Transfer,29-03-2026 10:20
EVT0000849,CUST004701,mobile_app,LOGIN,2026-05-04 05:46:09
EVT0000850,CUST001923,NET_BANKING,LOGOUT,07/25/2026 01:20 AM
EVT0000851,CUST003833,mobile_app,VIEW_BALANCE,10-02-2026 06:42
EVT0000852,CUST000239,NET_BANKING,INITIATE_TRANSFER,06/26/2026 04:16 AM
EVT0000853,CUST003002,NET_BANKING,LOGIN,2026-05-12 07:15:22
EVT0000854,CUST000751,Net_Banking,Login,09-07-2026 09:09
EVT0000855,CUST000679,NET_BANKING,,2026-07-01 02:06:07
EVT0000856,CUST000332,Net_Banking,VIEW_BALANCE,2026-01-03 15:05:44
EVT0000857,CUST003319,NET_BANKING,Login,09-01-2026 14:33
EVT0000858,CUST002282,NET_BANKING,Initiate_Transfer,2026-01-30 05:59:40
EVT0000859,CUST002423,NET_BANKING,VIEW_BALANCE,2026-01-09 12:58:15
EVT0000860,CUST004507,Net_Banking,VIEW_BALANCE,2026-04-26 13:56:42
EVT0000861,CUST001800,MOBILE_APP,LOGIN,2026-07-10 01:18:49
EVT0000862,CUST004257,Mobile_App, LOGOUT,2026-02-22 19:40:47
EVT0000863,CUST001409,NET BANKING,View_Balance,09-03-2026 16:31
EVT0000864,CUST004034,NET_BANKING,LOGIN,2026-01-24 16:28:43
EVT0000865,CUST002276,Net_Banking,login,2026-07-20 01:20:07
EVT0000866,CUST003502,Net_Banking,,2026-03-10 04:37:47
EVT0000867,CUST000170,MOBILE APP,Login,05/12/2026 12:50 PM
EVT0000868,CUST002367,MOBILE APP,INITIATE_TRANSFER,2026-07-10 12:25:33
EVT0000869,CUST004697,MOBILE_APP,LOGIN ,21-07-2026 22:37
EVT0000870,CUST004802,NET_BANKING,initiate_transfer,2026-07-13 22:06:50
EVT0000871,CUST001807,MOBILE_APP,LOGOUT,26/04/2026 04:09:42
EVT0000872,CUST003983,NET BANKING,INITIATE_TRANSFER,2026-07-16 21:39:13
EVT0000873,CUST003878,NET_BANKING,Initiate_Transfer,2026-05-18 09:48:30
EVT0000874,CUST004336,Mobile_App,Initiate_Transfer,01/12/2026 05:28 PM
EVT0000875,CUST002246,NET_BANKING, LOGOUT,2026-01-02 00:33:17
EVT0000876,CUST001121,MOBILE_APP,view_balance,04-01-2026 04:51
EVT0000877,CUST001131,NET_BANKING,LOGOUT,2026-05-17 17:56:23
EVT0000878,CUST000940,MOBILE APP,login,2026-07-12 12:01:43
EVT0000879,CUST002763,MOBILE_APP,LOGOUT,2026-07-08 02:29:12
EVT0000880,CUST002421,MOBILE_APP,initiate_transfer,2026-03-07 17:46:18
EVT0000881,CUST000159,NET_BANKING,login,04/25/2026 11:18 AM
EVT0000882,CUST001737,MOBILE APP,LOGIN ,2026-07-22 22:03:57
EVT0000883,CUST000852,Net_Banking,view_balance,
EVT0000884,CUST000198,NET_BANKING,VIEW_BALANCE,31-05-2026 03:30
EVT0000885,CUST002347,MOBILE_APP,view_balance,2026-01-20 04:51:46
EVT0000886,CUST001908,MOBILE_APP,Logout,2026-04-05 17:14:31
EVT0000887,CUST000618,NET BANKING,LOGOUT,2026-03-28 00:49:12
EVT0000888,CUST000320,MOBILE APP,,08-07-2026 07:29
EVT0000889,CUST003982,MOBILE_APP,login,2026-04-14 23:06:08
EVT0000890,CUST000183,NET BANKING,View_Balance,2026-07-07 18:35:45
EVT0000891,CUST000203,net_banking,login,07/06/2026 18:53:48
EVT0000892,CUST001001,NET BANKING,VIEW_BALANCE,2026-06-19 02:10:38
EVT0000893,CUST002934,NET_BANKING,Logout,2026-04-09 18:13:13
EVT0000894,CUST000470,Mobile_App,view_balance,2026-04-30 06:18:50
EVT0000895,CUST000053,NET_BANKING,Initiate_Transfer,
EVT0000896,CUST004880,mobile_app,view_balance,04-05-2026 02:18
EVT0000897,CUST004402,mobile_app,initiate_transfer,2026-01-10 01:16:58
EVT0000898,CUST000182,Net_Banking,LOGIN,2026-07-04 23:38:01
EVT0000899,CUST002142,Net_Banking,,2026-06-23 04:57:26
EVT0000900,CUST004700,net_banking,INITIATE_TRANSFER,2026-04-27 06:53:50
EVT0000901,CUST002221,net_banking,LOGOUT,2026-05-30 10:34:07
EVT0000902,CUST004503,NET_BANKING,Login,2026-07-11 16:46:42
EVT0000903,CUST002070,Mobile_App,login,2026-03-06 17:08:47
EVT0000904,CUST004947,MOBILE_APP,initiate_transfer,10-03-2026 22:12
EVT0000905,CUST004548,MOBILE_APP,INITIATE_TRANSFER,2026-04-14 09:30:32
EVT0000906,CUST004986,MOBILE_APP,INITIATE_TRANSFER,30-06-2026 02:52
EVT0000907,CUST001285,NET_BANKING,Login,2026-03-30 17:53:13
EVT0000908,CUST001581,NET BANKING,INITIATE_TRANSFER,2026-01-28 12:57:49
EVT0000909,CUST000548,MOBILE APP,logout,2026-06-12 05:57:23
EVT0000910,CUST001930,Net_Banking,logout,2026-05-10 19:16:40
EVT0000911,CUST004786,NET_BANKING,,2026-02-13 04:00:29
EVT0000912,CUST001157,MOBILE_APP,logout,2026-07-07 03:09:07
EVT0000913,CUST000831,net_banking,VIEW_BALANCE,2026-06-27 00:11:59
EVT0000914,CUST003596,net_banking,VIEW_BALANCE,2026-06-22 06:21:16
EVT0000915,CUST002020,MOBILE APP,Login,2026-02-05 03:30:59
EVT0000916,CUST003026,NET BANKING,LOGIN,2026-02-24 05:54:14
EVT0000917,CUST001616,NET_BANKING,,2026-07-26 00:42:46
EVT0000918,CUST002791,net_banking,LOGIN,18-05-2026 09:37
EVT0000919,CUST000813,,LOGOUT,08/02/2026 17:42:04
EVT0000920,CUST003211,MOBILE APP,,2026-03-19 16:36:21
EVT0000921,CUST002811,mobile_app,LOGIN,2026-05-07 22:17:06
EVT0000922,CUST004365,NET_BANKING,INITIATE_TRANSFER,2026-05-30 08:33:17
EVT0000923,CUST000868,Net_Banking, LOGOUT,2026-05-20 16:44:01
EVT0000924,CUST001377,MOBILE APP,initiate_transfer,29/07/2026 08:29:26
EVT0000925,CUST004333,MOBILE_APP,View_Balance,2026-05-15 16:52:08
EVT0000926,CUST004547,NET_BANKING,view_balance,2026-05-23 02:33:29
EVT0000927,CUST004660,net_banking, LOGOUT,2026-05-21 18:31:34
EVT0000928,CUST000267,NET BANKING,logout,02/16/2026 12:03 AM
EVT0000929,CUST001789,NET BANKING,Logout,2026-07-22 11:19:56
EVT0000930,CUST000953,MOBILE APP,view_balance,18-02-2026 00:39
EVT0000931,CUST000414,NET BANKING,initiate_transfer,2026-07-23 04:53:10
EVT0000932,CUST002838,mobile_app,LOGOUT,2026-07-29 06:48:04
EVT0000933,CUST000133,net_banking,View_Balance,01/02/2026 06:27:45
EVT0000934,CUST005048,mobile_app,LOGIN ,29-07-2026 05:08
EVT0000935,CUST002670,NET_BANKING,VIEW_BALANCE,2026-03-17 08:44:13
EVT0000936,CUST001968,Net_Banking,LOGIN,2026-07-05 02:19:54
EVT0000937,CUST001394,MOBILE_APP,VIEW_BALANCE,04/05/2026 12:17 AM
EVT0000938,CUST005133,MOBILE APP,VIEW_BALANCE,2026-04-05 04:50:49
EVT0000939,CUST000129,NET BANKING,Initiate_Transfer,2026-03-13 22:05:49
EVT0000940,CUST003518,Mobile_App,logout,07/01/2026 16:06:37
EVT0000941,CUST001079,net_banking,LOGIN,2026-01-11 11:43:17
EVT0000942,CUST003871,mobile_app,VIEW_BALANCE,27-06-2026 23:18
EVT0000943,CUST002040,NET_BANKING,VIEW_BALANCE,2026-04-10 18:41:09
EVT0000944,CUST004777,Net_Banking,INITIATE_TRANSFER,25-07-2026 20:13
EVT0000945,CUST003600,Mobile_App,logout,2026-03-29 05:52:36
EVT0000946,CUST001804,NET_BANKING,VIEW_BALANCE,2026-06-02 01:08:08
EVT0000947,CUST004945,MOBILE_APP,VIEW_BALANCE,11-05-2026 06:29
EVT0000948,CUST001549,mobile_app,LOGIN,2026-07-24 23:35:29
EVT0000949,CUST004369,mobile_app,LOGIN,21-01-2026 06:28
EVT0000950,CUST004714,MOBILE_APP,login,2026-01-11 16:38:49
EVT0000951,CUST001186,mobile_app,LOGOUT,2026-07-08 08:36:51
EVT0000952,CUST000317,NET BANKING,logout,12/05/2026 10:32:39
EVT0000953,CUST004490,net_banking,LOGOUT,22/03/2026 20:06:08
EVT0000954,CUST001026,MOBILE APP,LOGIN ,2026-03-21 07:39:51
EVT0000955,CUST004957,MOBILE_APP,INITIATE_TRANSFER,2026-04-28 01:26:55
EVT0000956,CUST000240,net_banking,login,20/05/2026 04:47:22
EVT0000957,CUST003691,net_banking,VIEW_BALANCE,15-01-2026 21:22
EVT0000958,CUST000074,Mobile_App,Login,2026-01-09 22:14:20
EVT0000959,CUST005097,NET_BANKING,LOGOUT,2026-06-12 12:22:13
EVT0000960,CUST003733,NET_BANKING,INITIATE_TRANSFER,10/05/2026 10:58:55
EVT0000961,CUST004075,MOBILE_APP,INITIATE_TRANSFER,06/29/2026 10:46 PM
EVT0000962,CUST002666,MOBILE APP,initiate_transfer,06/16/2026 10:42 AM
EVT0000963,CUST004364,net_banking,initiate_transfer,12-02-2026 18:25
EVT0000964,CUST001669,MOBILE APP,initiate_transfer,2026-04-28 15:42:54
EVT0000965,CUST004046,mobile_app,INITIATE_TRANSFER,23/02/2026 09:53:17
EVT0000966,CUST004337,MOBILE_APP,VIEW_BALANCE,2026-03-01 01:31:53
EVT0000967,CUST001039,Mobile_App, LOGOUT,2026-01-18 14:59:07
EVT0000968,CUST002589,Mobile_App,LOGIN ,22/06/2026 06:16:46
EVT0000969,CUST002697,mobile_app,LOGIN,02/28/2026 06:50 PM
EVT0000970,CUST004323,mobile_app,logout,2026-07-17 06:57:11
EVT0000971,CUST001147,MOBILE_APP,View_Balance,2026-05-02 00:36:07
EVT0000972,CUST004653,Net_Banking,initiate_transfer,
EVT0000973,CUST005048,Net_Banking,Login,05/30/2026 11:12 PM
EVT0000974,CUST000590,MOBILE_APP,VIEW_BALANCE,2026-07-24 12:50:38
EVT0000975,CUST003877,Mobile_App,Login,2026-02-12 02:39:20
EVT0000976,CUST003987,mobile_app, LOGOUT,2026-05-17 13:50:05
EVT0000977,CUST002385,mobile_app,Login,04/22/2026 07:11 PM
EVT0000978,CUST001101,mobile_app,View_Balance,27-07-2026 21:28
EVT0000979,CUST003464,Net_Banking,LOGOUT,23-07-2026 19:21
EVT0000980,CUST002586,net_banking,INITIATE_TRANSFER,2026-03-27 00:27:55
EVT0000981,CUST004760,MOBILE_APP,VIEW_BALANCE,2026-02-04 07:58:51
EVT0000982,CUST004842,net_banking,initiate_transfer,22-02-2026 19:25
EVT0000983,CUST001489,net_banking,login,02-07-2026 01:43
EVT0000984,CUST005182,MOBILE_APP,initiate_transfer,13-07-2026 16:03
EVT0000985,CUST000852,mobile_app,LOGOUT,04/18/2026 12:52 AM
EVT0000986,CUST001501,NET_BANKING,initiate_transfer,27-07-2026 11:39
EVT0000987,CUST000552,MOBILE APP,VIEW_BALANCE,04-06-2026 08:48
EVT0000988,CUST005055,NET_BANKING,Initiate_Transfer,05/22/2026 01:03 PM
EVT0000989,CUST004699,net_banking,LOGIN ,2026-04-17 02:51:38
EVT0000990,CUST005056,NET_BANKING,logout,02/02/2026 17:04:02
EVT0000991,CUST001167,Net_Banking,INITIATE_TRANSFER,02/22/2026 12:19 PM
EVT0000992,CUST001428,mobile_app,LOGOUT,2026-01-23 21:51:50
EVT0000993,CUST000977,Net_Banking,VIEW_BALANCE,05/02/2026 19:56:21
EVT0000994,CUST003840,NET BANKING,Initiate_Transfer,2026-03-06 12:13:52
EVT0000995,CUST000820,Mobile_App,initiate_transfer,11/06/2026 13:27:33
EVT0000996,CUST004578,NET_BANKING,LOGIN,12-06-2026 02:02
EVT0000997,CUST002829,NET_BANKING,Logout,2026-06-25 17:12:19
EVT0000998,CUST001319,NET_BANKING,VIEW_BALANCE,2026-06-09 07:00:08
EVT0000999,CUST004656,NET BANKING,View_Balance,2026-04-27 10:19:15
EVT0001000,CUST002068,mobile_app,VIEW_BALANCE,05/03/2026 10:17:21
EVT0001001,CUST003783,NET_BANKING,logout,07-03-2026 08:47
EVT0001002,CUST002170,mobile_app,LOGOUT,2026-06-29 02:59:50
EVT0001003,CUST002235,mobile_app,Login,2026-05-24 14:18:31
EVT0001004,CUST002440,NET_BANKING,initiate_transfer,2026-04-16 00:22:01
EVT0001005,CUST005121,MOBILE_APP,Initiate_Transfer,2026-07-30 21:03:53
EVT0001006,CUST001177,MOBILE APP,LOGOUT,2026-01-14 17:54:43
EVT0001007,CUST004469,MOBILE APP,VIEW_BALANCE,2026-07-06 09:51:28
EVT0001008,CUST005178,MOBILE_APP,View_Balance,2026-04-20 12:54:03
EVT0001009,CUST004457,net_banking,LOGIN,24-02-2026 15:59
EVT0001010,CUST000857,MOBILE APP,logout,2026-06-25 12:57:00
EVT0001011,CUST002043,Mobile_App,VIEW_BALANCE,
EVT0001012,CUST003270,net_banking,VIEW_BALANCE,05/02/2026 06:28 AM
EVT0001013,CUST004143,NET_BANKING,LOGOUT,2026-03-24 10:22:44
EVT0001014,CUST000438,net_banking,LOGOUT,2026-01-08 09:47:45
EVT0001015,CUST002452,NET_BANKING,INITIATE_TRANSFER,2026-03-12 15:42:58
EVT0001016,CUST003398,NET_BANKING,INITIATE_TRANSFER,10/04/2026 09:36:58
EVT0001017,CUST003403,NET_BANKING,INITIATE_TRANSFER,2026-01-03 10:33:10
EVT0001018,CUST002656,MOBILE_APP,LOGIN ,2026-01-28 02:57:31
EVT0001019,CUST001265,MOBILE_APP,INITIATE_TRANSFER,
EVT0001020,CUST005083,mobile_app,view_balance,2026-07-21 19:53:22
EVT0001021,CUST002772,Net_Banking,View_Balance,22-04-2026 22:01
EVT0001022,CUST001854,NET_BANKING, LOGOUT,
EVT0001023,CUST004927,NET_BANKING,LOGOUT,2026-06-19 13:54:49
EVT0001024,CUST001522,Mobile_App,logout,2026-04-27 20:05:26
EVT0001025,CUST003606,MOBILE_APP,VIEW_BALANCE,03-06-2026 03:44
EVT0001026,CUST003146,Net_Banking,LOGIN,2026-04-27 11:24:16
EVT0001027,CUST003495,NET BANKING,INITIATE_TRANSFER,2026-05-26 22:21:38
EVT0001028,CUST001195,NET_BANKING,initiate_transfer,02/03/2026 00:30:43
EVT0001029,CUST002844,NET_BANKING,initiate_transfer,2026-01-24 00:01:02
EVT0001030,CUST004225,Mobile_App,view_balance,22-04-2026 07:04
EVT0001031,CUST004285,mobile_app,LOGOUT,11-01-2026 03:48
EVT0001032,CUST003766,Net_Banking,VIEW_BALANCE,2026-06-26 23:23:52
EVT0001033,CUST004046,Net_Banking,LOGIN ,2026-03-19 16:32:42
EVT0001034,CUST003268,mobile_app,INITIATE_TRANSFER,14/06/2026 19:44:00
EVT0001035,CUST001736,NET_BANKING,LOGIN,2026-06-19 03:26:11
EVT0001036,CUST001186,NET BANKING,INITIATE_TRANSFER,2026-06-30 04:27:35
EVT0001037,CUST001944,MOBILE_APP,LOGOUT,2026-04-23 09:27:59
EVT0001038,CUST003787,NET_BANKING,Logout,2026-02-18 00:55:21
EVT0001039,CUST002094,MOBILE_APP,view_balance,2026-02-26 08:51:55
EVT0001040,CUST001371,NET BANKING,LOGIN,2026-04-26 11:18:53
EVT0001041,CUST000347,net_banking,logout,27-01-2026 05:16
EVT0001042,CUST003635,net_banking,VIEW_BALANCE,2026-02-03 07:53:30
EVT0001043,CUST001941,Net_Banking,,2026-03-16 13:40:28
EVT0001044,CUST000303,Mobile_App,LOGOUT,02/02/2026 04:24 AM
EVT0001045,CUST004596,mobile_app,VIEW_BALANCE,16-07-2026 09:45
EVT0001046,CUST000320,NET_BANKING,Initiate_Transfer,2026-06-03 10:20:39
EVT0001047,CUST002026,NET_BANKING,view_balance,16-07-2026 20:53
EVT0001048,CUST004268,mobile_app,initiate_transfer,2026-03-08 08:30:59
EVT0001049,CUST000428,MOBILE APP,logout,2026-05-03 04:52:47
EVT0001050,CUST003137,MOBILE_APP,LOGIN ,15/02/2026 22:28:54
EVT0001051,CUST004525,NET_BANKING,LOGIN ,2026-02-12 15:32:01
EVT0001052,CUST003600,NET_BANKING,View_Balance,2026-02-09 22:57:51
EVT0001053,CUST002700,MOBILE APP,Initiate_Transfer,2026-06-30 08:55:15
EVT0001054,CUST003588,NET_BANKING, LOGOUT,21-02-2026 14:58
EVT0001055,CUST004244,MOBILE APP, LOGOUT,2026-03-11 21:43:37
EVT0001056,CUST004920,NET BANKING,INITIATE_TRANSFER,2026-01-10 22:11:44
EVT0001057,CUST003294,Net_Banking,Logout,05/15/2026 11:25 AM
EVT0001058,CUST002654,Net_Banking,LOGIN,2026-01-12 13:10:27
EVT0001059,CUST003962,NET_BANKING,,28-07-2026 18:24
EVT0001060,CUST001752,MOBILE_APP,LOGOUT,2026-04-01 20:46:14
EVT0001061,CUST001998,NET BANKING,LOGIN,13-07-2026 23:33
EVT0001062,CUST000532,mobile_app,LOGIN ,2026-06-17 18:56:17
EVT0001063,CUST000344,Mobile_App,VIEW_BALANCE,2026-05-09 08:07:48
EVT0001064,CUST000168,Mobile_App,login,2026-03-14 07:19:38
EVT0001065,CUST002879,,LOGIN ,25-07-2026 10:37
EVT0001066,CUST000467,NET_BANKING,INITIATE_TRANSFER,2026-05-18 23:27:18
EVT0001067,CUST001655,Mobile_App,VIEW_BALANCE,02/02/2026 12:44:18
EVT0001068,CUST001632,MOBILE_APP,VIEW_BALANCE,2026-03-26 16:17:41
EVT0001069,CUST001107,mobile_app,Login,07/07/2026 06:51 PM
EVT0001070,CUST004068,MOBILE_APP,LOGIN,22/06/2026 18:39:28
EVT0001071,CUST000110,net_banking, LOGOUT,03/22/2026 12:51 AM
EVT0001072,CUST001567,Mobile_App, LOGOUT,2026-06-26 22:21:29
EVT0001073,CUST000603,MOBILE_APP,LOGOUT,2026-03-24 13:13:20
EVT0001074,CUST000197,NET_BANKING,VIEW_BALANCE,2026-05-26 06:15:17
EVT0001075,CUST000923,NET_BANKING, LOGOUT,04/22/2026 05:01 PM
EVT0001076,CUST003695,mobile_app,View_Balance,2026-04-04 15:29:20
EVT0001077,CUST001030,NET_BANKING,VIEW_BALANCE,05/06/2026 21:50:02
EVT0001078,CUST003689,MOBILE APP,VIEW_BALANCE,2026-01-06 11:19:11
EVT0001079,CUST002706,,VIEW_BALANCE,04/13/2026 05:15 PM
EVT0001080,CUST004714,Net_Banking,initiate_transfer,18-05-2026 20:22
EVT0001081,CUST004293,mobile_app,LOGIN,26-02-2026 08:07
EVT0001082,CUST001424,MOBILE_APP,INITIATE_TRANSFER,06-02-2026 06:03
EVT0001083,CUST001887,MOBILE_APP,INITIATE_TRANSFER,2026-05-26 18:48:25
EVT0001084,CUST001058,MOBILE_APP,LOGOUT,10-01-2026 06:54
EVT0001085,CUST000412,MOBILE_APP, LOGOUT,
EVT0001086,CUST001328,MOBILE_APP,Logout,
EVT0001087,CUST001868,NET BANKING,logout,14-01-2026 14:02
EVT0001088,CUST004016,NET_BANKING,View_Balance,05-04-2026 19:56
EVT0001089,CUST003980,NET BANKING,VIEW_BALANCE,2026-01-04 01:14:26
EVT0001090,CUST003220,NET_BANKING,VIEW_BALANCE,2026-01-12 06:29:07
EVT0001091,CUST004596,NET BANKING,INITIATE_TRANSFER,20-03-2026 12:00
EVT0001092,CUST004215,NET_BANKING,INITIATE_TRANSFER,27-07-2026 00:26
EVT0001093,CUST004149,net_banking,LOGIN,2026-05-11 08:20:20
EVT0001094,CUST000419,Mobile_App,Logout,20-05-2026 16:16
EVT0001095,CUST003014,NET BANKING,initiate_transfer,15/03/2026 03:01:35
EVT0001096,CUST000992,NET_BANKING,INITIATE_TRANSFER,2026-07-20 16:36:07
EVT0001097,CUST002972,NET_BANKING,login,18/01/2026 13:19:34
EVT0001098,CUST001864,net_banking,LOGOUT,2026-04-22 12:23:27
EVT0001099,CUST003513,Net_Banking,initiate_transfer,19/02/2026 19:54:55
EVT0001100,CUST002769,NET_BANKING,view_balance,2026-04-26 03:55:52
EVT0001101,CUST001522,NET_BANKING,Initiate_Transfer,2026-06-24 16:15:20
EVT0001102,CUST000460,NET BANKING,initiate_transfer,2026-01-02 01:12:52
EVT0001103,CUST002518,MOBILE APP,view_balance,2026-07-16 23:56:19
EVT0001104,CUST000192,NET_BANKING,Logout,26-02-2026 05:44
EVT0001105,CUST002924,NET BANKING,LOGIN,07/27/2026 11:18 PM
EVT0001106,CUST002332,NET BANKING,initiate_transfer,2026-05-08 18:12:12
EVT0001107,CUST001477,NET_BANKING,LOGOUT,2026-02-01 23:28:25
EVT0001108,CUST000982,NET_BANKING,INITIATE_TRANSFER,2026-06-09 22:44:50
EVT0001109,CUST001176,MOBILE APP,initiate_transfer,09-06-2026 23:35
EVT0001110,CUST004560,NET_BANKING, LOGOUT,22/06/2026 16:28:26
EVT0001111,CUST000660,NET_BANKING,LOGIN ,08/01/2026 00:32:24
EVT0001112,CUST003919,Net_Banking,view_balance,21-06-2026 23:33
EVT0001113,CUST003158,MOBILE_APP,INITIATE_TRANSFER,2026-01-19 09:41:25
EVT0001114,CUST000377,MOBILE APP,login,06-05-2026 00:24
EVT0001115,CUST002283,MOBILE_APP,View_Balance,12-02-2026 04:01
EVT0001116,CUST000598,NET_BANKING,Login,14/05/2026 01:46:37
EVT0001117,CUST002801,Mobile_App,VIEW_BALANCE,2026-01-22 23:34:25
EVT0001118,CUST004950,MOBILE_APP,LOGIN,2026-01-30 01:53:21
EVT0001119,CUST005088,MOBILE APP,INITIATE_TRANSFER,17/05/2026 22:11:02
EVT0001120,CUST001110,NET_BANKING,logout,2026-01-29 20:40:31
EVT0001121,CUST003245,NET_BANKING,login,2026-01-19 01:45:50
EVT0001122,CUST002560,MOBILE_APP,login,27-06-2026 12:24
EVT0001123,CUST001245,MOBILE_APP,Login,03/05/2026 00:47:30
EVT0001124,CUST005090,MOBILE_APP,LOGOUT,15-01-2026 18:18
EVT0001125,CUST000133,mobile_app,INITIATE_TRANSFER,2026-05-17 10:50:33
EVT0001126,CUST004980,NET_BANKING,LOGOUT,06-06-2026 03:59
EVT0001127,CUST003339,mobile_app,Logout,30-05-2026 20:34
EVT0001128,CUST000146,Net_Banking,LOGOUT,06/11/2026 01:00 AM
EVT0001129,CUST002870,mobile_app,Logout,2026-01-27 01:48:23
EVT0001130,CUST003852,MOBILE_APP,view_balance,2026-04-23 04:54:49
EVT0001131,CUST001996,MOBILE_APP,LOGOUT,2026-04-22 00:54:41
EVT0001132,CUST004330,MOBILE APP,Login,04-07-2026 01:03
EVT0001133,CUST001959,MOBILE_APP, LOGOUT,2026-06-07 03:23:40
EVT0001134,CUST000013,MOBILE APP,LOGOUT,
EVT0001135,CUST001719,Mobile_App,LOGOUT,2026-01-05 18:52:04
EVT0001136,CUST003210,MOBILE_APP,view_balance,2026-07-09 17:08:50
EVT0001137,CUST004126,NET_BANKING,Initiate_Transfer,2026-01-30 00:21:08
EVT0001138,CUST004472,Mobile_App,VIEW_BALANCE,2026-05-17 11:21:30
EVT0001139,CUST003767,MOBILE_APP,login,2026-07-12 08:33:13
EVT0001140,CUST004620,Mobile_App,VIEW_BALANCE,2026-01-05 00:08:05
EVT0001141,CUST002582,NET_BANKING,LOGOUT,2026-04-13 01:53:35
EVT0001142,CUST000925,NET BANKING,VIEW_BALANCE,2026-02-11 10:58:56
EVT0001143,CUST000378,MOBILE_APP,VIEW_BALANCE,16/05/2026 13:10:58
EVT0001144,CUST004192,net_banking,view_balance,10/04/2026 20:01:28
EVT0001145,CUST005152,,LOGOUT,2026-04-01 20:43:45
EVT0001146,CUST001210,MOBILE APP,VIEW_BALANCE,2026-03-24 07:01:43
EVT0001147,CUST004070,mobile_app,INITIATE_TRANSFER,2026-05-04 02:28:01
EVT0001148,CUST004454,NET_BANKING,Logout,2026-06-21 09:05:47
EVT0001149,CUST003811,NET_BANKING,LOGIN ,2026-07-15 04:58:02
EVT0001150,CUST000013,mobile_app,VIEW_BALANCE,2026-06-15 23:05:22
EVT0001151,CUST003080,net_banking,view_balance,2026-01-08 02:20:38
EVT0001152,CUST004050,,Login,2026-04-10 22:56:00
EVT0001153,CUST000021,Mobile_App,Login,2026-01-03 10:58:18
EVT0001154,CUST004366,Mobile_App,Initiate_Transfer,24-04-2026 22:02
EVT0001155,CUST003258,Mobile_App,login,2026-04-28 03:16:24
EVT0001156,CUST003697,NET_BANKING,VIEW_BALANCE,05-07-2026 13:23
EVT0001157,CUST000964,NET BANKING,View_Balance,08-06-2026 01:45
EVT0001158,CUST003503,Mobile_App,View_Balance,2026-01-09 06:46:17
EVT0001159,CUST000060,MOBILE APP,INITIATE_TRANSFER,17-07-2026 15:43
EVT0001160,CUST001528,Net_Banking,initiate_transfer,2026-04-01 22:12:22
EVT0001161,CUST004841,NET_BANKING,view_balance,2026-05-10 15:18:21
EVT0001162,CUST001820,MOBILE_APP,LOGOUT,2026-05-15 11:33:37
EVT0001163,CUST000325,NET_BANKING,LOGIN,17/05/2026 18:33:03
EVT0001164,CUST002493,NET_BANKING,VIEW_BALANCE,23-03-2026 08:02
EVT0001165,CUST002780,NET BANKING,Initiate_Transfer,23-03-2026 03:42
EVT0001166,CUST004001,NET_BANKING,LOGOUT,2026-05-18 20:15:44
EVT0001167,CUST003222,Mobile_App,Login,03/04/2026 06:40:19
EVT0001168,CUST004683,NET BANKING, LOGOUT,06/30/2026 01:19 PM
EVT0001169,CUST003861,MOBILE_APP, LOGOUT,15-07-2026 13:56
EVT0001170,CUST001588,NET_BANKING,LOGIN,2026-03-13 03:36:38
EVT0001171,CUST001646,Net_Banking,LOGIN,2026-04-17 19:23:17
EVT0001172,CUST000139,NET_BANKING,Initiate_Transfer,2026-01-09 18:55:18
EVT0001173,CUST002803,NET BANKING,View_Balance,03/19/2026 07:22 AM
EVT0001174,CUST000183,MOBILE_APP,LOGIN,04/06/2026 11:34 AM
EVT0001175,CUST000346,NET_BANKING,INITIATE_TRANSFER,2026-02-07 06:05:17
EVT0001176,CUST003770,NET_BANKING,LOGOUT,2026-03-30 20:31:48
EVT0001177,CUST004393,Net_Banking,INITIATE_TRANSFER,28/01/2026 00:42:31
EVT0001178,CUST002643,NET BANKING,VIEW_BALANCE,06/03/2026 18:15:02
EVT0001179,CUST003207,Mobile_App,INITIATE_TRANSFER,2026-01-31 16:37:05
EVT0001180,CUST004180,NET BANKING,initiate_transfer,2026-01-13 07:37:19
EVT0001181,CUST001503,Mobile_App,LOGIN,2026-07-11 15:23:29
EVT0001182,CUST002310,MOBILE APP,VIEW_BALANCE,07-01-2026 15:19
EVT0001183,CUST003972,mobile_app,login,2026-05-20 08:24:33
EVT0001184,CUST002632,mobile_app,VIEW_BALANCE,03-03-2026 23:46
EVT0001185,CUST004125,MOBILE_APP,LOGIN ,
EVT0001186,CUST003538,Mobile_App,Initiate_Transfer,2026-06-09 18:21:26
EVT0001187,CUST001997,NET_BANKING,initiate_transfer,2026-03-29 06:44:40
EVT0001188,CUST001138,Net_Banking,VIEW_BALANCE,09-02-2026 07:29
EVT0001189,CUST002273,NET BANKING,login,03-05-2026 19:20
EVT0001190,CUST004053,NET BANKING,LOGOUT,2026-05-18 09:41:28
EVT0001191,CUST004875,MOBILE_APP,VIEW_BALANCE,12-06-2026 03:30
EVT0001192,CUST001168,Mobile_App,Initiate_Transfer,2026-02-13 06:48:09
EVT0001193,CUST004215,net_banking,VIEW_BALANCE,2026-05-27 05:38:32
EVT0001194,CUST004506,MOBILE_APP,,05-05-2026 02:24
EVT0001195,CUST001051,Net_Banking,LOGIN ,02/06/2026 07:17:34
EVT0001196,CUST001476,Net_Banking,,2026-01-08 22:15:23
EVT0001197,CUST001430,Mobile_App,view_balance,03/01/2026 12:03 PM
EVT0001198,CUST004667,MOBILE APP,Logout,2026-04-29 06:01:40
EVT0001199,CUST000126,Net_Banking,login,2026-07-12 23:01:35
EVT0001200,CUST004989,Mobile_App,logout,11/02/2026 22:41:16
EVT0001201,CUST003638,MOBILE_APP,LOGIN,2026-01-16 07:37:47
EVT0001202,CUST001554,Mobile_App,logout,2026-05-04 02:27:00
EVT0001203,CUST003366,Mobile_App,View_Balance,04/27/2026 11:27 PM
EVT0001204,CUST000237,net_banking,initiate_transfer,18-07-2026 21:13
EVT0001205,CUST003043,MOBILE APP,logout,15/02/2026 15:30:25
EVT0001206,CUST004098,mobile_app,VIEW_BALANCE,01-01-2026 11:43
EVT0001207,CUST003843,,Login,2026-04-04 23:18:22
EVT0001208,CUST005107,Mobile_App,Login,09-07-2026 07:41
EVT0001209,CUST002688,MOBILE APP,login,2026-07-18 07:14:00
EVT0001210,CUST004970,MOBILE_APP,Login,2026-03-22 21:21:19
EVT0001211,CUST000796,MOBILE APP,LOGOUT,19-05-2026 03:37
EVT0001212,CUST000432,NET_BANKING,initiate_transfer,10-06-2026 05:07
EVT0001213,CUST004120,Net_Banking,LOGOUT,07-02-2026 11:58
EVT0001214,CUST004128,MOBILE_APP,view_balance,2026-04-17 14:33:56
EVT0001215,CUST002316,Mobile_App,Logout,10/05/2026 04:29:22
EVT0001216,CUST005095,MOBILE_APP,LOGIN ,2026-03-05 06:30:01
EVT0001217,CUST004986,MOBILE APP,logout,01-02-2026 02:47
EVT0001218,CUST001532,net_banking,login,2026-06-07 01:05:17
EVT0001219,CUST005191,net_banking,VIEW_BALANCE,10-07-2026 00:15
EVT0001220,CUST002116,NET_BANKING,Logout,03/25/2026 05:45 AM
EVT0001221,CUST003943,NET BANKING,INITIATE_TRANSFER,29-07-2026 04:59
EVT0001222,CUST000116,MOBILE_APP,Initiate_Transfer,2026-04-17 16:09:37
EVT0001223,CUST002661,mobile_app,LOGOUT,29/04/2026 07:05:50
EVT0001224,CUST000687,MOBILE_APP,Logout,2026-05-01 19:32:59
EVT0001225,CUST002915,Net_Banking,VIEW_BALANCE,2026-01-22 19:22:45
EVT0001226,CUST003460,NET_BANKING,initiate_transfer,2026-02-21 00:40:28
EVT0001227,CUST003683,MOBILE_APP,LOGIN,02-02-2026 06:33
EVT0001228,CUST001193,mobile_app,LOGOUT,09-04-2026 19:49
EVT0001229,CUST000692,MOBILE APP,Logout,2026-03-03 02:40:39
EVT0001230,CUST004156,MOBILE_APP,VIEW_BALANCE,2026-05-17 04:24:05
EVT0001231,CUST000236,NET_BANKING,Login,2026-05-24 11:29:13
EVT0001232,CUST001190,Net_Banking,LOGIN ,2026-02-15 00:53:33
EVT0001233,CUST002575,MOBILE APP,INITIATE_TRANSFER,2026-07-17 10:48:37
EVT0001234,CUST003197,NET_BANKING,LOGOUT,17-05-2026 18:20
EVT0001235,CUST003267,mobile_app,INITIATE_TRANSFER,20/01/2026 09:58:01
EVT0001236,CUST005079,mobile_app,VIEW_BALANCE,02/11/2026 04:56 AM
EVT0001237,CUST002458,Mobile_App, LOGOUT,2026-07-02 07:46:01
EVT0001238,CUST000404,NET_BANKING,LOGOUT,14/07/2026 00:24:23
EVT0001239,CUST003958,MOBILE_APP,VIEW_BALANCE,2026-05-03 12:54:32
EVT0001240,CUST000425,net_banking,logout,2026-04-10 11:52:37
EVT0001241,CUST000417,Net_Banking,Initiate_Transfer,2026-02-22 21:12:47
EVT0001242,CUST002233,Net_Banking,view_balance,2026-04-24 18:09:56
EVT0001243,CUST002703,mobile_app,logout,04/03/2026 04:53 AM
EVT0001244,CUST001409,Net_Banking, LOGOUT,2026-03-12 21:31:54
EVT0001245,CUST004415,MOBILE APP,INITIATE_TRANSFER,2026-06-01 19:06:29
EVT0001246,CUST004320,net_banking,logout,2026-04-23 05:03:45
EVT0001247,CUST004136,mobile_app,View_Balance,2026-04-29 00:35:09
EVT0001248,CUST001514,NET_BANKING,INITIATE_TRANSFER,2026-03-23 10:37:18
EVT0001249,CUST001442,NET BANKING,LOGOUT,2026-02-08 06:23:06
EVT0001250,CUST004495,NET BANKING,view_balance,2026-05-02 00:15:28
EVT0001251,CUST000562,NET_BANKING,LOGOUT,03/13/2026 11:39 AM
EVT0001252,CUST000780,MOBILE APP, LOGOUT,02-03-2026 09:00
EVT0001253,CUST003847,,VIEW_BALANCE,2026-05-20 07:27:34
EVT0001254,CUST004232,Net_Banking,VIEW_BALANCE,2026-07-20 10:07:52
EVT0001255,CUST002363,mobile_app,Login,2026-06-19 04:23:07
EVT0001256,CUST003511,Mobile_App,INITIATE_TRANSFER,2026-01-03 15:04:34
EVT0001257,CUST001124,NET BANKING,INITIATE_TRANSFER,2026-05-12 14:01:30
EVT0001258,CUST003546,NET_BANKING,Initiate_Transfer,15-04-2026 21:47
EVT0001259,CUST001210,NET BANKING,VIEW_BALANCE,2026-02-23 22:14:49
EVT0001260,CUST000603,NET_BANKING,initiate_transfer,2026-01-21 09:41:33
EVT0001261,CUST000821,NET_BANKING,initiate_transfer,2026-02-27 19:23:23
EVT0001262,CUST000938,Net_Banking,LOGIN,2026-07-20 21:43:39
EVT0001263,CUST004951,Net_Banking,INITIATE_TRANSFER,01-02-2026 17:45
EVT0001264,CUST002988,net_banking,VIEW_BALANCE,07/03/2026 04:48 PM
EVT0001265,CUST002068,mobile_app,LOGIN,11/01/2026 02:17:45
EVT0001266,CUST000425,NET_BANKING,LOGOUT,2026-04-02 17:39:52
EVT0001267,CUST005000,Net_Banking,INITIATE_TRANSFER,2026-06-16 21:29:55
EVT0001268,CUST004686,Mobile_App,INITIATE_TRANSFER,16-01-2026 15:23
EVT0001269,CUST003885,MOBILE_APP,INITIATE_TRANSFER,2026-07-11 23:06:07
EVT0001270,CUST002028,mobile_app,initiate_transfer,09-07-2026 10:42
EVT0001271,CUST000487,net_banking,Logout,2026-03-01 00:32:59
EVT0001272,CUST004724,MOBILE_APP, LOGOUT,
EVT0001273,CUST001451,MOBILE APP,initiate_transfer,27-01-2026 17:48
EVT0001274,CUST003063,NET BANKING,Logout,2026-03-25 22:27:05
EVT0001275,CUST001001,MOBILE APP,INITIATE_TRANSFER,2026-07-02 18:30:49
EVT0001276,CUST001532,NET BANKING,initiate_transfer,2026-01-26 04:19:02
EVT0001277,CUST001547,net_banking,VIEW_BALANCE,2026-06-01 23:46:52
EVT0001278,CUST003083,MOBILE APP,LOGIN,2026-02-27 18:36:21
EVT0001279,CUST002663,Net_Banking,INITIATE_TRANSFER,18-06-2026 03:28
EVT0001280,CUST001859,,Initiate_Transfer,
EVT0001281,CUST005137,MOBILE APP,LOGOUT,2026-07-08 13:48:47
EVT0001282,CUST004725,Mobile_App,login,2026-07-09 04:15:40
EVT0001283,CUST004186,MOBILE_APP,LOGIN,2026-06-17 04:04:25
EVT0001284,CUST003431,MOBILE_APP,LOGIN,2026-01-02 03:59:49
EVT0001285,CUST001313,Mobile_App,Initiate_Transfer,2026-01-26 01:18:44
EVT0001286,CUST004002,NET_BANKING,INITIATE_TRANSFER,2026-04-05 19:01:17
EVT0001287,CUST002333,MOBILE_APP,LOGOUT,20/01/2026 12:42:44
EVT0001288,CUST001902,NET_BANKING,LOGIN,2026-05-16 16:53:41
EVT0001289,CUST003061,MOBILE_APP,LOGIN ,27/03/2026 15:10:41
EVT0001290,CUST000973,NET_BANKING, LOGOUT,01-07-2026 16:08
EVT0001291,CUST000766,Net_Banking,VIEW_BALANCE,02-03-2026 09:58
EVT0001292,CUST000401,MOBILE_APP,View_Balance,2026-07-12 12:58:15
EVT0001293,CUST004317,NET BANKING,LOGOUT,18-05-2026 14:37
EVT0001294,CUST000445,Mobile_App, LOGOUT,07/30/2026 01:17 PM
EVT0001295,CUST004578,NET BANKING,INITIATE_TRANSFER,06/12/2026 08:00 AM
EVT0001296,CUST001834,mobile_app,Initiate_Transfer,2026-03-13 21:57:28
EVT0001297,CUST002593,MOBILE_APP,LOGIN,04/11/2026 05:28 PM
EVT0001298,CUST000730,MOBILE APP,VIEW_BALANCE,2026-07-23 08:16:15
EVT0001299,CUST002368,MOBILE_APP,View_Balance,09-07-2026 09:12
EVT0001300,CUST002284,mobile_app,INITIATE_TRANSFER,08-04-2026 02:01
EVT0001301,CUST000579,Net_Banking,INITIATE_TRANSFER,01-07-2026 19:32
EVT0001302,CUST001061,MOBILE_APP,login,2026-04-18 09:47:36
EVT0001303,CUST004818,MOBILE_APP,VIEW_BALANCE,2026-02-13 13:36:13
EVT0001304,CUST002079,NET_BANKING,LOGIN,11-06-2026 19:45
EVT0001305,CUST000648,NET_BANKING,initiate_transfer,2026-05-09 04:55:16
EVT0001306,CUST000607,Mobile_App,INITIATE_TRANSFER,28/03/2026 07:07:11
EVT0001307,CUST001904,MOBILE APP,VIEW_BALANCE,2026-06-05 21:53:34
EVT0001308,CUST003919,mobile_app,initiate_transfer,01-04-2026 15:49
EVT0001309,CUST001364,net_banking,VIEW_BALANCE,22-02-2026 12:19
EVT0001310,CUST001915,Net_Banking,LOGIN,06-03-2026 03:16
EVT0001311,CUST002354,mobile_app,logout,2026-01-26 02:04:17
EVT0001312,CUST004090,NET_BANKING,LOGIN,2026-05-29 21:53:43
EVT0001313,CUST002398,NET_BANKING,VIEW_BALANCE,23-05-2026 22:55
EVT0001314,CUST004590,Mobile_App,VIEW_BALANCE,02/23/2026 03:30 PM
EVT0001315,CUST002535,mobile_app,Initiate_Transfer,2026-03-19 19:41:48
EVT0001316,CUST000365,net_banking,Login,2026-04-16 03:37:40
EVT0001317,CUST003331,Net_Banking,INITIATE_TRANSFER,2026-02-06 12:20:00
EVT0001318,CUST001900,MOBILE_APP,View_Balance,19/02/2026 04:19:01
EVT0001319,CUST002431,Net_Banking,login,08/03/2026 13:56:50
EVT0001320,CUST001161,MOBILE_APP,Initiate_Transfer,
EVT0001321,CUST002695,NET BANKING,logout,03/29/2026 01:47 AM
EVT0001322,CUST002109,Net_Banking,VIEW_BALANCE,07/06/2026 22:11:54
EVT0001323,CUST001392,NET BANKING, LOGOUT,2026-04-24 22:44:34
EVT0001324,CUST005077,NET_BANKING,LOGOUT,19-03-2026 12:18
EVT0001325,CUST003299,Mobile_App, LOGOUT,2026-01-27 16:43:42
EVT0001326,CUST000980,MOBILE_APP,Initiate_Transfer,2026-05-20 17:20:58
EVT0001327,CUST003042,NET_BANKING,INITIATE_TRANSFER,26/02/2026 23:10:49
EVT0001328,CUST001825,MOBILE APP,login,30-05-2026 06:50
EVT0001329,CUST001922,MOBILE_APP,LOGIN ,24-05-2026 00:41
EVT0001330,CUST001880,MOBILE_APP,VIEW_BALANCE,06/06/2026 01:12:42
EVT0001331,CUST002941,NET_BANKING,VIEW_BALANCE,2026-02-01 01:48:17
EVT0001332,CUST002547,MOBILE APP,login,2026-07-20 17:37:22
EVT0001333,CUST003964,mobile_app,LOGOUT,23-03-2026 13:23
EVT0001334,CUST002384,net_banking,Login,2026-04-01 18:21:58
EVT0001335,CUST000398,MOBILE_APP,LOGOUT,24/03/2026 11:29:23
EVT0001336,CUST000092,MOBILE_APP,initiate_transfer,2026-04-04 21:24:48
EVT0001337,CUST000904,net_banking,INITIATE_TRANSFER,2026-01-24 15:03:19
EVT0001338,CUST002136,NET BANKING,LOGIN ,2026-05-22 17:32:15
EVT0001339,CUST002016,NET_BANKING,LOGIN ,04-01-2026 00:52
EVT0001340,CUST000505,MOBILE_APP,View_Balance,2026-05-21 01:27:45
EVT0001341,CUST000091,,Logout,01-01-2026 20:50
EVT0001342,CUST002969,NET_BANKING,logout,23/06/2026 02:38:18
EVT0001343,CUST000709,mobile_app,LOGIN,03-02-2026 04:05
EVT0001344,CUST000036,MOBILE_APP,VIEW_BALANCE,2026-04-29 08:50:38
EVT0001345,CUST002126,NET_BANKING,initiate_transfer,2026-02-23 09:38:59
EVT0001346,CUST000818,MOBILE_APP,VIEW_BALANCE,29/05/2026 15:30:01
EVT0001347,CUST001859,NET_BANKING,INITIATE_TRANSFER,20-01-2026 04:42
EVT0001348,CUST000445,NET BANKING,LOGIN,2026-02-07 03:43:14
EVT0001349,CUST003767,MOBILE_APP,login,2026-05-24 20:02:58
EVT0001350,CUST004711,NET_BANKING,VIEW_BALANCE,08-03-2026 06:33
EVT0001351,CUST001947,NET_BANKING,INITIATE_TRANSFER,05/04/2026 11:32 PM
EVT0001352,CUST004362,MOBILE_APP,Logout,2026-06-08 20:14:45
EVT0001353,CUST003661,NET BANKING,View_Balance,05-06-2026 10:33
EVT0001354,CUST001397,NET_BANKING,,13-03-2026 18:01
EVT0001355,CUST005022,MOBILE_APP,initiate_transfer,07-03-2026 13:03
EVT0001356,CUST002515,MOBILE APP,LOGIN ,2026-03-02 00:47:14
EVT0001357,CUST001297,net_banking,login,12/03/2026 16:07:31
EVT0001358,CUST003757,MOBILE_APP,LOGIN ,2026-01-08 11:58:21
EVT0001359,CUST003296,MOBILE_APP,LOGIN,17/04/2026 19:42:13
EVT0001360,CUST000082,Mobile_App,login,2026-07-09 13:45:57
EVT0001361,CUST003911,NET BANKING,Logout,30/06/2026 20:35:49
EVT0001362,CUST001241,MOBILE APP,logout,11-07-2026 16:50
EVT0001363,CUST002981,,LOGIN,2026-04-27 20:49:07
EVT0001364,CUST002649,NET_BANKING,LOGOUT,15-05-2026 15:19
EVT0001365,CUST001329,MOBILE_APP,View_Balance,2026-03-28 05:09:53
EVT0001366,CUST000072,NET_BANKING,Logout,2026-07-26 03:18:46
EVT0001367,CUST003335,MOBILE_APP,View_Balance,2026-02-21 14:03:57
EVT0001368,CUST000211,MOBILE APP,VIEW_BALANCE,2026-07-05 20:20:09
EVT0001369,CUST001696,MOBILE_APP,Logout,2026-01-15 16:32:06
EVT0001370,CUST005126,Net_Banking,view_balance,02/04/2026 15:58:12
EVT0001371,CUST000248,NET BANKING,LOGIN ,12-01-2026 05:46
EVT0001372,CUST003078,Mobile_App,LOGOUT,2026-02-12 10:46:09
EVT0001373,CUST005090,mobile_app,VIEW_BALANCE,11-04-2026 02:46
EVT0001374,CUST002582,MOBILE_APP,INITIATE_TRANSFER,18/03/2026 13:13:32
EVT0001375,CUST000157,NET BANKING,Initiate_Transfer,20-07-2026 23:45
EVT0001376,CUST002178,NET_BANKING,view_balance,02/01/2026 20:33:26
EVT0001377,CUST002058,NET BANKING,logout,2026-05-27 08:23:05
EVT0001378,CUST004099,Net_Banking,LOGOUT,2026-02-10 01:28:12
EVT0001379,CUST000459,NET_BANKING,LOGOUT,2026-05-05 11:10:01
EVT0001380,CUST002760,Mobile_App,Login,27-03-2026 16:30
EVT0001381,CUST000623,Net_Banking,INITIATE_TRANSFER,2026-03-08 01:43:20
EVT0001382,CUST004217,Mobile_App,LOGIN,17-02-2026 03:16
EVT0001383,CUST002480,NET_BANKING,login,2026-05-04 04:59:10
EVT0001384,CUST000287,MOBILE_APP,LOGOUT,2026-05-19 11:04:09
EVT0001385,CUST001174,NET_BANKING,Initiate_Transfer,25/05/2026 10:50:16
EVT0001386,CUST004048,NET BANKING,Initiate_Transfer,2026-07-13 17:25:53
EVT0001387,CUST000356,MOBILE_APP,LOGIN,28-04-2026 04:32
EVT0001388,CUST003755,net_banking,VIEW_BALANCE,2026-06-30 23:03:08
EVT0001389,CUST002797,Net_Banking, LOGOUT,2026-04-01 04:30:15
EVT0001390,CUST001552,net_banking,LOGIN,2026-05-20 03:06:30
EVT0001391,CUST004971,MOBILE APP,LOGIN ,20/03/2026 00:49:55
EVT0001392,CUST003826,NET BANKING,LOGOUT,2026-02-08 08:41:44
EVT0001393,CUST002680,NET_BANKING,LOGOUT,23-07-2026 15:06
EVT0001394,CUST003817,Net_Banking,login,2026-05-15 05:31:04
EVT0001395,CUST000695,MOBILE_APP,Logout,12-03-2026 07:34
EVT0001396,CUST000402,NET BANKING,VIEW_BALANCE,
EVT0001397,CUST002790,NET_BANKING,INITIATE_TRANSFER,2026-06-08 23:17:26
EVT0001398,CUST000356,net_banking,LOGOUT,2026-02-21 11:46:32
EVT0001399,CUST001445,NET_BANKING, LOGOUT,2026-04-09 08:11:47
EVT0001400,CUST001737,MOBILE APP,LOGOUT,20/06/2026 07:08:33
EVT0001401,CUST000789,NET BANKING,Initiate_Transfer,2026-06-03 04:39:18
EVT0001402,CUST002755,,Login,2026-03-21 02:10:49
EVT0001403,CUST002813,MOBILE_APP,LOGOUT,23-06-2026 09:57
EVT0001404,CUST002174,,LOGOUT,2026-05-20 16:07:11
EVT0001405,CUST001261,MOBILE_APP,VIEW_BALANCE,2026-04-25 22:19:21
EVT0001406,CUST000449,MOBILE APP,Logout,06/26/2026 07:00 AM
EVT0001407,CUST001426,NET_BANKING,view_balance,2026-06-20 15:20:49
EVT0001408,CUST004203,NET_BANKING,INITIATE_TRANSFER,2026-05-29 18:19:11
EVT0001409,CUST004392,NET BANKING,LOGIN,2026-02-25 14:37:41
EVT0001410,CUST003519,Net_Banking,Login,2026-07-29 01:09:30
EVT0001411,CUST001914,MOBILE_APP,Login,2026-02-14 21:12:31
EVT0001412,CUST000515,Net_Banking,VIEW_BALANCE,04/23/2026 03:18 AM
EVT0001413,CUST003008,mobile_app,LOGIN,19/03/2026 13:50:38
EVT0001414,CUST000547,net_banking,initiate_transfer,2026-07-28 02:30:57
EVT0001415,CUST004542,Net_Banking,logout,06/15/2026 07:09 AM
EVT0001416,CUST002325,net_banking,LOGIN,2026-07-05 10:02:18
EVT0001417,CUST002128,MOBILE_APP,INITIATE_TRANSFER,2026-03-13 22:56:55
EVT0001418,CUST002864,NET_BANKING,VIEW_BALANCE,01/04/2026 08:17 PM
EVT0001419,CUST003101,MOBILE APP,LOGIN,2026-01-12 16:54:06
EVT0001420,CUST002230,,VIEW_BALANCE,2026-01-01 08:02:39
EVT0001421,CUST000538,NET_BANKING,LOGOUT,2026-05-03 02:29:36
EVT0001422,CUST005159,MOBILE_APP,initiate_transfer,21-04-2026 09:33
EVT0001423,CUST005025,Net_Banking,initiate_transfer,2026-07-18 06:46:32
EVT0001424,CUST001074,Mobile_App,VIEW_BALANCE,2026-02-05 04:17:42
EVT0001425,CUST000562,MOBILE APP,VIEW_BALANCE,2026-03-09 04:57:04
EVT0001426,CUST000524,NET_BANKING,initiate_transfer,2026-05-31 17:17:47
EVT0001427,CUST004450,MOBILE_APP,VIEW_BALANCE,2026-04-10 20:12:18
EVT0001428,CUST003198,Mobile_App,View_Balance,2026-04-21 13:35:28
EVT0001429,CUST003528,MOBILE_APP,logout,31-07-2026 16:20
EVT0001430,CUST003215,Net_Banking,INITIATE_TRANSFER,2026-03-18 15:11:22
EVT0001431,CUST000683,NET_BANKING,Login,01-02-2026 14:18
EVT0001432,CUST002519,Mobile_App,LOGIN,2026-07-16 21:18:24
EVT0001433,CUST004843,NET BANKING,VIEW_BALANCE,2026-01-17 11:53:54
EVT0001434,CUST003044,NET BANKING,LOGIN ,2026-02-27 20:27:32
EVT0001435,CUST003553,NET_BANKING,VIEW_BALANCE,2026-07-24 00:53:55
EVT0001436,CUST003458,mobile_app,LOGIN,2026-01-09 08:40:27
EVT0001437,CUST000281,mobile_app,LOGOUT,07-02-2026 11:14
EVT0001438,CUST000178,net_banking,View_Balance,2026-06-30 12:28:14
EVT0001439,CUST003240,mobile_app,Logout,22-02-2026 17:24
EVT0001440,CUST003668,net_banking,LOGIN ,04/05/2026 09:08 AM
EVT0001441,CUST001775,NET BANKING,login,09-04-2026 22:21
EVT0001442,CUST000542,Mobile_App,LOGIN,2026-04-09 02:33:37
EVT0001443,CUST001576,NET_BANKING,Logout,2026-06-07 03:22:36
EVT0001444,CUST000928,MOBILE_APP,,2026-03-12 19:02:44
EVT0001445,CUST001088,NET_BANKING,LOGIN ,2026-05-23 06:29:18
EVT0001446,CUST000042,MOBILE APP,INITIATE_TRANSFER,2026-04-05 03:11:02
EVT0001447,CUST001722,MOBILE_APP,INITIATE_TRANSFER,2026-06-18 07:23:25
EVT0001448,CUST000792,Mobile_App, LOGOUT,2026-03-19 00:56:08
EVT0001449,CUST004279,NET_BANKING, LOGOUT,2026-07-30 02:26:09
EVT0001450,CUST005064,NET BANKING,login,14-03-2026 06:14
EVT0001451,CUST000555,Mobile_App,View_Balance,24-04-2026 05:43
EVT0001452,CUST001508,MOBILE_APP,LOGIN ,2026-03-13 01:27:49
EVT0001453,CUST001380,Mobile_App,LOGOUT,05/05/2026 07:31:06
EVT0001454,CUST002035,MOBILE_APP,Initiate_Transfer,2026-04-24 22:47:01
EVT0001455,CUST002263,NET_BANKING,VIEW_BALANCE,2026-07-01 04:13:19
EVT0001456,CUST000900,Mobile_App,LOGIN ,15-04-2026 20:01
EVT0001457,CUST004429,mobile_app,LOGOUT,2026-03-25 01:45:46
EVT0001458,CUST000819,mobile_app,INITIATE_TRANSFER,2026-03-26 18:52:07
EVT0001459,CUST003476,NET BANKING,Initiate_Transfer,03/01/2026 08:24:06
EVT0001460,CUST000783,Net_Banking,LOGOUT,2026-01-15 23:30:49
EVT0001461,CUST000797,NET_BANKING,LOGIN,2026-04-26 05:59:57
EVT0001462,CUST000791,MOBILE APP,view_balance,30-03-2026 12:07
EVT0001463,CUST004451,Mobile_App,logout,22/04/2026 13:19:11
EVT0001464,CUST004347,NET_BANKING,Login,2026-05-16 05:24:30
EVT0001465,CUST000078,MOBILE_APP,INITIATE_TRANSFER,
EVT0001466,CUST000414,MOBILE_APP,INITIATE_TRANSFER,18-05-2026 17:29
EVT0001467,CUST001238,MOBILE_APP,Login,17-01-2026 23:10
EVT0001468,CUST000003,NET_BANKING,INITIATE_TRANSFER,06-02-2026 11:06
EVT0001469,CUST000200,Mobile_App,,28-07-2026 01:48
EVT0001470,CUST003961,Net_Banking,login,2026-05-09 23:27:55
EVT0001471,CUST005069,NET BANKING,logout,2026-02-16 22:25:21
EVT0001472,CUST003237,NET_BANKING,initiate_transfer,2026-01-29 08:09:17
EVT0001473,CUST002852,mobile_app,Initiate_Transfer,2026-06-18 08:03:55
EVT0001474,CUST002722,MOBILE_APP,initiate_transfer,14-05-2026 21:51
EVT0001475,CUST000518,NET_BANKING,INITIATE_TRANSFER,2026-05-04 18:06:19
EVT0001476,CUST002889,MOBILE_APP,Logout,2026-02-08 20:42:52
EVT0001477,CUST005116,NET_BANKING,Login,2026-06-10 15:00:10
EVT0001478,CUST004620,MOBILE_APP,LOGIN ,2026-04-16 18:17:45
EVT0001479,CUST001693,Mobile_App,LOGIN,22-06-2026 08:53
EVT0001480,CUST005094,net_banking,LOGIN,2026-02-15 05:43:47
EVT0001481,CUST004463,Net_Banking,view_balance,2026-01-07 22:42:24
EVT0001482,CUST002041,MOBILE APP,initiate_transfer,2026-03-03 19:15:06
EVT0001483,CUST001154,MOBILE_APP,Logout,2026-01-21 14:31:55
EVT0001484,CUST004285,NET_BANKING,LOGOUT,07/17/2026 10:36 AM
EVT0001485,CUST005168,NET BANKING,LOGOUT,2026-04-05 09:06:04
EVT0001486,CUST003053,net_banking,Logout,
EVT0001487,CUST002956,MOBILE_APP,LOGIN ,2026-06-20 13:18:18
EVT0001488,CUST000054,Net_Banking,view_balance,2026-07-23 05:22:08
EVT0001489,CUST000857,NET BANKING, LOGOUT,2026-04-13 04:46:22
EVT0001490,CUST004188,Mobile_App,logout,2026-04-26 03:22:42
EVT0001491,CUST002365,Mobile_App,logout,2026-05-28 17:30:05
EVT0001492,CUST004378,Mobile_App,Initiate_Transfer,2026-01-26 15:34:36
EVT0001493,CUST004970,MOBILE_APP,LOGIN ,2026-05-15 03:15:09
EVT0001494,CUST004723,MOBILE_APP,INITIATE_TRANSFER,18-07-2026 14:54
EVT0001495,CUST003020,NET BANKING,VIEW_BALANCE,12-02-2026 06:42
EVT0001496,CUST001421,NET_BANKING, LOGOUT,08-05-2026 10:29
EVT0001497,CUST003886,mobile_app,View_Balance,18-01-2026 17:28
EVT0001498,CUST004236,NET_BANKING,VIEW_BALANCE,2026-07-02 17:21:16
EVT0001499,CUST002983,MOBILE_APP,LOGIN ,2026-01-22 18:08:52
EVT0001500,CUST000298,MOBILE_APP,INITIATE_TRANSFER,01/04/2026 08:00:31
EVT0001501,CUST000677,net_banking, LOGOUT,2026-03-16 23:07:49
EVT0001502,CUST005151,NET BANKING,View_Balance,2026-07-04 09:00:55
EVT0001503,CUST000236,MOBILE_APP,Login,2026-07-16 15:31:34
EVT0001504,CUST000463,NET_BANKING,VIEW_BALANCE,21/06/2026 06:51:42
EVT0001505,CUST003272,NET_BANKING,initiate_transfer,2026-03-07 13:56:02
EVT0001506,CUST000502,MOBILE_APP,LOGIN ,06/12/2026 11:20 AM
EVT0001507,CUST001517,MOBILE_APP,login,06/07/2026 10:22:51
EVT0001508,CUST004970,MOBILE APP,INITIATE_TRANSFER,08-06-2026 18:22
EVT0001509,CUST001831,Net_Banking,INITIATE_TRANSFER,13-04-2026 23:41
EVT0001510,CUST004849,NET_BANKING,,01/25/2026 07:26 AM
EVT0001511,CUST002677,MOBILE_APP,Logout,2026-04-07 11:05:46
EVT0001512,CUST002993,NET_BANKING,view_balance,2026-05-14 02:48:55
EVT0001513,CUST002508,NET_BANKING,LOGOUT,07-05-2026 10:46
EVT0001514,CUST004237,net_banking, LOGOUT,06/13/2026 02:29 PM
EVT0001515,CUST002638,NET BANKING, LOGOUT,25/01/2026 20:38:29
EVT0001516,CUST000959,Net_Banking,Login,2026-06-26 19:15:54
EVT0001517,CUST000134,mobile_app,view_balance,2026-02-05 04:39:28
EVT0001518,CUST005127,NET_BANKING,View_Balance,2026-01-14 22:03:31
EVT0001519,CUST003500,MOBILE APP,Initiate_Transfer,15-05-2026 22:58
EVT0001520,CUST001125,NET_BANKING,INITIATE_TRANSFER,2026-05-31 17:21:54
EVT0001521,CUST004806,Net_Banking,LOGIN ,04-05-2026 02:35
EVT0001522,CUST004247,MOBILE_APP,initiate_transfer,2026-01-05 11:58:38
EVT0001523,CUST003922,NET_BANKING,INITIATE_TRANSFER,2026-07-14 12:09:49
EVT0001524,CUST005179,NET_BANKING,LOGIN,2026-05-31 22:03:38
EVT0001525,CUST003421,NET BANKING,Initiate_Transfer,2026-07-08 12:13:06
EVT0001526,CUST002614,Net_Banking,VIEW_BALANCE,2026-04-16 10:37:56
EVT0001527,CUST000274,net_banking,INITIATE_TRANSFER,2026-02-26 00:06:48
EVT0001528,CUST004584,mobile_app,logout,2026-01-18 02:03:46
EVT0001529,CUST000562,Mobile_App,VIEW_BALANCE,03-03-2026 08:14
EVT0001530,CUST001666,NET_BANKING,LOGOUT,07-04-2026 08:11
EVT0001531,CUST002713,NET BANKING,Login,2026-07-09 03:35:31
EVT0001532,CUST001831,NET BANKING,INITIATE_TRANSFER,2026-04-28 02:39:03
EVT0001533,CUST001459,net_banking,LOGOUT,08-01-2026 05:14
EVT0001534,CUST001626,MOBILE_APP,view_balance,2026-02-08 01:04:30
EVT0001535,CUST003217,MOBILE_APP,initiate_transfer,07/15/2026 11:30 PM
EVT0001536,CUST003475,MOBILE_APP,Initiate_Transfer,2026-07-31 09:51:42
EVT0001537,CUST002423,NET_BANKING,view_balance,2026-02-15 07:43:13
EVT0001538,CUST001026,mobile_app,,2026-05-28 13:18:57
EVT0001539,CUST004140,Net_Banking,INITIATE_TRANSFER,2026-03-17 03:15:18
EVT0001540,CUST000239,NET_BANKING,login,2026-06-27 06:35:27
EVT0001541,CUST004178,net_banking,view_balance,04/14/2026 03:36 AM
EVT0001542,CUST002373,MOBILE_APP,INITIATE_TRANSFER,22/01/2026 12:00:31
EVT0001543,CUST002892,MOBILE APP,Initiate_Transfer,25/06/2026 11:13:46
EVT0001544,CUST004982,mobile_app,View_Balance,2026-03-04 21:45:26
EVT0001545,CUST000686,Net_Banking,VIEW_BALANCE,2026-07-17 00:03:57
EVT0001546,CUST000556,mobile_app,LOGIN,2026-03-08 02:11:57
EVT0001547,CUST004806,Net_Banking,Initiate_Transfer,2026-03-04 08:16:08
EVT0001548,CUST000022,NET BANKING,login,2026-06-06 15:39:01
EVT0001549,CUST001041,mobile_app,LOGOUT,24-05-2026 22:25
EVT0001550,CUST001923,MOBILE_APP,INITIATE_TRANSFER,16-06-2026 22:25
EVT0001551,CUST000023,Net_Banking,LOGIN,27/05/2026 11:02:06
EVT0001552,CUST003687,NET BANKING,initiate_transfer,2026-07-11 22:29:01
EVT0001553,CUST002803,Mobile_App,LOGIN ,2026-04-09 20:15:52
EVT0001554,CUST001154,NET_BANKING,INITIATE_TRANSFER,29-04-2026 23:11
EVT0001555,CUST003690,NET_BANKING,Logout,2026-03-08 09:16:41
EVT0001556,CUST001235,MOBILE_APP,LOGOUT,06-07-2026 09:17
EVT0001557,CUST002371,Mobile_App, LOGOUT,18/03/2026 18:18:54
EVT0001558,CUST001336,MOBILE_APP,logout,2026-02-03 01:32:11
EVT0001559,CUST003661,NET_BANKING,view_balance,2026-05-14 12:21:53
EVT0001560,CUST004553,MOBILE APP,initiate_transfer,11-02-2026 11:25
EVT0001561,CUST002176,NET BANKING,View_Balance,2026-05-14 21:46:15
EVT0001562,CUST004786,Mobile_App,LOGOUT,07/30/2026 01:09 AM
EVT0001563,CUST000033,MOBILE_APP,view_balance,2026-06-17 05:13:03
EVT0001564,CUST000999,Mobile_App,LOGOUT,02/16/2026 06:54 PM
EVT0001565,CUST000216,NET BANKING, LOGOUT,16/03/2026 17:05:52
EVT0001566,CUST001838,MOBILE_APP,Login,30-05-2026 23:05
EVT0001567,CUST004491,net_banking,INITIATE_TRANSFER,2026-04-27 08:38:37
EVT0001568,CUST003630,mobile_app,Login,08/02/2026 05:49:33
EVT0001569,CUST001556,,VIEW_BALANCE,09-06-2026 12:16
EVT0001570,CUST003948,Mobile_App,LOGOUT,2026-07-05 08:24:30
EVT0001571,CUST003513,Net_Banking,login,05-05-2026 10:41
EVT0001572,CUST002093,Net_Banking,LOGOUT,2026-01-13 01:15:16
EVT0001573,CUST001594,NET_BANKING,initiate_transfer,27-07-2026 18:23
EVT0001574,CUST001647,,INITIATE_TRANSFER,18/01/2026 20:46:35
EVT0001575,CUST000226,mobile_app,Logout,2026-07-04 22:59:34
EVT0001576,CUST000354,NET_BANKING,VIEW_BALANCE,13/07/2026 18:28:41
EVT0001577,CUST001609,Net_Banking,LOGIN,
EVT0001578,CUST002432,NET BANKING,View_Balance,2026-07-22 17:26:58
EVT0001579,CUST004522,net_banking,logout,2026-02-01 09:23:43
EVT0001580,CUST000140,MOBILE_APP,LOGIN,07/18/2026 01:23 AM
EVT0001581,CUST004640,Mobile_App,Logout,2026-05-08 11:54:31
EVT0001582,CUST004928,Net_Banking,view_balance,28-06-2026 04:09
EVT0001583,CUST000938,NET BANKING,View_Balance,2026-02-16 06:28:50
EVT0001584,CUST000148,NET BANKING,LOGIN,2026-06-03 05:30:05
EVT0001585,CUST004050,NET_BANKING,VIEW_BALANCE,25-03-2026 17:24
EVT0001586,CUST004735,mobile_app,INITIATE_TRANSFER,11/03/2026 05:03:44
EVT0001587,CUST001166,net_banking,View_Balance,30/01/2026 06:17:48
EVT0001588,CUST001903,mobile_app,LOGOUT,29-07-2026 08:03
EVT0001589,CUST000352,mobile_app,INITIATE_TRANSFER,2026-06-08 19:17:05
EVT0001590,CUST004792,MOBILE_APP,LOGIN ,2026-02-11 22:12:29
EVT0001591,CUST001701,MOBILE_APP,Login,2026-04-08 16:02:10
EVT0001592,CUST003312,Net_Banking,Logout,28-07-2026 05:34
EVT0001593,CUST001573,MOBILE APP,VIEW_BALANCE,20/02/2026 09:16:21
EVT0001594,CUST004032,MOBILE_APP,LOGIN ,09/06/2026 09:44:31
EVT0001595,CUST003093,MOBILE_APP,initiate_transfer,02/03/2026 06:33 PM
EVT0001596,CUST004862,MOBILE_APP,login,2026-03-15 10:23:36
EVT0001597,CUST004564,net_banking,LOGIN,2026-06-08 06:54:03
EVT0001598,CUST002854,mobile_app,LOGIN,07/06/2026 20:29:48
EVT0001599,CUST004305,MOBILE_APP,LOGOUT,2026-06-07 19:30:37
EVT0001600,CUST000169,MOBILE_APP,INITIATE_TRANSFER,31-07-2026 17:00
EVT0001601,CUST000586,Net_Banking,logout,2026-05-12 14:43:37
EVT0001602,CUST001068,Mobile_App,VIEW_BALANCE,2026-02-20 17:23:14
EVT0001603,CUST003658,NET BANKING,View_Balance,24-03-2026 20:10
EVT0001604,CUST003435,NET_BANKING,,16-04-2026 02:11
EVT0001605,CUST002267,mobile_app,VIEW_BALANCE,
EVT0001606,CUST000212,Mobile_App,login,07/29/2026 05:18 PM
EVT0001607,CUST003357,, LOGOUT,2026-07-06 15:32:45
EVT0001608,CUST001956,NET_BANKING,VIEW_BALANCE,22-07-2026 05:22
EVT0001609,CUST000506,MOBILE APP,login,2026-06-05 13:00:31
EVT0001610,CUST000574,Net_Banking,VIEW_BALANCE,03/23/2026 05:24 AM
EVT0001611,CUST005126,Net_Banking,initiate_transfer,2026-01-04 00:29:00
EVT0001612,CUST002182,NET BANKING,LOGIN,2026-02-22 04:15:27
EVT0001613,CUST002862,MOBILE APP,LOGIN,21/05/2026 11:38:39
EVT0001614,CUST003347,MOBILE APP,VIEW_BALANCE,09-03-2026 06:37
EVT0001615,CUST004982,Net_Banking,LOGOUT,2026-04-10 01:54:42
EVT0001616,CUST004766,NET_BANKING,LOGOUT,2026-06-19 10:13:01
EVT0001617,CUST003645,NET_BANKING, LOGOUT,2026-02-01 06:03:11
EVT0001618,CUST000542,net_banking,View_Balance,2026-01-22 06:35:39
EVT0001619,CUST003129,NET_BANKING,Logout,21/06/2026 23:32:44
EVT0001620,CUST004200,NET_BANKING,login,2026-01-25 14:55:20
EVT0001621,CUST003276,NET BANKING,LOGOUT,2026-03-28 01:41:13
EVT0001622,CUST004706,mobile_app,Logout,05/01/2026 07:59:27
EVT0001623,CUST003912,MOBILE_APP,INITIATE_TRANSFER,08-03-2026 10:45
EVT0001624,CUST003232,MOBILE_APP,VIEW_BALANCE,27/01/2026 19:58:17
EVT0001625,CUST000938,MOBILE_APP,LOGIN,2026-01-28 17:40:09
EVT0001626,CUST004699,MOBILE_APP,,09/07/2026 02:52:14
EVT0001627,CUST002005,MOBILE_APP,VIEW_BALANCE,2026-01-05 17:28:44
EVT0001628,CUST004447,NET_BANKING,INITIATE_TRANSFER,2026-02-23 13:47:56
EVT0001629,CUST002485,NET_BANKING,INITIATE_TRANSFER,18-06-2026 16:16
EVT0001630,CUST001390,MOBILE_APP,Login,19-01-2026 04:45
EVT0001631,CUST000135,mobile_app,view_balance,2026-07-10 17:05:14
EVT0001632,CUST002715,MOBILE APP,Logout,2026-06-22 08:58:52
EVT0001633,CUST001528,NET BANKING,LOGIN ,2026-04-24 14:18:01
EVT0001634,CUST003370,NET BANKING,VIEW_BALANCE,2026-04-13 09:31:46
EVT0001635,CUST004357,mobile_app,Logout,2026-04-29 04:10:41
EVT0001636,CUST004576,Net_Banking,VIEW_BALANCE,2026-01-28 23:12:00
EVT0001637,CUST001493,MOBILE_APP,LOGIN ,26-03-2026 10:19
EVT0001638,CUST002145,Net_Banking,Login,2026-02-27 09:28:11
EVT0001639,CUST000487,NET_BANKING,LOGOUT,
EVT0001640,CUST003700,NET_BANKING,logout,2026-05-12 08:19:32
EVT0001641,CUST001403,MOBILE_APP,logout,12-06-2026 13:16
EVT0001642,CUST003910,Mobile_App,view_balance,09-01-2026 00:18
EVT0001643,CUST004256,MOBILE_APP,LOGIN,2026-02-04 16:02:13
EVT0001644,CUST000415,MOBILE APP,LOGIN,31/07/2026 05:06:29
EVT0001645,CUST004192,Mobile_App,INITIATE_TRANSFER,2026-03-04 08:29:07
EVT0001646,CUST000453,mobile_app,INITIATE_TRANSFER,2026-05-23 08:46:16
EVT0001647,CUST003952,MOBILE APP,Login,03/03/2026 05:18 PM
EVT0001648,CUST000421,NET BANKING,VIEW_BALANCE,05/26/2026 01:43 PM
EVT0001649,CUST002699,Net_Banking,LOGOUT,02/28/2026 11:09 AM
EVT0001650,CUST003211,NET_BANKING,View_Balance,2026-03-01 17:26:10
EVT0001651,CUST005038,MOBILE_APP,INITIATE_TRANSFER,02/08/2026 12:49 AM
EVT0001652,CUST003555,MOBILE APP,login,2026-01-18 11:15:59
EVT0001653,CUST001316,NET_BANKING,View_Balance,2026-01-06 04:15:20
EVT0001654,CUST001679,Mobile_App,Login,17-02-2026 18:32
EVT0001655,CUST002051,MOBILE APP,Login,2026-04-19 11:44:14
EVT0001656,CUST004647,Mobile_App,Login,11/05/2026 00:38:23
EVT0001657,CUST003957,NET BANKING,LOGIN ,2026-06-14 14:01:44
EVT0001658,CUST003178,MOBILE_APP,View_Balance,24-04-2026 09:19
EVT0001659,CUST003795,MOBILE APP,VIEW_BALANCE,2026-04-29 16:04:30
EVT0001660,CUST000232,Net_Banking,LOGOUT,03-02-2026 16:46
EVT0001661,CUST000081,NET_BANKING,LOGOUT,2026-04-27 05:49:22
EVT0001662,CUST000312,net_banking,LOGOUT,07/13/2026 12:41 PM
EVT0001663,CUST001623,NET_BANKING,Login,04-06-2026 17:31
EVT0001664,CUST002905,NET BANKING,VIEW_BALANCE,27-03-2026 18:20
EVT0001665,CUST001764,MOBILE_APP,INITIATE_TRANSFER,2026-07-16 15:16:18
EVT0001666,CUST002775,mobile_app,LOGIN ,2026-06-09 11:04:25
EVT0001667,CUST003667,MOBILE_APP,LOGOUT,2026-05-23 16:47:27
EVT0001668,CUST004213,,LOGIN ,04/13/2026 07:31 AM
EVT0001669,CUST000843,,LOGIN,11/05/2026 19:23:32
EVT0001670,CUST004471,NET_BANKING,INITIATE_TRANSFER,2026-05-21 06:34:01
EVT0001671,CUST005186,,Login,2026-02-06 07:48:25
EVT0001672,CUST004401,NET_BANKING,LOGOUT,2026-02-13 02:04:57
EVT0001673,CUST002531,mobile_app,LOGIN,05/30/2026 04:22 PM
EVT0001674,CUST000075,NET_BANKING, LOGOUT,26-01-2026 07:41
EVT0001675,CUST002758,NET_BANKING,Initiate_Transfer,2026-02-11 18:23:16
EVT0001676,CUST002182,mobile_app,LOGIN ,27/05/2026 04:16:09
EVT0001677,CUST001616,Net_Banking,VIEW_BALANCE,2026-03-27 21:03:24
EVT0001678,CUST002033,MOBILE_APP,INITIATE_TRANSFER,2026-01-17 18:36:00
EVT0001679,CUST002561,MOBILE APP,VIEW_BALANCE,2026-06-07 15:31:17
EVT0001680,CUST004059,NET BANKING,Initiate_Transfer,2026-02-28 09:40:58
EVT0001681,CUST000548,NET_BANKING,VIEW_BALANCE,2026-04-30 14:17:27
EVT0001682,CUST000032,,VIEW_BALANCE,2026-02-14 00:34:30
EVT0001683,CUST004985,NET_BANKING,LOGIN,2026-01-13 20:51:37
EVT0001684,CUST000109,MOBILE_APP,INITIATE_TRANSFER,2026-03-18 16:33:36
EVT0001685,CUST002614,net_banking,VIEW_BALANCE,2026-06-25 08:45:33
EVT0001686,CUST001530,MOBILE APP,Initiate_Transfer,01-01-2026 16:56
EVT0001687,CUST003088,NET BANKING,LOGIN,2026-06-09 00:10:03
EVT0001688,CUST004736,MOBILE_APP,LOGIN,2026-07-06 18:58:58
EVT0001689,CUST003681,NET_BANKING,VIEW_BALANCE,17/04/2026 05:49:41
EVT0001690,CUST000172,net_banking,view_balance,2026-01-05 10:55:30
EVT0001691,CUST001582,Net_Banking,INITIATE_TRANSFER,15-02-2026 13:48
EVT0001692,CUST001227,NET_BANKING,LOGOUT,03/06/2026 07:54:30
EVT0001693,CUST001103,NET BANKING,INITIATE_TRANSFER,2026-07-01 16:52:24
EVT0001694,CUST004926,Mobile_App,LOGIN ,
EVT0001695,CUST002179,net_banking,VIEW_BALANCE,04/20/2026 01:31 PM
EVT0001696,CUST004113,MOBILE_APP,logout,2026-02-26 07:53:54
EVT0001697,CUST005065,MOBILE_APP,view_balance,2026-05-18 03:36:18
EVT0001698,CUST000418,NET_BANKING,Initiate_Transfer,2026-05-24 19:08:08
EVT0001699,CUST001647,mobile_app,LOGOUT,2026-07-13 14:48:57
EVT0001700,CUST002365,MOBILE APP,LOGIN,22/01/2026 20:22:53
EVT0001701,CUST004615,net_banking,VIEW_BALANCE,2026-05-11 16:23:21
EVT0001702,CUST004393,mobile_app,Login,03-06-2026 00:48
EVT0001703,CUST003490,Mobile_App,initiate_transfer,2026-01-08 05:11:16
EVT0001704,CUST003850,NET BANKING,INITIATE_TRANSFER,2026-01-18 18:12:31
EVT0001705,CUST000709,Net_Banking,LOGOUT,20-05-2026 23:18
EVT0001706,CUST000013,MOBILE APP,INITIATE_TRANSFER,2026-04-05 22:24:52
EVT0001707,CUST001782,NET_BANKING,LOGIN ,03/23/2026 05:08 PM
EVT0001708,CUST004207,MOBILE APP,INITIATE_TRANSFER,29-05-2026 23:18
EVT0001709,CUST003084,NET_BANKING,LOGIN,14-07-2026 11:04
EVT0001710,CUST001920,MOBILE_APP,INITIATE_TRANSFER,25-01-2026 20:51
EVT0001711,CUST002275,NET_BANKING,login,2026-07-09 01:16:40
EVT0001712,CUST000150,Net_Banking, LOGOUT,2026-01-11 07:20:08
EVT0001713,CUST004691,MOBILE_APP,View_Balance,2026-07-30 02:16:04
EVT0001714,CUST000741,MOBILE APP,login,07-05-2026 09:15
EVT0001715,CUST003084,NET_BANKING,initiate_transfer,27-06-2026 02:46
EVT0001716,CUST004178,mobile_app,LOGIN,05/26/2026 04:59 AM
EVT0001717,CUST002910,NET_BANKING,Login,2026-05-09 04:41:16
EVT0001718,CUST000892,NET_BANKING,logout,2026-04-09 19:32:19
EVT0001719,CUST002140,MOBILE_APP,login,2026-03-26 13:50:46
EVT0001720,CUST001003,MOBILE_APP,Initiate_Transfer,16/02/2026 13:03:49
EVT0001721,CUST002631,MOBILE_APP,view_balance,25/03/2026 01:03:29
EVT0001722,CUST000660,NET_BANKING,login,2026-02-18 16:57:44
EVT0001723,CUST002530,NET_BANKING,VIEW_BALANCE,2026-03-01 23:36:28
EVT0001724,CUST004661,NET BANKING,INITIATE_TRANSFER,16-02-2026 18:02
EVT0001725,CUST004272,mobile_app,view_balance,2026-01-22 19:42:13
EVT0001726,CUST003357,MOBILE_APP,View_Balance,2026-07-10 14:22:22
EVT0001727,CUST001572,Net_Banking,login,06-07-2026 13:34
EVT0001728,CUST004028,net_banking,view_balance,18/02/2026 02:50:08
EVT0001729,CUST000363,net_banking,View_Balance,2026-07-01 15:31:27
EVT0001730,CUST002455,NET_BANKING,View_Balance,17-02-2026 18:11
EVT0001731,CUST004535,MOBILE_APP,INITIATE_TRANSFER,04/11/2026 09:16 AM
EVT0001732,CUST000443,Net_Banking,Login,2026-06-27 20:52:18
EVT0001733,CUST002576,MOBILE_APP,LOGIN ,12-06-2026 21:19
EVT0001734,CUST003048,MOBILE_APP,,02/04/2026 15:46:55
EVT0001735,CUST004322,mobile_app,LOGOUT,2026-03-18 23:49:07
EVT0001736,CUST003957,mobile_app,INITIATE_TRANSFER,2026-07-28 22:41:40
EVT0001737,CUST000785,mobile_app,view_balance,2026-01-10 15:31:49
EVT0001738,CUST004737,net_banking,INITIATE_TRANSFER,2026-04-24 07:29:04
EVT0001739,CUST003040,mobile_app,VIEW_BALANCE,21-06-2026 17:50
EVT0001740,CUST000333,net_banking,LOGIN,2026-07-27 14:58:40
EVT0001741,CUST003355,NET_BANKING,LOGIN,2026-02-13 06:04:53
EVT0001742,CUST002181,MOBILE APP,LOGIN,2026-02-05 00:51:31
EVT0001743,CUST000239,MOBILE_APP, LOGOUT,2026-06-28 09:40:47
EVT0001744,CUST000138,NET_BANKING,LOGOUT,2026-07-20 19:26:20
EVT0001745,CUST000488,mobile_app,view_balance,09-04-2026 12:46
EVT0001746,CUST003931,Net_Banking,initiate_transfer,2026-06-11 19:56:16
EVT0001747,CUST000478,NET BANKING,Login,26-05-2026 01:14
EVT0001748,CUST001791,MOBILE_APP,LOGIN,2026-06-22 10:09:38
EVT0001749,CUST001473,Net_Banking,initiate_transfer,2026-02-01 05:46:37
EVT0001750,CUST005086,NET_BANKING,LOGOUT,2026-02-27 21:01:06
EVT0001751,CUST000985,MOBILE APP,initiate_transfer,2026-02-10 08:34:21
EVT0001752,CUST000083,NET_BANKING,login,2026-04-23 04:59:38
EVT0001753,CUST002778,MOBILE_APP,View_Balance,06/27/2026 09:19 AM
EVT0001754,CUST000684,NET BANKING,view_balance,03/05/2026 12:29 AM
EVT0001755,CUST002871,NET BANKING,INITIATE_TRANSFER,2026-03-01 08:33:55
EVT0001756,CUST000059,net_banking,VIEW_BALANCE,03-04-2026 01:56
EVT0001757,CUST000864,Mobile_App,View_Balance,05/14/2026 09:22 AM
EVT0001758,CUST001448,net_banking,LOGOUT,2026-01-16 15:22:43
EVT0001759,CUST002867,NET_BANKING,VIEW_BALANCE,2026-04-29 12:05:06
EVT0001760,CUST001410,MOBILE APP,LOGOUT,2026-04-21 03:59:41
EVT0001761,CUST005084,NET BANKING,login,29-01-2026 22:03
EVT0001762,CUST003501,MOBILE_APP,LOGIN,11-02-2026 06:53
EVT0001763,CUST002523,NET_BANKING,Logout,2026-04-21 17:53:24
EVT0001764,CUST001862,NET BANKING,LOGIN,18-01-2026 22:28
EVT0001765,CUST003827,MOBILE_APP,INITIATE_TRANSFER,2026-02-11 04:12:30
EVT0001766,CUST003853,MOBILE APP,VIEW_BALANCE,
EVT0001767,CUST005089,mobile_app,Login,08-07-2026 16:27
EVT0001768,CUST000894,NET BANKING,,2026-01-25 04:45:44
EVT0001769,CUST003403,MOBILE APP,initiate_transfer,10-04-2026 22:38
EVT0001770,CUST001803,Net_Banking,LOGOUT,2026-05-03 15:09:08
EVT0001771,CUST002989,Mobile_App,LOGIN ,
EVT0001772,CUST005013,MOBILE_APP,View_Balance,07-03-2026 04:58
EVT0001773,CUST002414,Mobile_App,Initiate_Transfer,2026-06-17 13:53:36
EVT0001774,CUST003070,NET_BANKING,VIEW_BALANCE,06/29/2026 06:24 AM
EVT0001775,CUST003102,NET BANKING,logout,2026-07-16 22:46:35
EVT0001776,CUST005111,Mobile_App,VIEW_BALANCE,04/29/2026 08:46 PM
EVT0001777,CUST002315,MOBILE_APP,VIEW_BALANCE,2026-03-18 02:51:28
EVT0001778,CUST000569,MOBILE_APP,VIEW_BALANCE,2026-06-09 03:33:01
EVT0001779,CUST003491,NET BANKING,View_Balance,18/02/2026 12:28:46
EVT0001780,CUST004688,MOBILE_APP,,16-03-2026 19:21
EVT0001781,CUST003283,Mobile_App,Login,10-06-2026 09:32
EVT0001782,CUST002086,net_banking,Initiate_Transfer,
EVT0001783,CUST003630,MOBILE APP,Login,2026-01-15 13:57:17
EVT0001784,CUST005134,Mobile_App,LOGOUT,08-01-2026 16:09
EVT0001785,CUST003507,net_banking,VIEW_BALANCE,01/15/2026 10:42 PM
EVT0001786,CUST002104,NET BANKING,initiate_transfer,2026-03-27 04:18:41
EVT0001787,CUST002206,mobile_app,view_balance,15-01-2026 19:59
EVT0001788,CUST004635,MOBILE_APP,LOGIN,10-01-2026 03:14
EVT0001789,CUST003962,NET BANKING,login,28-07-2026 15:41
EVT0001790,CUST005173,MOBILE_APP,view_balance,2026-07-18 10:20:22
EVT0001791,CUST000010,MOBILE_APP,LOGIN ,2026-04-21 11:59:25
EVT0001792,CUST003791,MOBILE APP,INITIATE_TRANSFER,2026-01-11 12:52:19
EVT0001793,CUST004648,MOBILE APP,INITIATE_TRANSFER,2026-01-30 18:43:37
EVT0001794,CUST003840,NET BANKING,LOGIN,25-07-2026 09:15
EVT0001795,CUST003890,mobile_app,view_balance,08-05-2026 00:43
EVT0001796,CUST004050,MOBILE_APP,View_Balance,14-06-2026 15:50
EVT0001797,CUST004100,Net_Banking,initiate_transfer,2026-07-08 04:36:36
EVT0001798,CUST000023,Net_Banking,LOGIN,28-05-2026 20:11
EVT0001799,CUST002932,Mobile_App,INITIATE_TRANSFER,2026-02-23 21:55:47
EVT0001800,CUST004930,NET BANKING,logout,2026-01-04 22:42:22
EVT0001801,CUST001432,mobile_app,Login,2026-04-05 15:59:42
EVT0001802,CUST003474,NET_BANKING,LOGOUT,
EVT0001803,CUST000576,MOBILE_APP,logout,2026-07-29 04:39:21
EVT0001804,CUST003869,NET BANKING,View_Balance,2026-05-27 10:03:45
EVT0001805,CUST005088,NET_BANKING,LOGIN,2026-01-18 03:09:06
EVT0001806,CUST001052,MOBILE APP,View_Balance,2026-04-06 18:22:40
EVT0001807,CUST001625,Net_Banking, LOGOUT,13-02-2026 05:05
EVT0001808,CUST002568,NET_BANKING,Login,04/22/2026 04:57 PM
EVT0001809,CUST003158,NET_BANKING,logout,2026-02-05 00:19:55
EVT0001810,CUST003317,Mobile_App,initiate_transfer,08/05/2026 14:17:42
EVT0001811,CUST000341,Mobile_App,VIEW_BALANCE,02-07-2026 23:53
EVT0001812,CUST003557,MOBILE_APP,VIEW_BALANCE,11-05-2026 17:24
EVT0001813,CUST001995,MOBILE_APP, LOGOUT,2026-04-12 15:38:20
EVT0001814,CUST000633,mobile_app,INITIATE_TRANSFER,02/28/2026 05:04 AM
EVT0001815,CUST003402,MOBILE APP,Logout,31/03/2026 02:31:28
EVT0001816,CUST005041,NET_BANKING,Login,24/02/2026 23:46:44
EVT0001817,CUST003824,MOBILE_APP,INITIATE_TRANSFER,05-06-2026 19:23
EVT0001818,CUST005022,NET BANKING,LOGOUT,23-02-2026 10:45
EVT0001819,CUST003825,mobile_app,LOGOUT,2026-04-09 17:02:49
EVT0001820,CUST000067,NET_BANKING,LOGOUT,02/01/2026 05:59 AM
EVT0001821,CUST000561,,LOGOUT,02-06-2026 23:10
EVT0001822,CUST002537,NET_BANKING,Initiate_Transfer,2026-04-15 20:52:59
EVT0001823,CUST001407,MOBILE APP,INITIATE_TRANSFER,08/04/2026 15:03:50
EVT0001824,CUST000303,MOBILE APP,logout,2026-06-05 03:43:07
EVT0001825,CUST000874,NET_BANKING,INITIATE_TRANSFER,2026-01-11 22:35:00
EVT0001826,CUST000275,MOBILE_APP,Login,25-04-2026 02:23
EVT0001827,CUST004893,mobile_app,View_Balance,27-01-2026 04:56
EVT0001828,CUST002292,NET BANKING,LOGOUT,03/07/2026 17:00:10
EVT0001829,CUST000915,mobile_app,INITIATE_TRANSFER,29-07-2026 15:23
EVT0001830,CUST001648,MOBILE_APP,Logout,24-06-2026 22:15
EVT0001831,CUST002915,NET_BANKING,LOGIN,22-06-2026 07:02
EVT0001832,CUST004014,NET_BANKING,VIEW_BALANCE,13-05-2026 22:27
EVT0001833,CUST004839,NET BANKING,VIEW_BALANCE,2026-02-14 17:31:28
EVT0001834,CUST003545,Mobile_App,INITIATE_TRANSFER,04-06-2026 00:39
EVT0001835,CUST003165,Mobile_App,VIEW_BALANCE,2026-01-05 04:41:02
EVT0001836,CUST002760,MOBILE APP,LOGOUT,2026-05-07 15:11:51
EVT0001837,CUST002028,NET_BANKING,VIEW_BALANCE,2026-05-15 05:46:49
EVT0001838,CUST001562,MOBILE_APP,Initiate_Transfer,24-01-2026 16:33
EVT0001839,CUST002233,Net_Banking,VIEW_BALANCE,2026-03-14 18:22:06
EVT0001840,CUST004093,NET_BANKING,LOGIN,05/03/2026 02:34:46
EVT0001841,CUST004176,MOBILE APP,VIEW_BALANCE,2026-07-30 18:22:25
EVT0001842,CUST004332,net_banking,LOGIN,02-02-2026 15:04
EVT0001843,CUST001003,Net_Banking,LOGOUT,2026-06-20 10:24:12
EVT0001844,CUST001130,net_banking,logout,2026-07-09 20:05:29
EVT0001845,CUST000221,net_banking,,22-02-2026 19:11
EVT0001846,CUST001121,NET_BANKING,INITIATE_TRANSFER,22/07/2026 12:03:27
EVT0001847,CUST000533,NET_BANKING,Initiate_Transfer,24-05-2026 18:29
EVT0001848,CUST003075,Net_Banking,View_Balance,2026-03-15 15:46:28
EVT0001849,CUST001323,mobile_app,,2026-07-12 02:08:04
EVT0001850,CUST000251,Net_Banking,,2026-05-18 23:31:38
EVT0001851,CUST003222,MOBILE_APP,VIEW_BALANCE,2026-07-08 00:25:25
EVT0001852,CUST001618,net_banking,Login,26-07-2026 18:02
EVT0001853,CUST001964,net_banking,VIEW_BALANCE,23-05-2026 18:03
EVT0001854,CUST004567,NET BANKING,Logout,2026-05-22 13:25:19
EVT0001855,CUST003553,NET_BANKING,LOGIN,2026-06-20 08:44:47
EVT0001856,CUST001801,NET BANKING, LOGOUT,2026-02-11 23:26:06
EVT0001857,CUST002162,net_banking,initiate_transfer,29-05-2026 21:37
EVT0001858,CUST003293,NET_BANKING,login,2026-02-24 23:32:16
EVT0001859,CUST000652,MOBILE_APP,LOGIN,2026-03-29 16:03:04
EVT0001860,CUST002731,NET BANKING,Initiate_Transfer,23-04-2026 04:50
EVT0001861,CUST002625,NET BANKING,view_balance,2026-05-23 23:23:33
EVT0001862,CUST002227,NET_BANKING,Logout,
EVT0001863,CUST001153,MOBILE APP,initiate_transfer,2026-07-19 23:09:59
EVT0001864,CUST002585,NET_BANKING,Login,2026-07-23 14:03:46
EVT0001865,CUST000963,net_banking,LOGIN,15-07-2026 21:47
EVT0001866,CUST004726,MOBILE APP,view_balance,2026-07-19 17:14:57
EVT0001867,CUST000128,Mobile_App,Logout,06/24/2026 03:12 PM
EVT0001868,CUST002630,MOBILE_APP,Login,2026-05-03 19:44:48
EVT0001869,CUST002444,mobile_app,INITIATE_TRANSFER,2026-03-22 05:37:13
EVT0001870,CUST002364,mobile_app,Logout,06-07-2026 07:13
EVT0001871,CUST004683,net_banking,Initiate_Transfer,2026-01-12 17:07:46
EVT0001872,CUST002639,Net_Banking,Logout,05/03/2026 08:15:41
EVT0001873,CUST000677,MOBILE APP,Initiate_Transfer,2026-04-08 14:14:18
EVT0001874,CUST001414,MOBILE APP,View_Balance,2026-05-22 20:49:29
EVT0001875,CUST003637,NET BANKING,Login,2026-02-22 17:25:49
EVT0001876,CUST002282,NET_BANKING,login,2026-07-15 09:53:12
EVT0001877,CUST003692,NET_BANKING, LOGOUT,2026-04-30 19:19:57
EVT0001878,CUST000182,MOBILE_APP,INITIATE_TRANSFER,2026-03-30 11:20:19
EVT0001879,CUST000193,Net_Banking,Login,02/13/2026 12:51 AM
EVT0001880,CUST003535,MOBILE_APP,,09/02/2026 21:09:56
EVT0001881,CUST001181,NET BANKING,LOGOUT,2026-06-02 11:17:31
EVT0001882,CUST002567,MOBILE APP,LOGIN,2026-07-30 10:45:27
EVT0001883,CUST003234,mobile_app,view_balance,05/27/2026 07:40 AM
EVT0001884,CUST004621,mobile_app,LOGOUT,2026-03-12 19:25:09
EVT0001885,CUST001731,,Initiate_Transfer,
EVT0001886,CUST001731,NET_BANKING,View_Balance,2026-07-11 08:38:53
EVT0001887,CUST004622,net_banking, LOGOUT,2026-01-28 10:16:50
EVT0001888,CUST000651,Net_Banking,LOGOUT,2026-06-17 03:00:34
EVT0001889,CUST000660,MOBILE APP,logout,2026-02-28 00:55:45
EVT0001890,CUST002482,NET_BANKING,view_balance,20-06-2026 18:29
EVT0001891,CUST004180,Net_Banking,Login,2026-02-13 15:50:21
EVT0001892,CUST001633,Mobile_App,initiate_transfer,03-04-2026 04:29
EVT0001893,CUST001559,mobile_app,Initiate_Transfer,2026-01-04 07:27:56
EVT0001894,CUST000766,Mobile_App,Login,2026-03-03 20:23:00
EVT0001895,CUST004994,Mobile_App,logout,2026-04-06 00:34:04
EVT0001896,CUST001587,NET BANKING,INITIATE_TRANSFER,
EVT0001897,CUST000782,MOBILE_APP,view_balance,2026-06-04 10:00:57
EVT0001898,CUST004667,Net_Banking,LOGIN,10/07/2026 08:54:04
EVT0001899,CUST000139,MOBILE_APP,Login,24-03-2026 08:23
EVT0001900,CUST000447,Net_Banking,login,2026-01-09 09:47:15
EVT0001901,CUST004633,MOBILE APP, LOGOUT,2026-04-18 03:06:51
EVT0001902,CUST003762,Mobile_App,VIEW_BALANCE,12-05-2026 11:19
EVT0001903,CUST003524,MOBILE APP,VIEW_BALANCE,16-03-2026 06:02
EVT0001904,CUST002232,MOBILE_APP,LOGOUT,03/09/2026 01:32 PM
EVT0001905,CUST001889,mobile_app,LOGIN,18/03/2026 22:30:55
EVT0001906,CUST004851,NET BANKING,Initiate_Transfer,30-01-2026 06:49
EVT0001907,CUST000494,Net_Banking,View_Balance,2026-06-18 04:23:23
EVT0001908,CUST003499,NET_BANKING,view_balance,03/26/2026 10:20 AM
EVT0001909,CUST002190,net_banking,INITIATE_TRANSFER,2026-06-16 10:21:02
EVT0001910,CUST002040,net_banking,Login,04-05-2026 20:59
EVT0001911,CUST003901,MOBILE_APP,LOGOUT,27-06-2026 18:53
EVT0001912,CUST004031,MOBILE APP,view_balance,19/01/2026 10:56:48
EVT0001913,CUST001402,Mobile_App,view_balance,2026-05-04 15:49:13
EVT0001914,CUST000924,MOBILE_APP,,2026-01-28 10:45:28
EVT0001915,CUST001525,MOBILE_APP,VIEW_BALANCE,01/31/2026 08:41 PM
EVT0001916,CUST000765,NET_BANKING,LOGOUT,2026-02-09 08:00:16
EVT0001917,CUST000915,NET_BANKING,INITIATE_TRANSFER,2026-01-20 03:10:24
EVT0001918,CUST005164,MOBILE_APP,VIEW_BALANCE,2026-03-31 22:15:22
EVT0001919,CUST000239,MOBILE_APP,LOGOUT,
EVT0001920,CUST001084,mobile_app,Initiate_Transfer,16-06-2026 20:50
EVT0001921,CUST004743,MOBILE_APP,LOGIN ,21-06-2026 21:55
EVT0001922,CUST004135,Mobile_App,,01/02/2026 11:51:05
EVT0001923,CUST004803,MOBILE_APP,VIEW_BALANCE,03/23/2026 05:21 PM
EVT0001924,CUST000446,NET BANKING, LOGOUT,2026-05-08 10:55:26
EVT0001925,CUST002436,,LOGIN,2026-06-16 18:33:03
EVT0001926,CUST000862,MOBILE_APP,INITIATE_TRANSFER,2026-03-18 16:56:50
EVT0001927,CUST002405,MOBILE_APP,view_balance,2026-07-26 18:45:43
EVT0001928,CUST004504,mobile_app,INITIATE_TRANSFER,2026-02-01 16:47:56
EVT0001929,CUST005082,NET_BANKING,initiate_transfer,2026-07-26 23:42:42
EVT0001930,CUST001827,MOBILE_APP,LOGOUT,07/02/2026 09:16 AM
EVT0001931,CUST001480,NET_BANKING,LOGIN,2026-01-08 15:02:37
EVT0001932,CUST004645,MOBILE_APP,login,2026-04-19 09:06:49
EVT0001933,CUST002594,MOBILE_APP,initiate_transfer,2026-05-18 22:17:53
EVT0001934,CUST000844,NET_BANKING,LOGIN,2026-06-01 23:16:33
EVT0001935,CUST004676,MOBILE APP,INITIATE_TRANSFER,24-02-2026 21:34
EVT0001936,CUST002076,MOBILE_APP,Initiate_Transfer,17/07/2026 06:59:26
EVT0001937,CUST004904,NET BANKING,logout,2026-06-09 14:00:02
EVT0001938,CUST001716,MOBILE_APP,LOGOUT,09-03-2026 06:58
EVT0001939,CUST002545,Mobile_App,LOGOUT,2026-07-01 21:14:49
EVT0001940,CUST005021,mobile_app, LOGOUT,19-04-2026 07:44
EVT0001941,CUST003775,net_banking, LOGOUT,03/07/2026 12:27:53
EVT0001942,CUST002712,MOBILE_APP,LOGOUT,2026-05-30 06:10:44
EVT0001943,CUST003785,Mobile_App,LOGIN,15-03-2026 21:17
EVT0001944,CUST002277,mobile_app,VIEW_BALANCE,2026-02-26 14:50:31
EVT0001945,CUST003766,Mobile_App,logout,26-04-2026 06:01
EVT0001946,CUST001563,mobile_app,INITIATE_TRANSFER,15-06-2026 02:16
EVT0001947,CUST002773,NET_BANKING,Login,2026-05-23 18:02:43
EVT0001948,CUST003722,NET_BANKING,VIEW_BALANCE,23-02-2026 09:48
EVT0001949,CUST005084,NET BANKING,VIEW_BALANCE,07/05/2026 12:00:45
EVT0001950,CUST001472,MOBILE_APP,view_balance,11-07-2026 14:47
EVT0001951,CUST004078,MOBILE_APP,LOGOUT,05/04/2026 08:34:56
EVT0001952,CUST004049,NET BANKING,View_Balance,01-03-2026 02:33
EVT0001953,CUST000816,NET_BANKING,INITIATE_TRANSFER,09-01-2026 22:54
EVT0001954,CUST002844,NET BANKING,INITIATE_TRANSFER,2026-05-30 14:13:56
EVT0001955,CUST000114,net_banking,LOGOUT,2026-01-08 06:42:16
EVT0001956,CUST002665,Net_Banking,VIEW_BALANCE,07/07/2026 22:19:46
EVT0001957,CUST005010,net_banking,Initiate_Transfer,25-03-2026 10:23
EVT0001958,CUST004625,NET BANKING,LOGOUT,2026-04-20 05:00:35
EVT0001959,CUST002964,MOBILE_APP,LOGOUT,23/02/2026 01:30:54
EVT0001960,CUST001602,Mobile_App,Logout,25-01-2026 18:12
EVT0001961,CUST003692,mobile_app,View_Balance,18-07-2026 01:35
EVT0001962,CUST000190,MOBILE_APP,INITIATE_TRANSFER,2026-02-03 11:16:08
EVT0001963,CUST000847,net_banking,VIEW_BALANCE,2026-06-26 23:23:44
EVT0001964,CUST005025,Mobile_App,VIEW_BALANCE,2026-01-19 08:00:40
EVT0001965,CUST004791,MOBILE_APP,Logout,2026-05-04 02:20:08
EVT0001966,CUST004460,Net_Banking,view_balance,19/06/2026 22:45:00
EVT0001967,CUST004851,Net_Banking,INITIATE_TRANSFER,2026-06-28 19:13:07
EVT0001968,CUST000976,NET BANKING,INITIATE_TRANSFER,2026-05-27 19:22:57
EVT0001969,CUST002542,Net_Banking,Login,2026-06-30 12:34:55
EVT0001970,CUST002217,Mobile_App,INITIATE_TRANSFER,
EVT0001971,CUST000056,NET_BANKING,Login,2026-04-30 09:30:08
EVT0001972,CUST001577,mobile_app,logout,26-05-2026 05:41
EVT0001973,CUST005005,MOBILE APP,LOGOUT,2026-04-15 00:17:25
EVT0001974,CUST000892,Mobile_App,LOGOUT,2026-02-07 02:02:34
EVT0001975,CUST004051,net_banking,LOGIN,2026-07-08 12:51:53
EVT0001976,CUST000245,NET_BANKING,INITIATE_TRANSFER,2026-07-04 22:22:42
EVT0001977,CUST002773,net_banking,LOGIN,06-03-2026 14:22
EVT0001978,CUST004264,MOBILE APP,LOGOUT,23/04/2026 14:30:02
EVT0001979,CUST002547,NET_BANKING,LOGOUT,23-04-2026 23:34
EVT0001980,CUST000192,NET_BANKING,view_balance,21-05-2026 21:07
EVT0001981,CUST002103,MOBILE_APP,INITIATE_TRANSFER,16-01-2026 02:39
EVT0001982,CUST002186,mobile_app,LOGOUT,2026-07-09 21:50:37
EVT0001983,CUST002827,NET_BANKING,,2026-04-08 06:13:05
EVT0001984,CUST001097,NET BANKING,VIEW_BALANCE,2026-05-09 04:32:49
EVT0001985,CUST002956,NET_BANKING,LOGOUT,2026-07-23 09:31:02
EVT0001986,CUST000924,mobile_app,LOGIN ,2026-03-13 06:36:43
EVT0001987,CUST001138,net_banking,LOGIN,29-07-2026 02:47
EVT0001988,CUST000035,NET_BANKING,INITIATE_TRANSFER,19/06/2026 03:40:54
EVT0001989,CUST002427,NET_BANKING,LOGOUT,2026-06-05 00:19:02
EVT0001990,CUST000380,NET BANKING,login,08-01-2026 08:39
EVT0001991,CUST001267,NET BANKING,LOGOUT,05/01/2026 03:11 PM
EVT0001992,CUST004621,NET_BANKING,login,18/02/2026 10:02:52
EVT0001993,CUST001046,MOBILE_APP,login,26-05-2026 19:23
EVT0001994,CUST004461,MOBILE_APP,LOGIN ,27/04/2026 03:18:42
EVT0001995,CUST003882,NET BANKING,VIEW_BALANCE,2026-06-22 08:46:34
EVT0001996,CUST003677,mobile_app,Login,2026-03-10 00:36:23
EVT0001997,CUST003477,MOBILE_APP,initiate_transfer,2026-01-22 19:07:10
EVT0001998,CUST001782,NET_BANKING,VIEW_BALANCE,21-03-2026 09:25
EVT0001999,CUST004546,NET_BANKING,INITIATE_TRANSFER,2026-07-05 23:04:00
EVT0002000,CUST000148,NET BANKING, LOGOUT,2026-02-27 15:39:53
EVT0002001,CUST000581,MOBILE APP,View_Balance,11/06/2026 04:26:41
EVT0002002,CUST001946,MOBILE_APP,Initiate_Transfer,12/06/2026 23:16:58
EVT0002003,CUST004575,NET_BANKING, LOGOUT,2026-01-03 09:03:03
EVT0002004,CUST000641,Mobile_App, LOGOUT,19-03-2026 08:28
EVT0002005,CUST004386,MOBILE_APP,initiate_transfer,07/23/2026 01:13 AM
EVT0002006,CUST003688,mobile_app,logout,03-04-2026 07:10
EVT0002007,CUST001455,MOBILE APP,LOGIN,17/05/2026 01:25:26
EVT0002008,CUST004310,NET_BANKING,LOGIN ,2026-03-05 06:34:39
EVT0002009,CUST003598,NET BANKING,INITIATE_TRANSFER,12-02-2026 10:48
EVT0002010,CUST004077,MOBILE_APP,LOGOUT,15/02/2026 12:04:46
EVT0002011,CUST004284,NET_BANKING, LOGOUT,2026-04-18 22:05:14
EVT0002012,CUST003332,net_banking,Login,23-03-2026 00:27
EVT0002013,CUST001412,MOBILE_APP,View_Balance,2026-07-27 06:51:35
EVT0002014,CUST000405,NET_BANKING,logout,26-05-2026 20:17
EVT0002015,CUST004363,net_banking,LOGIN,11-07-2026 00:47
EVT0002016,CUST001521,Mobile_App,initiate_transfer,08-06-2026 19:13
EVT0002017,CUST002937,NET_BANKING,LOGOUT,2026-03-21 04:08:56
EVT0002018,CUST000771,Net_Banking,Initiate_Transfer,2026-03-24 00:52:56
EVT0002019,CUST003512,Mobile_App,LOGIN ,2026-03-21 06:58:54
EVT0002020,CUST003788,mobile_app,view_balance,2026-04-25 20:38:13
EVT0002021,CUST001201,Mobile_App,INITIATE_TRANSFER,2026-05-07 22:54:47
EVT0002022,CUST004539,NET BANKING,LOGOUT,2026-01-12 07:21:04
EVT0002023,CUST002436,mobile_app,Initiate_Transfer,07/27/2026 10:20 AM
EVT0002024,CUST002681,MOBILE APP,Initiate_Transfer,2026-05-15 11:43:34
EVT0002025,CUST004300,NET_BANKING,LOGOUT,2026-02-01 01:29:56
EVT0002026,CUST002842,NET BANKING,INITIATE_TRANSFER,06-04-2026 16:19
EVT0002027,CUST001196,NET_BANKING,VIEW_BALANCE,14-02-2026 15:58
EVT0002028,CUST002271,net_banking,View_Balance,17-02-2026 13:23
EVT0002029,CUST005101,Net_Banking,Logout,2026-01-02 12:42:31
EVT0002030,CUST004869,NET BANKING,LOGIN,23/05/2026 20:33:06
EVT0002031,CUST003083,mobile_app,login,2026-07-21 08:06:57
EVT0002032,CUST001234,net_banking,login,2026-02-22 20:56:33
EVT0002033,CUST004021,MOBILE_APP,LOGIN,2026-07-07 08:14:56
EVT0002034,CUST001773,MOBILE_APP,LOGIN,16-03-2026 00:03
EVT0002035,CUST003073,mobile_app,VIEW_BALANCE,2026-06-05 07:58:14
EVT0002036,CUST005104,MOBILE_APP,login,04/16/2026 06:48 AM
EVT0002037,CUST003347,Mobile_App,VIEW_BALANCE,2026-02-01 16:30:31
EVT0002038,CUST004419,NET BANKING,INITIATE_TRANSFER,06-01-2026 01:59
EVT0002039,CUST002450,Net_Banking,login,2026-07-02 21:45:25
EVT0002040,CUST001957,net_banking,LOGOUT,23/03/2026 06:24:23
EVT0002041,CUST005013,net_banking,LOGOUT,04/06/2026 03:56 PM
EVT0002042,CUST002589,Net_Banking,INITIATE_TRANSFER,07/21/2026 01:30 AM
EVT0002043,CUST002622,mobile_app,LOGIN,2026-01-10 16:20:27
EVT0002044,CUST001849,MOBILE_APP,INITIATE_TRANSFER,2026-02-03 06:53:06
EVT0002045,CUST000301,NET_BANKING,LOGOUT,2026-05-04 22:46:33
EVT0002046,CUST004503,NET_BANKING,,02/07/2026 05:27:32
EVT0002047,CUST001591,MOBILE APP,LOGIN,13-02-2026 20:24
EVT0002048,CUST001464,NET BANKING,INITIATE_TRANSFER,2026-07-14 17:27:56
EVT0002049,CUST003007,Net_Banking,VIEW_BALANCE,23-07-2026 13:59
EVT0002050,CUST002602,NET_BANKING,login,2026-01-18 05:07:17
EVT0002051,CUST001944,Mobile_App,initiate_transfer,2026-05-15 09:47:26
EVT0002052,CUST001448,NET_BANKING,INITIATE_TRANSFER,26-02-2026 10:27
EVT0002053,CUST000508,,LOGOUT,2026-01-16 04:18:37
EVT0002054,CUST002839,NET_BANKING,LOGIN ,2026-07-03 13:32:13
EVT0002055,CUST003126,Net_Banking,VIEW_BALANCE,2026-03-18 03:12:04
EVT0002056,CUST004093,NET_BANKING,VIEW_BALANCE,2026-01-16 05:14:40
EVT0002057,CUST004597,mobile_app,INITIATE_TRANSFER,20/03/2026 07:08:34
EVT0002058,CUST001731,net_banking,Login,2026-03-05 02:05:53
EVT0002059,CUST002012,Mobile_App,LOGOUT,2026-01-31 12:42:43
EVT0002060,CUST002389,MOBILE_APP,Login,27-01-2026 21:07
EVT0002061,CUST000658,Mobile_App,LOGIN,09/04/2026 11:42:22
EVT0002062,CUST002452,Mobile_App,INITIATE_TRANSFER,2026-05-31 08:23:52
EVT0002063,CUST002527,net_banking,login,2026-07-17 13:04:29
EVT0002064,CUST003432,MOBILE APP,LOGIN,25-04-2026 09:41
EVT0002065,CUST000041,NET_BANKING,LOGOUT,29-04-2026 18:40
EVT0002066,CUST004047,NET_BANKING,LOGOUT,2026-01-26 10:25:31
EVT0002067,CUST005052,net_banking,Logout,25-06-2026 03:35
EVT0002068,CUST001611,MOBILE_APP,logout,21-03-2026 15:27
EVT0002069,CUST002590,NET BANKING,VIEW_BALANCE,2026-05-03 04:22:39
EVT0002070,CUST003025,NET BANKING,login,30-07-2026 08:26
EVT0002071,CUST001900,Mobile_App,Login,2026-07-08 02:50:44
EVT0002072,CUST004278,MOBILE_APP,LOGOUT,2026-02-21 08:12:48
EVT0002073,CUST002402,NET_BANKING,login,02/26/2026 08:06 AM
EVT0002074,CUST001288,NET_BANKING,login,29/03/2026 08:07:42
EVT0002075,CUST004479,Net_Banking,INITIATE_TRANSFER,2026-02-09 10:24:00
EVT0002076,CUST002306,NET_BANKING,INITIATE_TRANSFER,01-07-2026 20:08
EVT0002077,CUST001257,Net_Banking,LOGIN ,21-07-2026 13:19
EVT0002078,CUST001614,MOBILE_APP,VIEW_BALANCE,2026-03-25 19:51:19
EVT0002079,CUST000692,NET_BANKING,LOGOUT,2026-04-22 07:35:50
EVT0002080,CUST004803,mobile_app,VIEW_BALANCE,28-03-2026 18:46
EVT0002081,CUST002480,NET_BANKING,VIEW_BALANCE,2026-03-18 11:33:50
EVT0002082,CUST000434,MOBILE APP,Initiate_Transfer,2026-03-29 14:00:02
EVT0002083,CUST003789,mobile_app,View_Balance,19-02-2026 21:31
EVT0002084,CUST001673,MOBILE_APP,login,11-01-2026 15:57
EVT0002085,CUST000118,MOBILE_APP,Logout,2026-07-24 17:35:42
EVT0002086,CUST002708,MOBILE_APP,VIEW_BALANCE,2026-06-08 10:12:07
EVT0002087,CUST000852,MOBILE APP,Logout,2026-07-04 09:40:25
EVT0002088,CUST002275,MOBILE APP,login,06/06/2026 00:20:09
EVT0002089,CUST001483,NET_BANKING,LOGIN,02/07/2026 05:05 AM
EVT0002090,CUST004211,NET BANKING,logout,2026-06-30 11:04:01
EVT0002091,CUST004763,MOBILE APP,,25-06-2026 22:40
EVT0002092,CUST002984,NET_BANKING,initiate_transfer,28-02-2026 11:34
EVT0002093,CUST000687,NET BANKING,VIEW_BALANCE,07/01/2026 13:02:21
EVT0002094,CUST003509,net_banking,LOGIN ,2026-07-05 14:02:34
EVT0002095,CUST004878,NET BANKING,VIEW_BALANCE,22/07/2026 03:48:39
EVT0002096,CUST003326,net_banking,initiate_transfer,30/07/2026 00:25:20
EVT0002097,CUST001517,net_banking,INITIATE_TRANSFER,01-07-2026 16:57
EVT0002098,CUST001555,NET_BANKING,VIEW_BALANCE,2026-02-12 07:33:09
EVT0002099,CUST004110,NET_BANKING,LOGIN,2026-06-16 09:40:04
EVT0002100,CUST001434,mobile_app,LOGOUT,2026-04-20 07:20:53
EVT0002101,CUST004207,mobile_app,Initiate_Transfer,2026-01-08 12:56:43
EVT0002102,CUST000235,MOBILE APP,LOGIN,22/02/2026 09:50:56
EVT0002103,CUST002375,NET_BANKING,view_balance,13-05-2026 08:57
EVT0002104,CUST001260,Net_Banking,VIEW_BALANCE,03-03-2026 18:32
EVT0002105,CUST004320,MOBILE APP,login,2026-07-26 11:18:38
EVT0002106,CUST000466,NET_BANKING,VIEW_BALANCE,04/02/2026 08:39 PM
EVT0002107,CUST004941,NET BANKING,LOGIN,15-03-2026 02:27
EVT0002108,CUST002539,MOBILE_APP,INITIATE_TRANSFER,05/03/2026 10:45:20
EVT0002109,CUST003030,,Initiate_Transfer,25-04-2026 03:05
EVT0002110,CUST002949,net_banking,LOGIN,04/06/2026 20:34:16
EVT0002111,CUST002009,Mobile_App,View_Balance,2026-07-06 07:39:37
EVT0002112,CUST002015,mobile_app,view_balance,2026-04-04 09:02:08
EVT0002113,CUST000967,MOBILE_APP,LOGOUT,2026-03-24 19:17:42
EVT0002114,CUST002868,MOBILE APP,view_balance,04/08/2026 06:29 AM
EVT0002115,CUST003697,NET BANKING, LOGOUT,09-06-2026 22:19
EVT0002116,CUST003939,mobile_app,login,03/29/2026 05:34 PM
EVT0002117,CUST000596,net_banking,INITIATE_TRANSFER,18-01-2026 03:53
EVT0002118,CUST002782,NET BANKING,LOGIN ,2026-07-05 05:41:35
EVT0002119,CUST003720,NET_BANKING,LOGOUT,01-07-2026 12:01
EVT0002120,CUST003111,Net_Banking,INITIATE_TRANSFER,28-02-2026 17:25
EVT0002121,CUST003562,Mobile_App,view_balance,07-06-2026 15:40
EVT0002122,CUST001334,net_banking,Initiate_Transfer,25/05/2026 03:25:51
EVT0002123,CUST003987,Net_Banking,INITIATE_TRANSFER,2026-07-24 21:15:15
EVT0002124,CUST003607,MOBILE APP,Logout,23-02-2026 15:41
EVT0002125,CUST003301,NET_BANKING,LOGIN ,18-04-2026 02:22
EVT0002126,CUST003372,Net_Banking,Logout,08-07-2026 01:58
EVT0002127,CUST004139,net_banking,View_Balance,2026-02-08 03:45:35
EVT0002128,CUST002997,net_banking,View_Balance,04-06-2026 14:06
EVT0002129,CUST002758,MOBILE APP,Logout,10/07/2026 05:26:29
EVT0002130,CUST000436,mobile_app,logout,2026-06-27 10:03:21
EVT0002131,CUST000195,MOBILE_APP,LOGIN ,2026-01-18 13:56:16
EVT0002132,CUST000746,Net_Banking,LOGOUT,26/04/2026 09:16:48
EVT0002133,CUST000220,MOBILE_APP,View_Balance,2026-04-28 11:44:58
EVT0002134,CUST000437,net_banking,LOGOUT,2026-07-29 01:20:00
EVT0002135,CUST001653,MOBILE_APP,View_Balance,09/05/2026 08:26:14
EVT0002136,CUST002075,MOBILE_APP,login,29-06-2026 09:15
EVT0002137,CUST000755,MOBILE APP,initiate_transfer,27-04-2026 03:02
EVT0002138,CUST002909,Mobile_App,View_Balance,27/01/2026 18:08:15
EVT0002139,CUST000470,mobile_app,LOGIN,2026-06-16 22:02:12
EVT0002140,CUST003304,net_banking,LOGIN,2026-05-12 23:06:21
EVT0002141,CUST004623,Net_Banking,logout,15-02-2026 07:46
EVT0002142,CUST001424,MOBILE_APP, LOGOUT,2026-06-23 08:42:35
EVT0002143,CUST004483,NET_BANKING,initiate_transfer,2026-01-21 22:39:03
EVT0002144,CUST004863,mobile_app,LOGIN ,2026-02-25 22:07:49
EVT0002145,CUST004836,NET_BANKING,View_Balance,07/30/2026 07:38 PM
EVT0002146,CUST000048,NET_BANKING,,2026-02-15 05:56:11
EVT0002147,CUST002675,Net_Banking,login,2026-04-10 18:11:53
EVT0002148,CUST005049,NET_BANKING,LOGOUT,31/07/2026 15:35:27
EVT0002149,CUST004640,NET_BANKING,LOGOUT,2026-02-03 02:07:33
EVT0002150,CUST003932,mobile_app,INITIATE_TRANSFER,2026-05-10 17:52:39
EVT0002151,CUST000539,NET_BANKING,View_Balance,2026-05-17 03:10:46
EVT0002152,CUST005068,Net_Banking,INITIATE_TRANSFER,2026-04-01 01:54:55
EVT0002153,CUST000700,Mobile_App,Logout,2026-03-24 17:31:13
EVT0002154,CUST004871,net_banking,,2026-03-29 13:23:12
EVT0002155,CUST002783,Net_Banking,INITIATE_TRANSFER,20/05/2026 07:50:25
EVT0002156,CUST001264,Mobile_App,INITIATE_TRANSFER,10/06/2026 02:37:33
EVT0002157,CUST005111,Mobile_App,Initiate_Transfer,18-04-2026 04:16
EVT0002158,CUST003082,,login,2026-04-21 13:41:19
EVT0002159,CUST000784,MOBILE_APP,LOGIN,19-06-2026 01:44
EVT0002160,CUST001200,MOBILE_APP,initiate_transfer,03-01-2026 00:05
EVT0002161,CUST004768,NET_BANKING,LOGOUT,
EVT0002162,CUST002693,NET_BANKING,LOGIN ,06-07-2026 15:12
EVT0002163,CUST002976,net_banking, LOGOUT,22-05-2026 10:02
EVT0002164,CUST002373,net_banking,INITIATE_TRANSFER,16/02/2026 23:58:18
EVT0002165,CUST003332,,login,2026-04-28 09:08:11
EVT0002166,CUST004446,net_banking,View_Balance,2026-05-04 16:26:49
EVT0002167,CUST003182,MOBILE_APP,INITIATE_TRANSFER,2026-01-11 03:06:31
EVT0002168,CUST004319,,login,05/03/2026 21:06:10
EVT0002169,CUST002054,MOBILE_APP,View_Balance,2026-07-31 03:41:12
EVT0002170,CUST003065,NET_BANKING,LOGIN,2026-06-05 21:06:25
EVT0002171,CUST000549,NET BANKING,LOGOUT,02/25/2026 03:42 AM
EVT0002172,CUST004536,,View_Balance,2026-01-19 08:15:25
EVT0002173,CUST002537,net_banking,LOGIN,2026-02-06 01:09:30
EVT0002174,CUST001577,mobile_app,View_Balance,03/28/2026 09:40 PM
EVT0002175,CUST004666,net_banking, LOGOUT,03/29/2026 07:37 PM
EVT0002176,CUST000353,NET_BANKING,initiate_transfer,09-05-2026 17:06
EVT0002177,CUST004790,NET BANKING,VIEW_BALANCE,2026-05-10 17:56:49
EVT0002178,CUST004181,MOBILE_APP,View_Balance,15/03/2026 20:32:04
EVT0002179,CUST004869,NET_BANKING,logout,2026-01-12 23:00:29
EVT0002180,CUST004494,MOBILE APP,VIEW_BALANCE,01/31/2026 06:32 PM
EVT0002181,CUST003759,MOBILE_APP,Logout,2026-03-16 17:37:37
EVT0002182,CUST002453,Net_Banking,initiate_transfer,2026-04-21 16:02:32
EVT0002183,CUST001858,NET_BANKING,LOGOUT,2026-07-10 02:48:57
EVT0002184,CUST002589,MOBILE APP,LOGOUT,2026-01-25 10:55:03
EVT0002185,CUST001652,NET_BANKING,View_Balance,16/06/2026 20:33:32
EVT0002186,CUST003137,NET_BANKING,Login,25-05-2026 17:15
EVT0002187,CUST000118,MOBILE_APP,,2026-05-31 02:45:47
EVT0002188,CUST003947,MOBILE APP,LOGIN,2026-02-24 03:54:07
EVT0002189,CUST001394,NET_BANKING,Login,2026-01-12 05:38:31
EVT0002190,CUST002035,NET_BANKING,INITIATE_TRANSFER,16-04-2026 23:54
EVT0002191,CUST003789,Mobile_App, LOGOUT,24-04-2026 05:58
EVT0002192,CUST000472,net_banking,LOGOUT,2026-03-25 17:44:37
EVT0002193,CUST002272,NET_BANKING,initiate_transfer,2026-01-06 19:26:31
EVT0002194,CUST003341,NET_BANKING,VIEW_BALANCE,2026-07-21 01:31:52
EVT0002195,CUST003105,Mobile_App,LOGOUT,2026-03-15 21:09:58
EVT0002196,CUST000950,MOBILE APP,VIEW_BALANCE,2026-03-16 14:01:24
EVT0002197,CUST003546,NET BANKING,VIEW_BALANCE,2026-01-02 16:23:41
EVT0002198,CUST003163,Mobile_App,LOGIN ,2026-05-20 09:05:18
EVT0002199,CUST003457,mobile_app,Login,17-01-2026 09:26
EVT0002200,CUST005106,MOBILE_APP,LOGIN,05-01-2026 20:55
EVT0002201,CUST003765,mobile_app,view_balance,03-07-2026 01:25
EVT0002202,CUST003138,Net_Banking,INITIATE_TRANSFER,2026-05-04 09:14:20
EVT0002203,CUST002354,Net_Banking,logout,12-06-2026 04:53
EVT0002204,CUST005119,NET BANKING,login,2026-05-19 20:59:18
EVT0002205,CUST002439,Mobile_App, LOGOUT,2026-05-28 07:21:48
EVT0002206,CUST003614,Mobile_App,INITIATE_TRANSFER,2026-07-21 12:19:32
EVT0002207,CUST002133,NET BANKING,LOGIN,01/26/2026 10:13 AM
EVT0002208,CUST002099,MOBILE_APP,INITIATE_TRANSFER,2026-03-04 00:49:33
EVT0002209,CUST000036,Net_Banking,Logout,2026-05-17 10:49:01
EVT0002210,CUST000058,MOBILE_APP,Logout,2026-01-19 09:25:11
EVT0002211,CUST004039,Mobile_App,VIEW_BALANCE,2026-06-03 03:23:59
EVT0002212,CUST002417,MOBILE_APP,Logout,2026-07-18 13:14:14
EVT0002213,CUST000229,MOBILE APP,VIEW_BALANCE,14/07/2026 06:34:27
EVT0002214,CUST004237,NET BANKING,login,2026-05-19 17:11:26
EVT0002215,CUST004607,NET_BANKING,initiate_transfer,16/06/2026 01:58:25
EVT0002216,CUST000202,NET_BANKING,LOGIN,2026-03-24 01:50:46
EVT0002217,CUST003575,NET_BANKING,view_balance,2026-07-11 02:43:15
EVT0002218,CUST001122,Net_Banking,View_Balance,2026-03-31 19:23:34
EVT0002219,CUST004521,NET BANKING,logout,2026-07-12 04:58:11
EVT0002220,CUST003061,Net_Banking,View_Balance,24/05/2026 17:52:18
EVT0002221,CUST002530,NET_BANKING,logout,2026-07-10 08:38:08
EVT0002222,CUST003115,Net_Banking,LOGIN,13-07-2026 17:10
EVT0002223,CUST003198,net_banking,Login,19/03/2026 10:40:00
EVT0002224,CUST003593,NET BANKING, LOGOUT,2026-05-29 17:45:53
EVT0002225,CUST000278,MOBILE_APP,LOGIN,12-06-2026 23:08
EVT0002226,CUST001103,Net_Banking, LOGOUT,26/05/2026 02:10:41
EVT0002227,CUST005155,MOBILE_APP,LOGIN,2026-01-24 12:14:21
EVT0002228,CUST003500,net_banking,Initiate_Transfer,2026-06-30 21:14:10
EVT0002229,CUST000360,NET_BANKING,view_balance,27-05-2026 13:33
EVT0002230,CUST001432,MOBILE APP,logout,2026-06-29 19:16:51
EVT0002231,CUST003249,NET BANKING,initiate_transfer,2026-01-22 09:27:44
EVT0002232,CUST001150,NET BANKING, LOGOUT,19-05-2026 00:10
EVT0002233,CUST004212,,VIEW_BALANCE,2026-05-01 17:07:36
EVT0002234,CUST003620,mobile_app,LOGOUT,2026-04-06 16:44:58
EVT0002235,CUST000839,MOBILE_APP,LOGOUT,16/05/2026 01:23:14
EVT0002236,CUST004212,Net_Banking,view_balance,2026-01-25 13:56:06
EVT0002237,CUST001792,Mobile_App,logout,2026-04-16 10:37:56
EVT0002238,CUST003169,NET BANKING,LOGIN ,2026-04-26 11:58:05
EVT0002239,CUST004722,net_banking,VIEW_BALANCE,31/05/2026 00:12:28
EVT0002240,CUST003834,mobile_app,LOGIN,2026-07-08 11:59:42
EVT0002241,CUST001018,net_banking,login,2026-03-19 12:54:29
EVT0002242,CUST002059,NET BANKING,VIEW_BALANCE,2026-06-22 19:53:14
EVT0002243,CUST002879,NET_BANKING,VIEW_BALANCE,2026-07-02 03:41:10
EVT0002244,CUST001048,Mobile_App,Login,07-06-2026 17:18
EVT0002245,CUST001150,Mobile_App,LOGOUT,2026-04-22 08:41:56
EVT0002246,CUST004472,NET BANKING,LOGIN,07/14/2026 09:50 PM
EVT0002247,CUST004234,mobile_app,LOGIN,07-05-2026 17:49
EVT0002248,CUST001175,NET BANKING,INITIATE_TRANSFER,21/01/2026 16:43:45
EVT0002249,CUST003853,NET_BANKING,LOGOUT,2026-07-23 14:40:24
EVT0002250,CUST001756,NET BANKING, LOGOUT,12-07-2026 07:59
EVT0002251,CUST001610,NET_BANKING,view_balance,2026-05-11 16:08:30
EVT0002252,CUST003008,NET_BANKING,LOGIN,18-07-2026 14:37
EVT0002253,CUST003631,MOBILE_APP,LOGOUT,2026-01-04 13:04:09
EVT0002254,CUST004076,MOBILE APP,View_Balance,01/18/2026 09:02 AM
EVT0002255,CUST003729,NET_BANKING,LOGIN ,27-05-2026 18:18
EVT0002256,CUST003988,NET BANKING,Logout,2026-05-22 06:00:25
EVT0002257,CUST001067,Mobile_App,view_balance,2026-03-29 18:49:51
EVT0002258,CUST000585,Mobile_App,LOGIN,2026-02-05 18:55:42
EVT0002259,CUST001982,MOBILE_APP,view_balance,01-07-2026 17:09
EVT0002260,CUST002782,mobile_app, LOGOUT,29-05-2026 09:30
EVT0002261,CUST002489,MOBILE APP,logout,2026-06-24 08:02:35
EVT0002262,CUST000727,MOBILE_APP,logout,25-02-2026 02:14
EVT0002263,CUST004357,NET BANKING,VIEW_BALANCE,16-06-2026 08:41
EVT0002264,CUST002147,Net_Banking,view_balance,2026-05-21 10:31:08
EVT0002265,CUST000809,net_banking,LOGOUT,05-03-2026 04:47
EVT0002266,CUST001215,Mobile_App,INITIATE_TRANSFER,2026-07-02 07:55:00
EVT0002267,CUST002818,NET_BANKING,INITIATE_TRANSFER,17-07-2026 22:04
EVT0002268,CUST002996,MOBILE_APP,INITIATE_TRANSFER,2026-03-24 14:55:48
EVT0002269,CUST002049,MOBILE APP,VIEW_BALANCE,11-02-2026 20:43
EVT0002270,CUST002748,,LOGOUT,2026-04-09 16:56:14
EVT0002271,CUST002790,Net_Banking,,2026-06-29 05:58:53
EVT0002272,CUST002894,MOBILE APP,Logout,12-05-2026 03:49
EVT0002273,CUST003532,NET_BANKING,view_balance,2026-01-02 17:00:18
EVT0002274,CUST000661,MOBILE_APP,LOGIN,2026-02-02 03:28:23
EVT0002275,CUST001998,net_banking,VIEW_BALANCE,01/06/2026 06:41 AM
EVT0002276,CUST005171,MOBILE_APP,VIEW_BALANCE,2026-05-18 22:01:24
EVT0002277,CUST001482,MOBILE_APP,LOGIN,21-02-2026 14:24
EVT0002278,CUST004251,MOBILE APP,initiate_transfer,2026-06-13 05:00:30
EVT0002279,CUST001644,MOBILE_APP,,2026-01-22 06:45:19
EVT0002280,CUST003225,Mobile_App,INITIATE_TRANSFER,2026-01-22 06:48:30
EVT0002281,CUST001741,Mobile_App,LOGIN ,2026-05-05 05:35:31
EVT0002282,CUST004265,mobile_app,INITIATE_TRANSFER,06/24/2026 01:42 AM
EVT0002283,CUST001247,,LOGIN,14-06-2026 22:21
EVT0002284,CUST003422,NET_BANKING,Initiate_Transfer,2026-06-10 08:25:11
EVT0002285,CUST001126,net_banking,VIEW_BALANCE,02-04-2026 09:10
EVT0002286,CUST004278,mobile_app,VIEW_BALANCE,2026-01-01 07:21:42
EVT0002287,CUST001843,net_banking,LOGIN,25/03/2026 22:47:12
EVT0002288,CUST004905,MOBILE APP,Login,2026-07-22 22:21:08
EVT0002289,CUST005110,Mobile_App,Logout,2026-04-15 00:40:12
EVT0002290,CUST002374,Mobile_App,INITIATE_TRANSFER,07/24/2026 10:36 PM
EVT0002291,CUST004223,MOBILE_APP,LOGIN,
EVT0002292,CUST002091,NET_BANKING,VIEW_BALANCE,13/06/2026 09:23:00
EVT0002293,CUST001751,MOBILE_APP,initiate_transfer,2026-01-28 11:15:21
EVT0002294,CUST001949,NET_BANKING,LOGIN ,11-02-2026 00:07
EVT0002295,CUST000346,net_banking, LOGOUT,2026-06-15 12:33:08
EVT0002296,CUST005197,MOBILE_APP,INITIATE_TRANSFER,03/01/2026 12:40 PM
EVT0002297,CUST000235,net_banking,logout,05/25/2026 11:43 AM
EVT0002298,CUST005102,NET BANKING,view_balance,2026-06-09 22:15:43
EVT0002299,CUST003453,MOBILE_APP, LOGOUT,2026-03-06 00:27:36
EVT0002300,CUST000524,net_banking,view_balance,2026-04-03 04:16:03
EVT0002301,CUST002130,NET BANKING,Initiate_Transfer,05-05-2026 02:18
EVT0002302,CUST000386,net_banking,logout,01-06-2026 06:06
EVT0002303,CUST002900,mobile_app,LOGOUT,2026-03-09 17:39:18
EVT0002304,CUST002206,MOBILE_APP,login,
EVT0002305,CUST002242,net_banking,LOGIN,12/03/2026 04:44:37
EVT0002306,CUST000205,Mobile_App,initiate_transfer,2026-02-03 13:30:35
EVT0002307,CUST003309,MOBILE_APP,INITIATE_TRANSFER,2026-06-09 04:57:35
EVT0002308,CUST000449,MOBILE_APP,LOGOUT,01/16/2026 06:24 PM
EVT0002309,CUST002140,NET_BANKING,INITIATE_TRANSFER,2026-07-13 12:58:47
EVT0002310,CUST004345,NET BANKING,LOGOUT,2026-07-16 20:49:24
EVT0002311,CUST000919,MOBILE_APP,Login,2026-05-25 18:52:41
EVT0002312,CUST004601,NET BANKING,View_Balance,2026-04-20 01:00:16
EVT0002313,CUST004302,Mobile_App,VIEW_BALANCE,2026-07-12 15:38:12
EVT0002314,CUST000170,mobile_app,VIEW_BALANCE,20-03-2026 11:03
EVT0002315,CUST004793,MOBILE APP,INITIATE_TRANSFER,12-07-2026 19:50
EVT0002316,CUST002922,NET_BANKING,view_balance,2026-07-27 22:00:19
EVT0002317,CUST004880,NET_BANKING,logout,
EVT0002318,CUST001642,NET BANKING,initiate_transfer,2026-05-08 02:26:29
EVT0002319,CUST002922,Net_Banking,Initiate_Transfer,2026-06-11 02:13:21
EVT0002320,CUST000570,NET BANKING,LOGIN,2026-05-30 11:37:15
EVT0002321,CUST003846,mobile_app,LOGIN,03-07-2026 05:22
EVT0002322,CUST001143,MOBILE_APP,Initiate_Transfer,18-06-2026 17:50
EVT0002323,CUST003530,Mobile_App,INITIATE_TRANSFER,2026-04-10 03:23:38
EVT0002324,CUST004054,MOBILE_APP,LOGOUT,09/06/2026 23:37:38
EVT0002325,CUST003139,Net_Banking,view_balance,2026-04-21 08:58:56
EVT0002326,CUST004153,MOBILE_APP,View_Balance,2026-04-09 03:01:20
EVT0002327,CUST001624,net_banking,view_balance,01-03-2026 13:26
EVT0002328,CUST005015,NET_BANKING,View_Balance,02/15/2026 11:58 AM
EVT0002329,CUST002866,MOBILE APP,initiate_transfer,29-05-2026 19:49
EVT0002330,CUST004454,NET_BANKING,LOGOUT,2026-02-27 09:00:47
EVT0002331,CUST003347,MOBILE_APP,view_balance,2026-04-14 10:43:49
EVT0002332,CUST004928,NET_BANKING, LOGOUT,2026-03-01 20:56:40
EVT0002333,CUST000728,NET_BANKING,View_Balance,2026-06-26 03:25:16
EVT0002334,CUST004514,MOBILE_APP,view_balance,06-03-2026 02:29
EVT0002335,CUST004132,MOBILE_APP,Initiate_Transfer,07/17/2026 09:36 AM
EVT0002336,CUST001767,MOBILE_APP,LOGIN ,2026-07-22 03:40:39
EVT0002337,CUST000253,,view_balance,2026-02-23 04:03:53
EVT0002338,CUST000120,Net_Banking,Logout,2026-07-09 05:43:49
EVT0002339,CUST002201,NET_BANKING,View_Balance,2026-04-19 20:07:05
EVT0002340,CUST001678,Net_Banking,logout,02/01/2026 04:58 AM
EVT0002341,CUST000901,mobile_app, LOGOUT,23-03-2026 20:07
EVT0002342,CUST005003,MOBILE APP,View_Balance,26-03-2026 12:16
EVT0002343,CUST000786,MOBILE_APP,INITIATE_TRANSFER,2026-06-26 16:50:01
EVT0002344,CUST002169,MOBILE APP,LOGOUT,06/01/2026 10:26:57
EVT0002345,CUST001717,Net_Banking,LOGIN,2026-02-10 17:15:51
EVT0002346,CUST002837,NET BANKING,Initiate_Transfer,2026-02-13 17:12:42
EVT0002347,CUST004943,MOBILE_APP,Initiate_Transfer,2026-01-20 21:48:09
EVT0002348,CUST002088,net_banking,view_balance,13-03-2026 08:06
EVT0002349,CUST000926,net_banking,VIEW_BALANCE,09-03-2026 13:51
EVT0002350,CUST000814,MOBILE APP,LOGOUT,2026-03-11 02:00:15
EVT0002351,CUST004664,MOBILE APP, LOGOUT,22/07/2026 18:16:10
EVT0002352,CUST001126,MOBILE APP,logout,28/02/2026 06:14:50
EVT0002353,CUST002671,MOBILE APP,initiate_transfer,16-05-2026 00:15
EVT0002354,CUST004488,Mobile_App,login,11-03-2026 22:01
EVT0002355,CUST001351,MOBILE_APP,View_Balance,2026-07-26 11:37:39
EVT0002356,CUST000781,MOBILE APP,view_balance,21/03/2026 02:40:42
EVT0002357,CUST003105,Net_Banking,Logout,11-04-2026 13:02
EVT0002358,CUST004307,Mobile_App,login,2026-06-10 12:24:30
EVT0002359,CUST001131,Mobile_App,LOGOUT,02/19/2026 09:54 PM
EVT0002360,CUST003906,NET BANKING,Initiate_Transfer,21/05/2026 23:12:08
EVT0002361,CUST004832,NET_BANKING,View_Balance,05/31/2026 05:21 PM
EVT0002362,CUST002548,,INITIATE_TRANSFER,02-07-2026 09:50
EVT0002363,CUST000981,MOBILE_APP,view_balance,03/01/2026 12:28 AM
EVT0002364,CUST001363,Mobile_App,VIEW_BALANCE,2026-07-17 00:30:07
EVT0002365,CUST003264,Mobile_App,login,16/06/2026 15:22:49
EVT0002366,CUST005123,Net_Banking, LOGOUT,06/29/2026 05:44 AM
EVT0002367,CUST003850,MOBILE_APP,VIEW_BALANCE,06/03/2026 19:02:45
EVT0002368,CUST003473,NET_BANKING, LOGOUT,27-01-2026 09:00
EVT0002369,CUST004327,Net_Banking,Logout,21-01-2026 06:58
EVT0002370,CUST001404,Mobile_App,view_balance,2026-04-19 17:01:30
EVT0002371,CUST004028,MOBILE_APP,logout,2026-02-04 07:26:49
EVT0002372,CUST003197,MOBILE APP,VIEW_BALANCE,2026-03-07 07:53:07
EVT0002373,CUST002891,Net_Banking,INITIATE_TRANSFER,2026-03-11 09:59:00
EVT0002374,CUST001690,MOBILE_APP,VIEW_BALANCE,30/07/2026 00:45:12
EVT0002375,CUST000731,mobile_app,LOGOUT,2026-02-14 20:42:00
EVT0002376,CUST001444,MOBILE_APP,LOGIN ,2026-03-14 18:18:26
EVT0002377,CUST004393,NET_BANKING,LOGOUT,02/21/2026 05:12 AM
EVT0002378,CUST002871,net_banking,LOGIN ,2026-01-05 02:06:39
EVT0002379,CUST002515,NET_BANKING,Initiate_Transfer,15/03/2026 04:11:01
EVT0002380,CUST004382,mobile_app,VIEW_BALANCE,2026-04-03 13:40:57
EVT0002381,CUST001604,NET_BANKING,INITIATE_TRANSFER,17/02/2026 01:36:52
EVT0002382,CUST000119,NET BANKING,Logout,2026-07-26 07:02:49
EVT0002383,CUST004291,mobile_app,INITIATE_TRANSFER,2026-03-16 06:22:39
EVT0002384,CUST000033,Mobile_App,,17-01-2026 17:09
EVT0002385,CUST003734,mobile_app,VIEW_BALANCE,2026-06-07 11:33:57
EVT0002386,CUST001903,MOBILE APP,login,2026-02-18 13:46:07
EVT0002387,CUST000150,Net_Banking,INITIATE_TRANSFER,2026-05-21 18:56:30
EVT0002388,CUST003474,NET_BANKING,Initiate_Transfer,2026-04-16 09:42:53
EVT0002389,CUST004736,mobile_app,LOGIN ,07-07-2026 03:21
EVT0002390,CUST004712,Mobile_App,Logout,2026-03-20 01:47:44
EVT0002391,CUST003525,NET BANKING,LOGIN,07-05-2026 04:56
EVT0002392,CUST000287,NET_BANKING,Login,2026-05-29 17:56:23
EVT0002393,CUST002400,MOBILE_APP,INITIATE_TRANSFER,07/07/2026 05:07:05
EVT0002394,CUST002436,Net_Banking,VIEW_BALANCE,2026-04-04 06:04:47
EVT0002395,CUST000857,Mobile_App,VIEW_BALANCE,2026-05-06 10:15:15
EVT0002396,CUST002663,Net_Banking,Initiate_Transfer,06/06/2026 11:07 AM
EVT0002397,CUST001476,NET_BANKING,initiate_transfer,19/07/2026 00:16:40
EVT0002398,CUST005154,MOBILE_APP,Logout,2026-01-31 20:58:07
EVT0002399,CUST001706,net_banking, LOGOUT,2026-05-28 15:20:17
EVT0002400,CUST004256,NET_BANKING,VIEW_BALANCE,07-02-2026 23:34
EVT0002401,CUST002101,MOBILE_APP,LOGIN ,2026-06-24 21:56:25
EVT0002402,CUST003113,MOBILE_APP,LOGOUT,2026-02-18 02:42:47
EVT0002403,CUST001487,mobile_app,view_balance,19-06-2026 03:21
EVT0002404,CUST001001,NET BANKING,LOGIN,27-06-2026 14:49
EVT0002405,CUST004407,MOBILE_APP,LOGIN ,2026-04-30 23:42:18
EVT0002406,CUST001196,MOBILE_APP,INITIATE_TRANSFER,05/17/2026 12:51 PM
EVT0002407,CUST000639,MOBILE APP,LOGIN,2026-01-20 10:51:34
EVT0002408,CUST002625,MOBILE APP,Login,19/06/2026 22:13:30
EVT0002409,CUST005191,NET BANKING,logout,2026-05-18 06:00:42
EVT0002410,CUST000553,MOBILE APP,Initiate_Transfer,2026-04-14 01:38:42
EVT0002411,CUST004442,NET_BANKING,View_Balance,2026-01-14 13:06:14
EVT0002412,CUST004362,MOBILE_APP,Initiate_Transfer,2026-07-05 09:01:37
EVT0002413,CUST004435,MOBILE_APP,view_balance,2026-04-17 11:05:03
EVT0002414,CUST002173,Mobile_App,INITIATE_TRANSFER,2026-07-18 19:52:54
EVT0002415,CUST002390,NET_BANKING, LOGOUT,22-05-2026 23:33
EVT0002416,CUST005058,Mobile_App,LOGOUT,2026-06-24 11:20:20
EVT0002417,CUST001906,Net_Banking,LOGOUT,2026-01-16 18:43:28
EVT0002418,CUST005179,NET_BANKING, LOGOUT,2026-03-05 01:21:58
EVT0002419,CUST004014,NET_BANKING, LOGOUT,2026-04-19 09:58:20
EVT0002420,CUST004507,Mobile_App,INITIATE_TRANSFER,2026-06-22 10:00:57
EVT0002421,CUST000319,MOBILE APP, LOGOUT,2026-07-29 00:06:38
EVT0002422,CUST003953,NET_BANKING,Login,31-07-2026 00:06
EVT0002423,CUST001211,NET BANKING,initiate_transfer,2026-05-11 02:31:47
EVT0002424,CUST002716,NET_BANKING,logout,2026-07-10 14:02:55
EVT0002425,CUST005178,MOBILE_APP,VIEW_BALANCE,12-02-2026 18:08
EVT0002426,CUST000710,MOBILE APP,Login,2026-01-07 01:31:25
EVT0002427,CUST001131,NET_BANKING,Login,28-07-2026 12:55
EVT0002428,CUST000731,net_banking,Logout,2026-07-07 09:06:00
EVT0002429,CUST001147,net_banking,VIEW_BALANCE,2026-03-12 01:59:32
EVT0002430,CUST003653,NET_BANKING,,2026-04-09 22:55:44
EVT0002431,CUST004975,MOBILE APP,LOGOUT,2026-05-26 15:25:34
EVT0002432,CUST003546,NET_BANKING,logout,04/13/2026 09:39 PM
EVT0002433,CUST000971,MOBILE APP,logout,21-06-2026 21:40
EVT0002434,CUST002064,NET BANKING,login,2026-01-01 01:09:26
EVT0002435,CUST003521,MOBILE_APP,LOGIN,2026-05-20 08:01:29
EVT0002436,CUST002416,NET_BANKING,LOGIN ,10-04-2026 12:28
EVT0002437,CUST002569,Net_Banking,logout,2026-04-27 13:31:46
EVT0002438,CUST004382,net_banking,Initiate_Transfer,2026-01-24 12:03:19
EVT0002439,CUST000929,Mobile_App,VIEW_BALANCE,01-01-2026 03:51
EVT0002440,CUST005166,mobile_app,INITIATE_TRANSFER,04-02-2026 18:30
EVT0002441,CUST004280,NET BANKING,INITIATE_TRANSFER,13-05-2026 11:59
EVT0002442,CUST001708,MOBILE_APP,View_Balance,2026-04-16 18:36:09
EVT0002443,CUST001521,mobile_app,LOGOUT,2026-03-20 13:44:12
EVT0002444,CUST001961,NET BANKING, LOGOUT,07-01-2026 14:07
EVT0002445,CUST001086,MOBILE APP,INITIATE_TRANSFER,2026-05-22 05:05:18
EVT0002446,CUST005093,Mobile_App,View_Balance,2026-04-26 19:25:49
EVT0002447,CUST000811,MOBILE APP,view_balance,10-07-2026 18:17
EVT0002448,CUST002443,Mobile_App,LOGIN,07-04-2026 22:58
EVT0002449,CUST004483,Net_Banking,VIEW_BALANCE,14/04/2026 23:11:31
EVT0002450,CUST004949,MOBILE APP,login,24-07-2026 20:13
EVT0002451,CUST002262,mobile_app,login,17/07/2026 05:26:30
EVT0002452,CUST002064,Net_Banking,VIEW_BALANCE,2026-07-29 16:52:23
EVT0002453,CUST002659,NET_BANKING,LOGIN,2026-07-24 23:09:00
EVT0002454,CUST003322,NET_BANKING,Login,2026-01-06 07:25:12
EVT0002455,CUST001449,NET_BANKING,,15/06/2026 03:39:21
EVT0002456,CUST000511,Mobile_App,view_balance,29-05-2026 11:37
EVT0002457,CUST001225,NET_BANKING,VIEW_BALANCE,06/18/2026 03:31 PM
EVT0002458,CUST004009,NET BANKING,view_balance,07/23/2026 02:48 AM
EVT0002459,CUST003695,Net_Banking,VIEW_BALANCE,2026-05-02 17:14:55
EVT0002460,CUST003118,MOBILE APP, LOGOUT,2026-07-02 12:29:31
EVT0002461,CUST001007,NET_BANKING,LOGIN,2026-02-27 05:47:53
EVT0002462,CUST004387,NET_BANKING,,12-03-2026 20:04
EVT0002463,CUST001256,MOBILE APP, LOGOUT,11-06-2026 13:05
EVT0002464,CUST003091,NET_BANKING,view_balance,2026-07-03 14:00:06
EVT0002465,CUST004154,NET_BANKING,View_Balance,10/07/2026 09:30:35
EVT0002466,CUST000282,Mobile_App,View_Balance,2026-01-09 12:39:20
EVT0002467,CUST003124,mobile_app,LOGIN,23/01/2026 07:34:39
EVT0002468,CUST000945,MOBILE_APP, LOGOUT,2026-03-18 08:03:21
EVT0002469,CUST003492,NET_BANKING,LOGOUT,2026-02-06 06:11:53
EVT0002470,CUST004889,MOBILE_APP,Login,13/05/2026 20:02:46
EVT0002471,CUST001487,NET_BANKING,LOGOUT,13/03/2026 23:41:46
EVT0002472,CUST001369,mobile_app,INITIATE_TRANSFER,2026-05-10 10:22:25
EVT0002473,CUST002187,NET BANKING,INITIATE_TRANSFER,2026-05-27 14:29:28
EVT0002474,CUST004279,NET BANKING,INITIATE_TRANSFER,19-07-2026 14:04
EVT0002475,CUST003806,MOBILE_APP,LOGOUT,2026-04-14 19:01:31
EVT0002476,CUST001129,MOBILE_APP,LOGOUT,2026-05-20 00:27:32
EVT0002477,CUST002851,MOBILE_APP,logout,06/05/2026 10:09:07
EVT0002478,CUST002721,net_banking,View_Balance,2026-04-11 19:27:55
EVT0002479,CUST003969,MOBILE APP,INITIATE_TRANSFER,07/01/2026 06:58 AM
EVT0002480,CUST000522,NET BANKING,Logout,20-07-2026 10:45
EVT0002481,CUST003308,net_banking,initiate_transfer,2026-01-22 14:44:48
EVT0002482,CUST002546,MOBILE_APP,INITIATE_TRANSFER,01/06/2026 22:54:06
EVT0002483,CUST004343,mobile_app,Login,21-01-2026 00:52
EVT0002484,CUST000287,MOBILE_APP,LOGIN ,2026-02-16 09:35:05
EVT0002485,CUST003771,MOBILE_APP,view_balance,08-04-2026 04:49
EVT0002486,CUST000261,Mobile_App,,2026-05-14 04:55:12
EVT0002487,CUST004715,MOBILE_APP,LOGIN ,2026-01-31 19:06:12
EVT0002488,CUST004685,NET_BANKING,login,20-02-2026 07:52
EVT0002489,CUST002598,NET BANKING,LOGIN,2026-02-19 00:56:07
EVT0002490,CUST000933,MOBILE_APP,login,04/13/2026 04:21 PM
EVT0002491,CUST003253,MOBILE_APP,INITIATE_TRANSFER,2026-04-13 16:09:47
EVT0002492,CUST001962,Net_Banking, LOGOUT,2026-06-19 05:42:10
EVT0002493,CUST004274,net_banking,view_balance,12-04-2026 07:45
EVT0002494,CUST002300,NET_BANKING,Logout,14/06/2026 19:29:39
EVT0002495,CUST001799,NET_BANKING,LOGIN,2026-07-08 09:24:28
EVT0002496,CUST000517,mobile_app,LOGIN,2026-05-24 08:41:52
EVT0002497,CUST005140,mobile_app,LOGOUT,2026-01-27 11:39:47
EVT0002498,CUST002125,Net_Banking,Login,2026-02-24 10:58:19
EVT0002499,CUST003657,MOBILE_APP,initiate_transfer,2026-03-15 03:04:42
EVT0002500,CUST003518,NET BANKING,logout,15/06/2026 05:35:15
EVT0002501,CUST004685,NET BANKING, LOGOUT,18-02-2026 22:06
EVT0002502,CUST000419,Mobile_App,,2026-04-14 05:34:19
EVT0002503,CUST003645,Mobile_App,VIEW_BALANCE,2026-04-09 03:09:05
EVT0002504,CUST003571,net_banking,Logout,2026-05-27 03:13:29
EVT0002505,CUST004317,net_banking,LOGIN,2026-02-10 08:16:24
EVT0002506,CUST003863,NET BANKING,login,2026-06-22 15:38:31
EVT0002507,CUST001973,MOBILE_APP,LOGIN,2026-07-18 05:11:36
EVT0002508,CUST004733,Net_Banking,view_balance,02/14/2026 05:41 AM
EVT0002509,CUST002644,NET_BANKING,Initiate_Transfer,2026-01-31 13:07:28
EVT0002510,CUST001513,Net_Banking,LOGIN ,01/28/2026 07:58 PM
EVT0002511,CUST004138,NET BANKING,view_balance,2026-06-17 18:23:29
EVT0002512,CUST000629,MOBILE_APP,View_Balance,04/02/2026 10:01 AM
EVT0002513,CUST005037,NET_BANKING,LOGIN,2026-06-18 03:26:36
EVT0002514,CUST000260,NET_BANKING,login,15-05-2026 15:48
EVT0002515,CUST001787,NET_BANKING,,06-02-2026 22:59
EVT0002516,CUST003886,MOBILE_APP,View_Balance,02/17/2026 03:36 PM
EVT0002517,CUST001284,Mobile_App,VIEW_BALANCE,2026-06-29 06:48:22
EVT0002518,CUST002671,Mobile_App,View_Balance,18-05-2026 18:56
EVT0002519,CUST000766,MOBILE APP, LOGOUT,2026-01-13 00:04:45
EVT0002520,CUST004279,NET BANKING,LOGIN,2026-07-30 22:14:19
EVT0002521,CUST005112,Net_Banking,LOGOUT,2026-01-04 01:23:35
EVT0002522,CUST004283,mobile_app,LOGIN ,14/06/2026 16:07:48
EVT0002523,CUST001691,NET_BANKING,LOGIN,2026-06-05 06:02:03
EVT0002524,CUST000681,MOBILE APP,LOGIN,20/04/2026 04:18:30
EVT0002525,CUST003200,MOBILE_APP,logout,2026-01-08 14:27:02
EVT0002526,CUST003326,net_banking,Login,2026-05-19 02:14:13
EVT0002527,CUST005097,net_banking,VIEW_BALANCE,2026-04-24 05:42:41
EVT0002528,CUST001633,NET_BANKING,LOGIN,29-01-2026 23:48
EVT0002529,CUST002201,MOBILE APP,LOGIN,05-03-2026 01:49
EVT0002530,CUST001490,mobile_app,LOGOUT,01/06/2026 07:28:30
EVT0002531,CUST003551,Mobile_App,View_Balance,2026-03-07 02:45:23
EVT0002532,CUST004314,mobile_app,LOGOUT,06/08/2026 03:46 AM
EVT0002533,CUST002908,Mobile_App,INITIATE_TRANSFER,2026-06-17 09:30:49
EVT0002534,CUST004822,MOBILE_APP,initiate_transfer,03/01/2026 12:01:09
EVT0002535,CUST002589,NET BANKING,LOGOUT,16/01/2026 00:51:38
EVT0002536,CUST000916,MOBILE_APP,LOGOUT,2026-07-18 01:26:55
EVT0002537,CUST001247,MOBILE APP,Logout,01/09/2026 11:38 PM
EVT0002538,CUST004320,mobile_app, LOGOUT,2026-02-04 17:23:53
EVT0002539,CUST000066,NET_BANKING,LOGIN ,2026-06-12 04:08:05
EVT0002540,CUST002441,net_banking,VIEW_BALANCE,03/12/2026 04:40 PM
EVT0002541,CUST004198,MOBILE_APP,view_balance,2026-07-26 19:44:12
EVT0002542,CUST004384,NET_BANKING,initiate_transfer,01-06-2026 12:10
EVT0002543,CUST002781,MOBILE_APP,view_balance,01-05-2026 13:24
EVT0002544,CUST003516,MOBILE_APP,INITIATE_TRANSFER,2026-07-26 00:47:56
EVT0002545,CUST005011,Mobile_App,logout,2026-04-12 21:29:00
EVT0002546,CUST003029,MOBILE APP,LOGIN ,25/07/2026 04:25:39
EVT0002547,CUST000365,mobile_app,view_balance,14/01/2026 16:46:43
EVT0002548,CUST003674,MOBILE_APP,logout,2026-02-12 16:42:20
EVT0002549,CUST000874,MOBILE_APP,Initiate_Transfer,2026-01-04 14:43:46
EVT0002550,CUST004794,NET_BANKING,VIEW_BALANCE,2026-02-16 13:40:21
EVT0002551,CUST001083,NET_BANKING,INITIATE_TRANSFER,2026-03-01 07:40:37
EVT0002552,CUST000076,Net_Banking,View_Balance,03/04/2026 11:19 PM
EVT0002553,CUST004976,NET_BANKING,View_Balance,2026-02-11 20:36:24
EVT0002554,CUST001477,NET_BANKING,VIEW_BALANCE,02/09/2026 07:20 PM
EVT0002555,CUST001294,Mobile_App, LOGOUT,2026-07-08 20:12:37
EVT0002556,CUST003157,Net_Banking,login,2026-04-15 06:07:15
EVT0002557,CUST003111,MOBILE_APP,LOGIN ,12-03-2026 21:06
EVT0002558,CUST000997,NET_BANKING,View_Balance,2026-07-18 06:57:01
EVT0002559,CUST000807,NET_BANKING,Initiate_Transfer,2026-05-14 18:16:53
EVT0002560,CUST000713,Net_Banking,Logout,2026-05-14 14:00:52
EVT0002561,CUST004333,net_banking,login,2026-03-29 13:11:58
EVT0002562,CUST004093,NET BANKING,VIEW_BALANCE,02-02-2026 01:53
EVT0002563,CUST003675,NET_BANKING,Initiate_Transfer,21/01/2026 08:20:26
EVT0002564,CUST004076,MOBILE_APP,view_balance,2026-06-09 08:17:16
EVT0002565,CUST004312,mobile_app,VIEW_BALANCE,2026-05-25 00:23:28
EVT0002566,CUST003821,MOBILE APP,INITIATE_TRANSFER,2026-02-18 06:44:54
EVT0002567,CUST000254,MOBILE_APP,Initiate_Transfer,2026-04-07 04:52:29
EVT0002568,CUST003956,MOBILE APP,INITIATE_TRANSFER,08-04-2026 23:43
EVT0002569,CUST002674,Net_Banking,logout,02-02-2026 09:31
EVT0002570,CUST000178,Net_Banking,Initiate_Transfer,2026-03-06 22:49:54
EVT0002571,CUST002442,MOBILE_APP,INITIATE_TRANSFER,2026-01-05 22:09:42
EVT0002572,CUST004187,net_banking,initiate_transfer,2026-03-11 13:11:05
EVT0002573,CUST002192,Mobile_App,INITIATE_TRANSFER,17-04-2026 11:05
EVT0002574,CUST000837,mobile_app,View_Balance,2026-04-15 08:34:25
EVT0002575,CUST002798,MOBILE APP,Logout,2026-07-03 20:52:22
EVT0002576,CUST004599,Net_Banking,View_Balance,2026-02-23 23:14:06
EVT0002577,CUST002405,NET_BANKING,initiate_transfer,05-02-2026 05:03
EVT0002578,CUST003614,NET_BANKING, LOGOUT,11-03-2026 05:15
EVT0002579,CUST003204,MOBILE APP,LOGIN ,2026-03-15 15:31:59
EVT0002580,CUST001704,Net_Banking,VIEW_BALANCE,2026-05-10 08:04:08
EVT0002581,CUST004279,NET_BANKING,VIEW_BALANCE,13-04-2026 22:42
EVT0002582,CUST002551,mobile_app,logout,2026-04-14 23:55:56
EVT0002583,CUST001705,mobile_app,VIEW_BALANCE,2026-05-18 09:26:32
EVT0002584,CUST001197,Net_Banking,initiate_transfer,01-03-2026 22:00
EVT0002585,CUST003606,MOBILE_APP,LOGIN ,20-07-2026 20:53
EVT0002586,CUST003507,MOBILE_APP,INITIATE_TRANSFER,2026-05-28 22:43:58
EVT0002587,CUST001623,NET BANKING,initiate_transfer,2026-05-28 23:30:17
EVT0002588,CUST002703,NET_BANKING,VIEW_BALANCE,27-03-2026 03:06
EVT0002589,CUST001213,net_banking,logout,17/03/2026 06:48:22
EVT0002590,CUST004402,MOBILE_APP,INITIATE_TRANSFER,19-04-2026 02:15
EVT0002591,CUST004989,NET BANKING,LOGIN,06-03-2026 18:33
EVT0002592,CUST004663,Net_Banking,VIEW_BALANCE,2026-05-10 17:06:19
EVT0002593,CUST002283,MOBILE APP,INITIATE_TRANSFER,15-07-2026 23:27
EVT0002594,CUST001489,net_banking,View_Balance,22/04/2026 16:54:54
EVT0002595,CUST003431,NET_BANKING,LOGOUT,2026-07-25 21:06:03
EVT0002596,CUST003407,MOBILE APP,VIEW_BALANCE,2026-07-08 18:49:36
EVT0002597,CUST003379,Net_Banking,LOGOUT,15/01/2026 22:15:54
EVT0002598,CUST003107,MOBILE APP, LOGOUT,24/05/2026 15:30:40
EVT0002599,CUST002093,NET BANKING,view_balance,2026-06-24 05:59:29
EVT0002600,CUST003986,NET_BANKING,view_balance,01/30/2026 07:26 PM
EVT0002601,CUST001154,MOBILE_APP,login,2026-07-31 05:04:45
EVT0002602,CUST002861,Net_Banking, LOGOUT,08/03/2026 13:57:04
EVT0002603,CUST003876,Mobile_App,LOGIN,31-01-2026 22:33
EVT0002604,CUST001480,NET_BANKING,View_Balance,04/18/2026 03:23 AM
EVT0002605,CUST003760,MOBILE APP,Login,09/06/2026 00:10:23
EVT0002606,CUST000043,net_banking,initiate_transfer,2026-05-23 17:24:04
EVT0002607,CUST003581,net_banking,Login,2026-05-20 13:16:28
EVT0002608,CUST004869,MOBILE APP, LOGOUT,2026-04-19 12:28:14
EVT0002609,CUST002177,MOBILE APP,LOGIN ,09-04-2026 03:07
EVT0002610,CUST004855,net_banking,Initiate_Transfer,2026-03-28 02:48:26
EVT0002611,CUST000710,NET BANKING,Login,2026-06-06 10:05:26
EVT0002612,CUST004001,NET BANKING,VIEW_BALANCE,08-06-2026 21:52
EVT0002613,CUST004751,NET_BANKING,logout,17-03-2026 12:17
EVT0002614,CUST001889,mobile_app,Logout,21-04-2026 06:23
EVT0002615,CUST002085,Net_Banking,login,05-06-2026 22:53
EVT0002616,CUST000322,NET_BANKING,logout,2026-04-15 14:57:26
EVT0002617,CUST000246,MOBILE_APP,initiate_transfer,2026-05-15 05:29:16
EVT0002618,CUST001331,MOBILE APP,LOGIN ,2026-06-08 19:11:42
EVT0002619,CUST001403,MOBILE APP,view_balance,2026-06-16 06:41:10
EVT0002620,CUST002244,MOBILE APP,Logout,25/06/2026 02:27:28
EVT0002621,CUST000957,NET_BANKING,LOGOUT,03/24/2026 12:31 PM
EVT0002622,CUST004224,Mobile_App,INITIATE_TRANSFER,29-07-2026 06:44
EVT0002623,CUST003183,NET_BANKING,initiate_transfer,14-06-2026 09:08
EVT0002624,CUST001399,MOBILE APP,INITIATE_TRANSFER,2026-04-10 11:11:30
EVT0002625,CUST000096,net_banking, LOGOUT,2026-05-13 13:00:01
EVT0002626,CUST004828,net_banking,VIEW_BALANCE,05/01/2026 00:12:21
EVT0002627,CUST002983,MOBILE_APP,View_Balance,06/12/2026 07:11 PM
EVT0002628,CUST001375,mobile_app,view_balance,27-05-2026 00:25
EVT0002629,CUST002256,MOBILE_APP,LOGIN,01-04-2026 14:07
EVT0002630,CUST005066,MOBILE_APP,VIEW_BALANCE,2026-07-17 16:42:06
EVT0002631,CUST000165,Mobile_App,logout,2026-07-27 05:00:10
EVT0002632,CUST003237,NET_BANKING,Initiate_Transfer,2026-01-24 15:55:32
EVT0002633,CUST005014,net_banking, LOGOUT,2026-01-23 16:19:13
EVT0002634,CUST004308,NET BANKING,,08-02-2026 10:37
EVT0002635,CUST004659,NET BANKING,Initiate_Transfer,16-07-2026 17:30
EVT0002636,CUST000344,mobile_app,Initiate_Transfer,2026-05-26 23:03:04
EVT0002637,CUST002126,mobile_app,LOGOUT,27-06-2026 01:27
EVT0002638,CUST004671,mobile_app,view_balance,2026-06-01 19:12:20
EVT0002639,CUST004131,MOBILE APP,Login,24/06/2026 15:05:25
EVT0002640,CUST004963,net_banking,VIEW_BALANCE,2026-07-02 10:59:00
EVT0002641,CUST002330,MOBILE APP,VIEW_BALANCE,31-03-2026 00:13
EVT0002642,CUST004651,MOBILE_APP,View_Balance,30/04/2026 16:13:41
EVT0002643,CUST003626,MOBILE_APP,logout,2026-03-10 13:20:12
EVT0002644,CUST002591,NET_BANKING,View_Balance,2026-01-04 18:52:30
EVT0002645,CUST002474,Mobile_App,INITIATE_TRANSFER,30-03-2026 11:14
EVT0002646,CUST002893,MOBILE_APP,Initiate_Transfer,2026-07-10 12:16:45
EVT0002647,CUST003481,Mobile_App,Initiate_Transfer,2026-03-15 13:54:28
EVT0002648,CUST002731,MOBILE_APP,initiate_transfer,2026-05-10 16:20:12
EVT0002649,CUST003270,MOBILE_APP,Initiate_Transfer,2026-01-30 15:11:31
EVT0002650,CUST001590,MOBILE_APP,INITIATE_TRANSFER,2026-07-05 06:52:13
EVT0002651,CUST004032,NET BANKING,Login,2026-01-19 13:05:16
EVT0002652,CUST001132,NET_BANKING,Logout,14-03-2026 18:10
EVT0002653,CUST003008,Net_Banking,VIEW_BALANCE,03/13/2026 05:08 PM
EVT0002654,CUST000172,mobile_app,Initiate_Transfer,2026-05-26 14:36:46
EVT0002655,CUST002543,Mobile_App,VIEW_BALANCE,2026-04-24 19:57:06
EVT0002656,CUST000858,MOBILE_APP,INITIATE_TRANSFER,2026-07-04 00:56:21
EVT0002657,CUST004950,net_banking,VIEW_BALANCE,2026-02-06 20:24:54
EVT0002658,CUST002504,MOBILE_APP,View_Balance,2026-06-22 13:12:16
EVT0002659,CUST001688,, LOGOUT,2026-01-07 09:23:52
EVT0002660,CUST000175,MOBILE_APP,Login,12-05-2026 04:26
EVT0002661,CUST002942,MOBILE_APP,INITIATE_TRANSFER,2026-03-04 15:54:22
EVT0002662,CUST001712,NET_BANKING,Logout,2026-03-07 03:11:46
EVT0002663,CUST003184,MOBILE APP,LOGIN,31-01-2026 01:03
EVT0002664,CUST002183,mobile_app,LOGIN,2026-02-04 10:21:26
EVT0002665,CUST002080,,LOGIN ,02/04/2026 03:23:04
EVT0002666,CUST004279,NET_BANKING,view_balance,2026-01-29 20:47:34
EVT0002667,CUST004970,MOBILE_APP,LOGIN,20-07-2026 16:01
EVT0002668,CUST000927,NET_BANKING,LOGOUT,2026-07-02 23:11:15
EVT0002669,CUST005109,Mobile_App,VIEW_BALANCE,2026-02-09 14:24:57
EVT0002670,CUST001879,Net_Banking,LOGIN,2026-02-03 00:11:50
EVT0002671,CUST004880,mobile_app,INITIATE_TRANSFER,2026-05-26 22:38:37
EVT0002672,CUST000190,,LOGIN,04/01/2026 12:58:44
EVT0002673,CUST004759,mobile_app,logout,22/01/2026 11:47:59
EVT0002674,CUST001167,Net_Banking,INITIATE_TRANSFER,03-02-2026 23:10
EVT0002675,CUST002189,MOBILE APP,initiate_transfer,2026-05-20 21:46:54
EVT0002676,CUST003878,NET_BANKING,Initiate_Transfer,
EVT0002677,CUST001195,Mobile_App,view_balance,05-06-2026 22:11
EVT0002678,CUST001406,mobile_app, LOGOUT,2026-05-18 16:04:01
EVT0002679,CUST003422,Mobile_App,login,2026-01-04 05:52:47
EVT0002680,CUST000276,MOBILE_APP,INITIATE_TRANSFER,10-05-2026 19:28
EVT0002681,CUST004791,NET_BANKING,LOGOUT,03-07-2026 15:49
EVT0002682,CUST001460,Mobile_App,LOGOUT,2026-05-25 02:39:56
EVT0002683,CUST002727,Mobile_App,Login,2026-02-10 09:29:20
EVT0002684,CUST002741,Net_Banking,LOGIN ,2026-05-20 19:45:30
EVT0002685,CUST004659,MOBILE_APP,LOGIN,02/12/2026 09:54 AM
EVT0002686,CUST004908,NET BANKING,VIEW_BALANCE,2026-03-03 18:55:44
EVT0002687,CUST000263,NET_BANKING,VIEW_BALANCE,03/21/2026 04:55 PM
EVT0002688,CUST003139,MOBILE APP,LOGIN ,06/21/2026 02:08 PM
EVT0002689,CUST004392,net_banking,initiate_transfer,26-04-2026 04:05
EVT0002690,CUST001132,MOBILE_APP,LOGOUT,28-05-2026 12:43
EVT0002691,CUST000322,MOBILE_APP,INITIATE_TRANSFER,19-05-2026 07:26
EVT0002692,CUST000513,Net_Banking,LOGIN,18-03-2026 04:18
EVT0002693,CUST000833,NET_BANKING,VIEW_BALANCE,2026-07-16 19:11:15
EVT0002694,CUST005109,net_banking,Login,16-05-2026 21:10
EVT0002695,CUST000998,NET_BANKING,VIEW_BALANCE,2026-05-22 16:40:08
EVT0002696,CUST003021,Net_Banking,Login,2026-02-11 02:35:30
EVT0002697,CUST002983,Mobile_App,Initiate_Transfer,2026-04-24 07:33:16
EVT0002698,CUST001262,MOBILE_APP,VIEW_BALANCE,2026-06-13 11:39:43
EVT0002699,CUST001949,MOBILE APP,LOGOUT,2026-04-10 10:02:47
EVT0002700,CUST003607,mobile_app,initiate_transfer,29-05-2026 21:23
EVT0002701,CUST004556,net_banking,VIEW_BALANCE,2026-02-12 21:25:54
EVT0002702,CUST004855,NET_BANKING,view_balance,2026-07-09 21:05:44
EVT0002703,CUST001947,,INITIATE_TRANSFER,03-04-2026 06:30
EVT0002704,CUST004651,NET_BANKING,VIEW_BALANCE,04/08/2026 01:38 AM
EVT0002705,CUST003096,MOBILE_APP,login,2026-06-10 10:22:21
EVT0002706,CUST003169,MOBILE_APP,logout,01/28/2026 07:10 PM
EVT0002707,CUST003608,MOBILE_APP,login,2026-07-28 10:31:52
EVT0002708,CUST001978,NET_BANKING, LOGOUT,2026-03-25 04:55:45
EVT0002709,CUST002342,net_banking,logout,2026-01-18 02:07:17
EVT0002710,CUST004202,Mobile_App,View_Balance,15-05-2026 22:36
EVT0002711,CUST002554,net_banking,Login,2026-01-16 12:19:19
EVT0002712,CUST002741,MOBILE_APP,LOGOUT,02/20/2026 01:08 PM
EVT0002713,CUST001189,NET_BANKING, LOGOUT,2026-07-16 03:22:47
EVT0002714,CUST001248,NET BANKING,LOGOUT,31/01/2026 09:05:11
EVT0002715,CUST004563,MOBILE_APP,,28-01-2026 08:44
EVT0002716,CUST002223,Mobile_App,,2026-01-29 07:52:25
EVT0002717,CUST004616,MOBILE_APP,Logout,27/02/2026 15:03:26
EVT0002718,CUST003209,MOBILE_APP,INITIATE_TRANSFER,22/06/2026 13:59:39
EVT0002719,CUST003442,NET_BANKING,VIEW_BALANCE,06-03-2026 22:14
EVT0002720,CUST004415,net_banking,VIEW_BALANCE,2026-07-08 16:22:09
EVT0002721,CUST003844,Net_Banking,initiate_transfer,23-04-2026 20:16
EVT0002722,CUST002789,MOBILE APP,VIEW_BALANCE,2026-03-09 07:11:55
EVT0002723,CUST003159,NET BANKING,login,2026-04-02 22:40:40
EVT0002724,CUST003131,mobile_app,Initiate_Transfer,03-02-2026 21:27
EVT0002725,CUST003946,MOBILE_APP, LOGOUT,06/04/2026 02:06:46
EVT0002726,CUST002724,NET_BANKING,LOGIN,2026-01-25 09:59:23
EVT0002727,CUST003911,NET_BANKING,Logout,2026-03-25 16:19:23
EVT0002728,CUST000960,NET_BANKING,INITIATE_TRANSFER,29/04/2026 10:51:01
EVT0002729,CUST000083,Net_Banking,LOGIN,2026-06-28 17:37:07
EVT0002730,CUST005160,NET_BANKING,View_Balance,2026-04-26 19:20:04
EVT0002731,CUST000569,Net_Banking,Login,03-01-2026 23:19
EVT0002732,CUST000254,NET_BANKING, LOGOUT,07/16/2026 07:08 AM
EVT0002733,CUST004713,NET_BANKING,initiate_transfer,09/01/2026 09:46:46
EVT0002734,CUST002673,Net_Banking,LOGOUT,2026-03-24 12:58:28
EVT0002735,CUST004846,Net_Banking, LOGOUT,2026-03-04 22:03:37
EVT0002736,CUST004333,Mobile_App,view_balance,23-03-2026 18:11
EVT0002737,CUST005170,NET_BANKING,View_Balance,2026-03-24 07:59:31
EVT0002738,CUST000477,Mobile_App,view_balance,27-03-2026 00:01
EVT0002739,CUST001601,NET_BANKING,VIEW_BALANCE,09-04-2026 22:11
EVT0002740,CUST002985,NET BANKING,logout,2026-06-21 02:25:15
EVT0002741,CUST002307,MOBILE_APP,view_balance,2026-06-23 01:01:47
EVT0002742,CUST004631,NET BANKING,view_balance,2026-03-12 03:18:35
EVT0002743,CUST002147,MOBILE_APP,Logout,2026-04-03 16:20:59
EVT0002744,CUST002488,NET_BANKING,INITIATE_TRANSFER,2026-03-27 14:16:41
EVT0002745,CUST001668,net_banking,INITIATE_TRANSFER,22/02/2026 04:39:39
EVT0002746,CUST000437,NET BANKING,LOGIN,28/03/2026 02:22:54
EVT0002747,CUST001813,net_banking,LOGIN,17/07/2026 18:48:42
EVT0002748,CUST005167,Net_Banking,Logout,06-03-2026 05:08
EVT0002749,CUST002879,MOBILE_APP,LOGIN ,10/05/2026 23:09:46
EVT0002750,CUST004435,NET BANKING,VIEW_BALANCE,2026-02-09 07:03:45
EVT0002751,CUST000329,net_banking,LOGIN ,2026-04-26 10:08:17
EVT0002752,CUST003842,mobile_app,VIEW_BALANCE,23-03-2026 14:47
EVT0002753,CUST001885,NET_BANKING,VIEW_BALANCE,16-04-2026 16:22
EVT0002754,CUST000721,NET BANKING,view_balance,29/01/2026 07:57:07
EVT0002755,CUST000214,MOBILE APP,View_Balance,2026-02-05 04:30:22
EVT0002756,CUST004472,MOBILE_APP,VIEW_BALANCE,2026-04-22 02:13:22
EVT0002757,CUST002059,,LOGIN,19/04/2026 09:05:08
EVT0002758,CUST000817,Net_Banking,VIEW_BALANCE,2026-03-24 12:11:31
EVT0002759,CUST003652,NET_BANKING,LOGIN ,15-05-2026 13:49
EVT0002760,CUST001121,,initiate_transfer,06/22/2026 04:00 AM
EVT0002761,CUST000146,MOBILE_APP, LOGOUT,10/06/2026 15:27:10
EVT0002762,CUST004072,MOBILE_APP,LOGIN,29-04-2026 13:34
EVT0002763,CUST004176,net_banking,logout,2026-06-05 08:51:34
EVT0002764,CUST004442,NET_BANKING,initiate_transfer,11-02-2026 08:29
EVT0002765,CUST001458,MOBILE_APP,VIEW_BALANCE,2026-01-24 04:20:13
EVT0002766,CUST003998,net_banking,VIEW_BALANCE,2026-03-05 18:37:44
EVT0002767,CUST003075,MOBILE APP,VIEW_BALANCE,09-02-2026 20:35
EVT0002768,CUST004660,NET_BANKING,LOGIN,2026-02-05 18:12:21
EVT0002769,CUST004594,Net_Banking, LOGOUT,2026-05-01 21:45:38
EVT0002770,CUST003293,Net_Banking,Initiate_Transfer,29-04-2026 21:37
EVT0002771,CUST000160,MOBILE APP,INITIATE_TRANSFER,2026-04-24 23:28:33
EVT0002772,CUST002906,NET_BANKING,INITIATE_TRANSFER,05/13/2026 12:36 AM
EVT0002773,CUST002450,net_banking,VIEW_BALANCE,14-01-2026 10:45
EVT0002774,CUST003437,Mobile_App,LOGOUT,2026-06-28 22:08:25
EVT0002775,CUST000580,net_banking,VIEW_BALANCE,2026-02-05 23:07:16
EVT0002776,CUST004841,net_banking,LOGIN,03/06/2026 21:47:54
EVT0002777,CUST003707,MOBILE_APP,LOGIN ,2026-05-17 04:03:43
EVT0002778,CUST001664,NET_BANKING, LOGOUT,2026-03-24 02:09:26
EVT0002779,CUST003255,Net_Banking,LOGIN ,2026-01-22 01:19:06
EVT0002780,CUST003923,mobile_app,VIEW_BALANCE,2026-07-05 08:04:06
EVT0002781,CUST004821,NET_BANKING,INITIATE_TRANSFER,2026-05-21 09:02:16
EVT0002782,CUST000575,MOBILE APP,View_Balance,2026-07-04 21:37:44
EVT0002783,CUST001425,Net_Banking,VIEW_BALANCE,2026-06-03 12:33:55
EVT0002784,CUST004254,MOBILE APP,VIEW_BALANCE,2026-04-19 04:22:20
EVT0002785,CUST000536,NET_BANKING,LOGIN,06-05-2026 17:41
EVT0002786,CUST003802,NET_BANKING,initiate_transfer,21-02-2026 12:15
EVT0002787,CUST001681,MOBILE_APP,logout,2026-07-28 13:54:55
EVT0002788,CUST003962,MOBILE_APP,LOGOUT,04/04/2026 01:04:17
EVT0002789,CUST003966,Mobile_App,logout,04/30/2026 10:04 AM
EVT0002790,CUST004868,MOBILE_APP,Logout,2026-03-27 06:08:09
EVT0002791,CUST004630,mobile_app,Initiate_Transfer,2026-01-30 10:04:01
EVT0002792,CUST002852,Mobile_App,Initiate_Transfer,2026-06-05 14:45:48
EVT0002793,CUST000907,mobile_app,login,2026-01-22 15:26:20
EVT0002794,CUST001272,MOBILE_APP,VIEW_BALANCE,2026-07-11 17:59:57
EVT0002795,CUST002928,Net_Banking,LOGOUT,2026-04-25 18:02:23
EVT0002796,CUST001419,MOBILE APP,LOGIN,2026-05-29 17:59:46
EVT0002797,CUST002452,NET_BANKING,Initiate_Transfer,2026-01-31 05:18:06
EVT0002798,CUST004487,net_banking,LOGIN,2026-06-05 05:02:38
EVT0002799,CUST003783,NET_BANKING,INITIATE_TRANSFER,03-03-2026 10:42
EVT0002800,CUST002417,NET_BANKING,INITIATE_TRANSFER,04/02/2026 20:36:49
EVT0002801,CUST004928,MOBILE_APP,Login,05/07/2026 16:45:19
EVT0002802,CUST005092,Net_Banking,View_Balance,2026-06-25 05:32:17
EVT0002803,CUST002502,NET_BANKING,View_Balance,01-06-2026 09:13
EVT0002804,CUST005200,MOBILE_APP,initiate_transfer,15-06-2026 16:44
EVT0002805,CUST000405,NET_BANKING,,2026-07-08 11:07:23
EVT0002806,CUST001537,mobile_app,INITIATE_TRANSFER,30-03-2026 21:23
EVT0002807,CUST002828,NET BANKING,LOGIN,2026-04-27 07:10:54
EVT0002808,CUST002817,MOBILE_APP,Logout,07-04-2026 04:14
EVT0002809,CUST003312,NET_BANKING,View_Balance,2026-07-24 08:14:55
EVT0002810,CUST003594,NET BANKING,LOGOUT,20/07/2026 16:34:49
EVT0002811,CUST003234,MOBILE_APP,Logout,07/01/2026 07:39:52
EVT0002812,CUST000328,Mobile_App,INITIATE_TRANSFER,19-02-2026 07:27
EVT0002813,CUST002651,Net_Banking, LOGOUT,26-07-2026 10:09
EVT0002814,CUST004731,mobile_app,LOGIN,08-02-2026 22:43
EVT0002815,CUST004378,NET_BANKING,View_Balance,07/30/2026 03:38 AM
EVT0002816,CUST002841,MOBILE APP,View_Balance,2026-03-24 14:45:37
EVT0002817,CUST000405,MOBILE_APP,LOGIN,2026-06-25 17:30:11
EVT0002818,CUST003552,MOBILE_APP,LOGIN,2026-02-23 21:38:17
EVT0002819,CUST005135,MOBILE APP,Initiate_Transfer,2026-04-09 23:22:04
EVT0002820,CUST001453,NET BANKING,login,2026-07-31 15:44:38
EVT0002821,CUST004185,NET_BANKING,Initiate_Transfer,2026-07-03 02:50:43
EVT0002822,CUST005177,NET BANKING,INITIATE_TRANSFER,07-03-2026 11:15
EVT0002823,CUST004866,,login,2026-02-25 19:24:49
EVT0002824,CUST004111,NET_BANKING,INITIATE_TRANSFER,31-03-2026 22:21
EVT0002825,CUST001104,Mobile_App,INITIATE_TRANSFER,2026-02-27 11:14:16
EVT0002826,CUST000749,mobile_app,INITIATE_TRANSFER,01/21/2026 05:53 AM
EVT0002827,CUST000793,MOBILE_APP,LOGIN,2026-07-12 10:54:21
EVT0002828,CUST002134,net_banking,INITIATE_TRANSFER,2026-01-17 17:23:08
EVT0002829,CUST003306,Mobile_App,VIEW_BALANCE,11-06-2026 18:34
EVT0002830,CUST000345,NET BANKING,LOGIN ,2026-01-27 00:37:06
EVT0002831,CUST000142,Mobile_App,,2026-06-24 22:56:41
EVT0002832,CUST005158,net_banking,VIEW_BALANCE,01-07-2026 04:19
EVT0002833,CUST004636,Mobile_App,Login,01-05-2026 09:15
EVT0002834,CUST005122,MOBILE_APP,initiate_transfer,2026-03-01 23:28:53
EVT0002835,CUST004757,NET_BANKING,VIEW_BALANCE,04/22/2026 03:37 AM
EVT0002836,CUST004635,Mobile_App,Initiate_Transfer,2026-02-04 23:25:19
EVT0002837,CUST003920,mobile_app,View_Balance,19-04-2026 14:07
EVT0002838,CUST001542,mobile_app,Initiate_Transfer,
EVT0002839,CUST005010,Net_Banking,INITIATE_TRANSFER,07/09/2026 03:36 PM
EVT0002840,CUST004875,Mobile_App,logout,08-01-2026 14:09
EVT0002841,CUST003234,Net_Banking,LOGIN,2026-06-08 18:59:17
EVT0002842,CUST001923,NET_BANKING,INITIATE_TRANSFER,2026-05-22 22:51:34
EVT0002843,CUST002850,mobile_app,initiate_transfer,20/07/2026 01:10:35
EVT0002844,CUST001251,Mobile_App,logout,02-06-2026 21:42
EVT0002845,CUST000699,MOBILE APP,VIEW_BALANCE,2026-03-03 13:45:50
EVT0002846,CUST003558,MOBILE_APP,LOGIN,23-03-2026 20:52
EVT0002847,CUST001016,NET BANKING, LOGOUT,2026-04-06 03:14:06
EVT0002848,CUST001099,MOBILE_APP,initiate_transfer,31/01/2026 05:16:06
EVT0002849,CUST000301,NET BANKING,VIEW_BALANCE,06-02-2026 14:06
EVT0002850,CUST003425,MOBILE_APP,initiate_transfer,2026-04-26 05:44:07
EVT0002851,CUST000651,MOBILE APP,VIEW_BALANCE,24/03/2026 05:39:22
EVT0002852,CUST000511,NET_BANKING, LOGOUT,01-05-2026 16:27
EVT0002853,CUST004783,MOBILE_APP,Logout,2026-02-27 09:51:27
EVT0002854,CUST002323,Mobile_App,VIEW_BALANCE,18/04/2026 07:13:28
EVT0002855,CUST002748,Mobile_App,INITIATE_TRANSFER,2026-03-10 13:23:45
EVT0002856,CUST002567,mobile_app,logout,15-04-2026 14:37
EVT0002857,CUST000815,MOBILE_APP,view_balance,25-01-2026 06:17
EVT0002858,CUST000674,NET_BANKING,INITIATE_TRANSFER,01-05-2026 22:12
EVT0002859,CUST000069,mobile_app,VIEW_BALANCE,12/01/2026 15:09:18
EVT0002860,CUST004444,mobile_app,Initiate_Transfer,19-03-2026 23:04
EVT0002861,CUST002592,mobile_app,INITIATE_TRANSFER,12-05-2026 09:36
EVT0002862,CUST004921,mobile_app,view_balance,2026-06-07 11:53:14
EVT0002863,CUST004889,mobile_app,Initiate_Transfer,2026-04-20 07:16:08
EVT0002864,CUST002866,MOBILE APP,LOGOUT,2026-06-09 02:37:33
EVT0002865,CUST004894,NET_BANKING,INITIATE_TRANSFER,25-04-2026 02:45
EVT0002866,CUST004475,NET_BANKING,Initiate_Transfer,20-07-2026 12:07
EVT0002867,CUST000528,Mobile_App,VIEW_BALANCE,2026-07-02 23:05:32
EVT0002868,CUST001707,MOBILE_APP,View_Balance,26-06-2026 18:42
EVT0002869,CUST003270,NET BANKING,LOGIN,09/06/2026 09:44:48
EVT0002870,CUST000780,NET_BANKING,LOGIN,10/03/2026 23:15:13
EVT0002871,CUST002217,Mobile_App,,27/06/2026 19:54:14
EVT0002872,CUST000598,MOBILE_APP,logout,25/06/2026 15:05:46
EVT0002873,CUST002892,NET_BANKING,View_Balance,28-01-2026 08:55
EVT0002874,CUST001776,MOBILE APP,Logout,15-07-2026 15:30
EVT0002875,CUST004038,NET_BANKING,Logout,10-04-2026 16:32
EVT0002876,CUST000886,MOBILE_APP, LOGOUT,2026-04-16 15:57:08
EVT0002877,CUST005177,mobile_app,VIEW_BALANCE,2026-06-15 13:47:40
EVT0002878,CUST000323,MOBILE_APP,Initiate_Transfer,16-07-2026 02:11
EVT0002879,CUST004796,Mobile_App,VIEW_BALANCE,31-01-2026 16:45
EVT0002880,CUST000024,MOBILE_APP,initiate_transfer,2026-01-18 00:46:34
EVT0002881,CUST002281,Net_Banking,INITIATE_TRANSFER,2026-02-19 11:33:08
EVT0002882,CUST003544,NET_BANKING,LOGIN,21/01/2026 18:38:30
EVT0002883,CUST003421,NET BANKING,Login,2026-04-17 15:12:36
EVT0002884,CUST001721,NET_BANKING,Login,14-05-2026 16:54
EVT0002885,CUST004167,MOBILE APP,Logout,16-07-2026 19:08
EVT0002886,CUST003184,Net_Banking,VIEW_BALANCE,19-07-2026 01:03
EVT0002887,CUST003764,Net_Banking,LOGIN ,2026-03-05 21:48:12
EVT0002888,CUST002197,Mobile_App,logout,2026-07-29 01:27:30
EVT0002889,CUST002508,MOBILE_APP,VIEW_BALANCE,2026-06-16 06:22:13
EVT0002890,CUST004607,MOBILE APP,INITIATE_TRANSFER,29-03-2026 19:24
EVT0002891,CUST003612,net_banking,INITIATE_TRANSFER,2026-07-14 03:36:18
EVT0002892,CUST002186,NET_BANKING,logout,2026-03-19 11:04:46
EVT0002893,CUST004053,NET_BANKING,Logout,2026-02-05 02:29:41
EVT0002894,CUST003597,net_banking,VIEW_BALANCE,2026-03-16 22:52:56
EVT0002895,CUST000898,,LOGIN,05-04-2026 10:24
EVT0002896,CUST001658,NET_BANKING,initiate_transfer,2026-05-15 04:54:24
EVT0002897,CUST002412,MOBILE APP,logout,09-05-2026 08:33
EVT0002898,CUST000419,mobile_app,login,19-07-2026 16:26
EVT0002899,CUST001787,MOBILE_APP,LOGIN,06-01-2026 13:19
EVT0002900,CUST001609,NET_BANKING, LOGOUT,22-06-2026 11:46
EVT0002901,CUST002270,Net_Banking,VIEW_BALANCE,2026-03-23 13:18:09
EVT0002902,CUST001849,NET_BANKING,VIEW_BALANCE,04/04/2026 14:46:15
EVT0002903,CUST003436,mobile_app,INITIATE_TRANSFER,2026-07-28 22:34:53
EVT0002904,CUST002303,NET BANKING,LOGIN,07-06-2026 14:22
EVT0002905,CUST000480,MOBILE_APP,VIEW_BALANCE,28-07-2026 05:21
EVT0002906,CUST001786,NET_BANKING,VIEW_BALANCE,12-06-2026 19:10
EVT0002907,CUST002167,MOBILE_APP,Login,2026-03-01 23:15:13
EVT0002908,CUST004244,Mobile_App,login,14-02-2026 04:12
EVT0002909,CUST001240,MOBILE_APP,INITIATE_TRANSFER,22-05-2026 23:31
EVT0002910,CUST001503,net_banking,Initiate_Transfer,03/12/2026 10:38 AM
EVT0002911,CUST001269,NET_BANKING,initiate_transfer,2026-05-06 14:19:18
EVT0002912,CUST004743,MOBILE APP,LOGOUT,2026-06-27 11:56:32
EVT0002913,CUST001474,mobile_app,LOGOUT,2026-07-30 21:39:22
EVT0002914,CUST002416,MOBILE_APP,LOGOUT,31-03-2026 06:12
EVT0002915,CUST004244,net_banking,LOGIN ,2026-03-13 05:42:36
EVT0002916,CUST002626,MOBILE APP,logout,2026-04-10 22:03:04
EVT0002917,CUST003009,net_banking,Logout,03/30/2026 04:46 PM
EVT0002918,CUST000947,NET_BANKING,INITIATE_TRANSFER,15-03-2026 11:08
EVT0002919,CUST003537,Net_Banking,View_Balance,2026-03-26 22:44:00
EVT0002920,CUST001404,net_banking,LOGIN,2026-03-20 07:09:15
EVT0002921,CUST000994,NET BANKING,INITIATE_TRANSFER,16/07/2026 01:28:23
EVT0002922,CUST004559,NET_BANKING,INITIATE_TRANSFER,01/05/2026 01:45 PM
EVT0002923,CUST003212,Net_Banking,Login,05/03/2026 19:29:50
EVT0002924,CUST000518,NET_BANKING,initiate_transfer,25-01-2026 04:21
EVT0002925,CUST004992,Mobile_App,VIEW_BALANCE,2026-03-28 06:31:34
EVT0002926,CUST001657,Mobile_App,VIEW_BALANCE,04-01-2026 23:09
EVT0002927,CUST004101,Net_Banking,VIEW_BALANCE,01-05-2026 08:29
EVT0002928,CUST001762,net_banking,View_Balance,2026-01-20 10:24:08
EVT0002929,CUST004020,mobile_app,logout,2026-01-24 02:17:43
EVT0002930,CUST000269,NET_BANKING,LOGIN,2026-04-07 08:59:21
EVT0002931,CUST000854,net_banking,LOGIN,2026-01-08 11:46:35
EVT0002932,CUST002960,NET_BANKING,Initiate_Transfer,27-01-2026 11:27
EVT0002933,CUST002110,MOBILE_APP,Logout,2026-05-20 05:08:59
EVT0002934,CUST002239,NET BANKING,View_Balance,28-03-2026 19:27
EVT0002935,CUST004259,MOBILE_APP,LOGIN,10-06-2026 20:05
EVT0002936,CUST000211,MOBILE APP,Logout,06/04/2026 03:39 PM
EVT0002937,CUST003217,net_banking,VIEW_BALANCE,2026-03-17 09:20:50
EVT0002938,CUST001219,NET BANKING,view_balance,2026-02-06 22:26:27
EVT0002939,CUST003675,Net_Banking,INITIATE_TRANSFER,2026-05-28 03:29:57
EVT0002940,CUST002257,Net_Banking,LOGIN ,2026-04-23 01:30:40
EVT0002941,CUST000009,NET_BANKING,LOGOUT,2026-01-18 09:44:59
EVT0002942,CUST001280,Mobile_App,INITIATE_TRANSFER,2026-06-06 09:30:29
EVT0002943,CUST000147,MOBILE APP,VIEW_BALANCE,2026-03-31 20:32:54
EVT0002944,CUST000350,mobile_app,view_balance,03/22/2026 06:49 PM
EVT0002945,CUST001397,NET_BANKING,LOGIN,2026-03-10 20:29:46
EVT0002946,CUST000797,NET_BANKING,Initiate_Transfer,2026-04-26 22:22:28
EVT0002947,CUST003064,NET BANKING,LOGIN,2026-04-01 19:27:23
EVT0002948,CUST001864,Mobile_App,LOGOUT,10-04-2026 07:05
EVT0002949,CUST002243,NET_BANKING,VIEW_BALANCE,2026-05-18 18:51:31
EVT0002950,CUST000295,Net_Banking,initiate_transfer,2026-04-14 00:51:56
EVT0002951,CUST003208,NET_BANKING,VIEW_BALANCE,07/04/2026 23:01:14
EVT0002952,CUST000805,NET_BANKING,Initiate_Transfer,25/05/2026 04:28:08
EVT0002953,CUST002753,MOBILE_APP,LOGIN ,04-03-2026 03:43
EVT0002954,CUST001886,MOBILE_APP,LOGOUT,
EVT0002955,CUST000350,,initiate_transfer,04-05-2026 16:42
EVT0002956,CUST004458,mobile_app,LOGIN,2026-07-01 05:46:37
EVT0002957,CUST000194,net_banking,VIEW_BALANCE,2026-06-29 02:40:46
EVT0002958,CUST004178,NET_BANKING,login,2026-05-14 08:45:32
EVT0002959,CUST001360,MOBILE APP,INITIATE_TRANSFER,26-01-2026 02:19
EVT0002960,CUST004796,Net_Banking,Logout,29-04-2026 01:22
EVT0002961,CUST001082,Net_Banking,INITIATE_TRANSFER,2026-01-17 15:13:04
EVT0002962,CUST002849,MOBILE APP,LOGIN,2026-03-04 01:14:53
EVT0002963,CUST000841,Net_Banking,INITIATE_TRANSFER,05/04/2026 02:52 PM
EVT0002964,CUST000941,MOBILE_APP,VIEW_BALANCE,09/06/2026 09:42:35
EVT0002965,CUST000128,mobile_app,Initiate_Transfer,03-04-2026 14:03
EVT0002966,CUST002233,MOBILE APP,view_balance,2026-02-06 18:11:25
EVT0002967,CUST000721,,INITIATE_TRANSFER,18/01/2026 14:29:05
EVT0002968,CUST004873,Mobile_App,initiate_transfer,2026-01-24 00:26:31
EVT0002969,CUST004401,NET_BANKING,LOGIN,2026-03-23 12:10:43
EVT0002970,CUST001005,net_banking,LOGIN,27-03-2026 13:04
EVT0002971,CUST000623,NET BANKING,INITIATE_TRANSFER,2026-07-10 01:27:00
EVT0002972,CUST002786,MOBILE_APP,INITIATE_TRANSFER,26-05-2026 07:56
EVT0002973,CUST003424,NET BANKING,LOGOUT,29-04-2026 02:22
EVT0002974,CUST000442,Mobile_App,LOGIN,20-01-2026 11:23
EVT0002975,CUST001359,NET_BANKING,LOGOUT,2026-07-01 22:52:41
EVT0002976,CUST002885,Net_Banking,View_Balance,02/11/2026 10:44 PM
EVT0002977,CUST004906,MOBILE_APP, LOGOUT,25/05/2026 07:47:00
EVT0002978,CUST005144,net_banking,INITIATE_TRANSFER,10/07/2026 10:28:27
EVT0002979,CUST002536,mobile_app,LOGIN,13-07-2026 22:28
EVT0002980,CUST001209,mobile_app,Login,2026-06-18 10:57:53
EVT0002981,CUST002236,NET BANKING,logout,06/02/2026 12:03:10
EVT0002982,CUST003161,mobile_app,LOGIN,2026-02-05 04:26:44
EVT0002983,CUST000171,MOBILE_APP,LOGIN ,2026-01-15 03:46:04
EVT0002984,CUST001320,NET_BANKING,view_balance,2026-04-22 04:43:58
EVT0002985,CUST001010,NET_BANKING,Logout,2026-05-10 14:03:31
EVT0002986,CUST004697,NET_BANKING, LOGOUT,2026-05-25 05:43:28
EVT0002987,CUST002464,NET_BANKING,View_Balance,19/01/2026 10:19:33
EVT0002988,CUST001809,mobile_app,LOGIN ,06/03/2026 04:41:26
EVT0002989,CUST002973,NET BANKING,logout,20/07/2026 02:17:33
EVT0002990,CUST001234,net_banking,view_balance,29-07-2026 12:31
EVT0002991,CUST004118,NET_BANKING,view_balance,2026-05-25 14:32:38
EVT0002992,CUST000605,Mobile_App,view_balance,19-03-2026 11:34
EVT0002993,CUST002803,mobile_app,login,15-04-2026 21:20
EVT0002994,CUST001498,mobile_app,VIEW_BALANCE,2026-04-23 23:10:27
EVT0002995,CUST000724,NET_BANKING,Logout,18-03-2026 21:29
EVT0002996,CUST002671,Net_Banking,Initiate_Transfer,2026-07-29 12:08:58
EVT0002997,CUST003713,NET_BANKING,LOGOUT,02-04-2026 02:40
EVT0002998,CUST002702,MOBILE_APP,INITIATE_TRANSFER,01/06/2026 16:37:04
EVT0002999,CUST003794,MOBILE_APP,LOGIN,07/22/2026 05:15 PM
EVT0003000,CUST001606,net_banking,LOGIN ,
EVT0003001,CUST003193,net_banking,VIEW_BALANCE,02-05-2026 09:07
EVT0003002,CUST002788,NET BANKING,View_Balance,2026-05-18 06:05:09
EVT0003003,CUST004169,NET_BANKING,LOGOUT,07/05/2026 20:55:45
EVT0003004,CUST004128,net_banking,initiate_transfer,30-03-2026 10:43
EVT0003005,CUST002893,MOBILE_APP, LOGOUT,2026-06-20 14:53:04
EVT0003006,CUST005192,MOBILE_APP,INITIATE_TRANSFER,11/02/2026 01:15:11
EVT0003007,CUST005106,MOBILE_APP,INITIATE_TRANSFER,04-01-2026 11:11
EVT0003008,CUST000688,net_banking,VIEW_BALANCE,2026-04-01 12:05:38
EVT0003009,CUST002783,Net_Banking,login,2026-07-17 08:07:43
EVT0003010,CUST003237,Mobile_App,VIEW_BALANCE,
EVT0003011,CUST002066,MOBILE_APP,LOGOUT,10-05-2026 02:18
EVT0003012,CUST004106,MOBILE APP,VIEW_BALANCE,2026-05-05 02:28:25
EVT0003013,CUST000246,net_banking,Login,2026-04-28 15:43:54
EVT0003014,CUST001741,MOBILE APP,Login,15-04-2026 18:27
EVT0003015,CUST003802,MOBILE APP,View_Balance,
EVT0003016,CUST001262,MOBILE APP,Initiate_Transfer,2026-01-27 16:34:17
EVT0003017,CUST001910,Mobile_App,Logout,23-05-2026 04:45
EVT0003018,CUST000965,MOBILE APP,view_balance,06/01/2026 17:07:50
EVT0003019,CUST002569,NET BANKING,VIEW_BALANCE,07/26/2026 06:13 PM
EVT0003020,CUST002809,MOBILE APP,Logout,2026-06-17 23:28:31
EVT0003021,CUST003030,NET_BANKING,initiate_transfer,05/29/2026 01:04 AM
EVT0003022,CUST004898,mobile_app,INITIATE_TRANSFER,2026-02-25 02:09:18
EVT0003023,CUST002693,MOBILE APP, LOGOUT,2026-06-18 15:46:32
EVT0003024,CUST002228,NET BANKING,INITIATE_TRANSFER,2026-04-03 11:08:20
EVT0003025,CUST004351,mobile_app,login,2026-02-28 08:41:16
EVT0003026,CUST000479,Mobile_App,logout,2026-07-26 10:08:53
EVT0003027,CUST004846,Mobile_App,INITIATE_TRANSFER,2026-06-27 14:03:04
EVT0003028,CUST000424,MOBILE_APP,,27/03/2026 13:38:33
EVT0003029,CUST001665,MOBILE_APP,LOGOUT,2026-02-03 12:13:05
EVT0003030,CUST001334,MOBILE_APP,logout,06-02-2026 19:31
EVT0003031,CUST002079,NET BANKING,login,2026-04-08 02:48:42
EVT0003032,CUST002304,NET BANKING,LOGOUT,2026-07-15 09:26:27
EVT0003033,CUST004515,MOBILE_APP,Initiate_Transfer,27/01/2026 06:19:47
EVT0003034,CUST005018,NET BANKING,VIEW_BALANCE,18-07-2026 07:27
EVT0003035,CUST003210,NET_BANKING, LOGOUT,2026-01-11 07:21:37
EVT0003036,CUST003987,Mobile_App,LOGIN,2026-05-29 02:51:00
EVT0003037,CUST002723,mobile_app,view_balance,16/02/2026 16:32:29
EVT0003038,CUST000156,NET_BANKING,INITIATE_TRANSFER,16/02/2026 13:51:06
EVT0003039,CUST001415,NET_BANKING,INITIATE_TRANSFER,2026-02-20 21:17:25
EVT0003040,CUST000419,Net_Banking,LOGIN,2026-04-11 21:37:49
EVT0003041,CUST000461,Mobile_App,Initiate_Transfer,23-05-2026 01:30
EVT0003042,CUST005067,NET_BANKING,INITIATE_TRANSFER,2026-04-05 22:27:24
EVT0003043,CUST000184,NET_BANKING,VIEW_BALANCE,2026-07-17 22:55:42
EVT0003044,CUST002175,Net_Banking,Initiate_Transfer,2026-06-17 06:43:06
EVT0003045,CUST002156,net_banking,VIEW_BALANCE,2026-07-09 18:35:58
EVT0003046,CUST003589,mobile_app,LOGIN,2026-02-15 05:56:55
EVT0003047,CUST004942,NET_BANKING,View_Balance,2026-02-01 15:11:01
EVT0003048,CUST000771,MOBILE_APP,initiate_transfer,19-04-2026 23:12
EVT0003049,CUST003842,MOBILE APP,initiate_transfer,26-05-2026 00:16
EVT0003050,CUST000173,mobile_app,LOGIN,2026-03-26 20:48:11
EVT0003051,CUST004774,Mobile_App, LOGOUT,10-01-2026 23:13
EVT0003052,CUST003791,mobile_app,LOGIN,2026-07-19 23:52:30
EVT0003053,CUST001833,MOBILE_APP,LOGIN ,12/02/2026 07:53:12
EVT0003054,CUST001545,net_banking,View_Balance,14/06/2026 21:57:31
EVT0003055,CUST004073,MOBILE APP,Initiate_Transfer,2026-03-13 02:36:28
EVT0003056,CUST003376,MOBILE APP,LOGIN,2026-05-04 22:23:20
EVT0003057,CUST004673,net_banking,Initiate_Transfer,19/05/2026 10:10:19
EVT0003058,CUST001670,net_banking,initiate_transfer,2026-05-08 05:33:32
EVT0003059,CUST003751,NET_BANKING,Initiate_Transfer,2026-07-18 12:12:58
EVT0003060,CUST002093,NET_BANKING,VIEW_BALANCE,2026-01-04 00:03:51
EVT0003061,CUST002155,NET_BANKING,Initiate_Transfer,07/09/2026 02:28 AM
EVT0003062,CUST004252,NET BANKING,initiate_transfer,2026-07-26 05:02:37
EVT0003063,CUST001428,mobile_app,view_balance,10-07-2026 11:36
EVT0003064,CUST002069,Net_Banking,login,2026-04-20 10:38:47
EVT0003065,CUST004894,NET_BANKING, LOGOUT,30-06-2026 22:39
EVT0003066,CUST002524,Mobile_App, LOGOUT,2026-07-22 01:57:32
EVT0003067,CUST003165,Mobile_App,LOGOUT,2026-04-23 10:10:51
EVT0003068,CUST005188,NET BANKING,LOGOUT,2026-07-20 19:12:50
EVT0003069,CUST001628,Net_Banking,VIEW_BALANCE,21-02-2026 17:06
EVT0003070,CUST004717,MOBILE_APP,LOGOUT,2026-05-22 16:12:52
EVT0003071,CUST000242,net_banking,VIEW_BALANCE,07/05/2026 11:45 PM
EVT0003072,CUST000515,mobile_app,Logout,2026-06-16 16:37:59
EVT0003073,CUST000287,net_banking,login,2026-04-24 17:47:30
EVT0003074,CUST001248,Mobile_App,INITIATE_TRANSFER,2026-04-17 20:21:58
EVT0003075,CUST004616,NET BANKING,initiate_transfer,2026-01-12 01:13:16
EVT0003076,CUST003349,,LOGIN,31-05-2026 22:54
EVT0003077,CUST005129,NET BANKING,LOGOUT,2026-06-15 05:55:47
EVT0003078,CUST003671,NET_BANKING,View_Balance,2026-02-06 09:53:48
EVT0003079,CUST000376,mobile_app,View_Balance,2026-07-03 16:06:06
EVT0003080,CUST004151,NET BANKING,login,02-05-2026 15:37
EVT0003081,CUST002196,MOBILE APP,VIEW_BALANCE,30-01-2026 14:49
EVT0003082,CUST004962,MOBILE APP,Logout,02/28/2026 02:08 AM
EVT0003083,CUST002853,Net_Banking,INITIATE_TRANSFER,17-02-2026 17:48
EVT0003084,CUST002704,NET_BANKING,logout,2026-05-18 15:14:17
EVT0003085,CUST001876,net_banking,INITIATE_TRANSFER,2026-01-28 20:21:59
EVT0003086,CUST004132,MOBILE_APP,LOGIN,2026-05-18 07:26:04
EVT0003087,CUST002232,Mobile_App,LOGOUT,2026-07-11 21:17:24
EVT0003088,CUST002366,MOBILE APP,initiate_transfer,2026-03-20 01:27:19
EVT0003089,CUST000442,net_banking,Login,28-02-2026 15:32
EVT0003090,CUST004714,MOBILE_APP,VIEW_BALANCE,2026-05-25 08:11:25
EVT0003091,CUST004389,MOBILE_APP,initiate_transfer,17/03/2026 14:56:20
EVT0003092,CUST002742,mobile_app,INITIATE_TRANSFER,2026-06-14 01:30:22
EVT0003093,CUST004381,Net_Banking,Logout,2026-06-18 13:07:38
EVT0003094,CUST002981,MOBILE_APP,LOGOUT,17-02-2026 10:50
EVT0003095,CUST003976,MOBILE_APP,VIEW_BALANCE,2026-06-22 19:58:11
EVT0003096,CUST001727,MOBILE_APP,LOGIN,2026-03-09 05:52:02
EVT0003097,CUST000777,net_banking,LOGIN,07-05-2026 20:18
EVT0003098,CUST000966,MOBILE APP,Login,07-04-2026 05:11
EVT0003099,CUST004041,NET_BANKING,initiate_transfer,2026-04-09 04:45:59
EVT0003100,CUST005122,MOBILE_APP,Initiate_Transfer,12-05-2026 09:03
EVT0003101,CUST002107,MOBILE_APP, LOGOUT,2026-01-11 15:23:32
EVT0003102,CUST002913,Mobile_App,view_balance,22-02-2026 05:19
EVT0003103,CUST003253,NET BANKING,,06/07/2026 17:45:30
EVT0003104,CUST001346,MOBILE APP,Logout,11/05/2026 08:26:59
EVT0003105,CUST001322,MOBILE APP,Logout,16-04-2026 20:46
EVT0003106,CUST000648,net_banking,View_Balance,2026-04-29 21:20:21
EVT0003107,CUST003042,net_banking, LOGOUT,06-07-2026 22:46
EVT0003108,CUST004589,NET_BANKING,View_Balance,2026-03-04 17:29:01
EVT0003109,CUST001039,MOBILE_APP,LOGOUT,20-02-2026 12:03
EVT0003110,CUST000286,net_banking,login,2026-01-15 07:51:12
EVT0003111,CUST004758,Mobile_App,VIEW_BALANCE,2026-03-15 03:27:09
EVT0003112,CUST000938,NET_BANKING,Login,2026-04-06 22:17:40
EVT0003113,CUST001665,NET_BANKING,LOGIN,2026-02-22 23:40:50
EVT0003114,CUST001989,MOBILE APP,LOGIN,2026-05-17 05:15:20
EVT0003115,CUST002610,MOBILE APP,view_balance,2026-02-26 14:07:49
EVT0003116,CUST001056,mobile_app,LOGOUT,2026-06-09 14:37:59
EVT0003117,CUST004793,Net_Banking,INITIATE_TRANSFER,24-04-2026 12:50
EVT0003118,CUST001800,MOBILE_APP,INITIATE_TRANSFER,30-06-2026 04:50
EVT0003119,CUST002447,Net_Banking,VIEW_BALANCE,10-02-2026 03:53
EVT0003120,CUST003867,mobile_app,VIEW_BALANCE,2026-03-18 03:36:42
EVT0003121,CUST000011,Mobile_App,LOGOUT,2026-01-05 03:19:53
EVT0003122,CUST001921,MOBILE_APP,VIEW_BALANCE,2026-05-10 23:34:08
EVT0003123,CUST000256,MOBILE_APP,Initiate_Transfer,2026-04-03 09:55:23
EVT0003124,CUST001823,Net_Banking,view_balance,2026-03-26 01:22:00
EVT0003125,CUST004555,NET_BANKING,LOGIN ,2026-06-03 01:35:33
EVT0003126,CUST000601,Mobile_App,INITIATE_TRANSFER,2026-02-26 10:56:49
EVT0003127,CUST001069,Mobile_App,Login,2026-03-01 07:55:10
EVT0003128,CUST003588,MOBILE_APP,Login,05/03/2026 21:09:53
EVT0003129,CUST004457,mobile_app,Login,2026-06-15 11:08:20
EVT0003130,CUST000166,MOBILE_APP,view_balance,2026-01-12 13:43:09
EVT0003131,CUST004633,NET_BANKING,LOGIN,05/04/2026 12:48:03
EVT0003132,CUST000713,Mobile_App,Logout,2026-05-18 20:31:42
EVT0003133,CUST000773,MOBILE APP,LOGIN,03-06-2026 15:14
EVT0003134,CUST002154,NET_BANKING,view_balance,2026-07-23 21:32:35
EVT0003135,CUST002262,Net_Banking,LOGIN,2026-01-27 15:18:29
EVT0003136,CUST002597,MOBILE_APP,login,2026-03-11 14:50:37
EVT0003137,CUST002690,NET BANKING,VIEW_BALANCE,21/04/2026 05:05:33
EVT0003138,CUST002295,NET_BANKING,View_Balance,13-06-2026 16:55
EVT0003139,CUST000231,MOBILE APP,Initiate_Transfer,01-01-2026 17:16
EVT0003140,CUST001264,NET_BANKING,Initiate_Transfer,30/03/2026 02:38:19
EVT0003141,CUST001964,NET_BANKING,initiate_transfer,
EVT0003142,CUST003074,NET_BANKING,View_Balance,22-04-2026 17:14
EVT0003143,CUST001493,MOBILE_APP,LOGIN,25/06/2026 20:30:50
EVT0003144,CUST001142,mobile_app, LOGOUT,20/01/2026 20:40:13
EVT0003145,CUST004939,Net_Banking,VIEW_BALANCE,06-07-2026 13:27
EVT0003146,CUST004358,Net_Banking,view_balance,2026-01-02 11:37:31
EVT0003147,CUST001908,MOBILE APP,VIEW_BALANCE,2026-02-15 17:11:18
EVT0003148,CUST001457,net_banking, LOGOUT,2026-06-30 11:10:33
EVT0003149,CUST004951,MOBILE_APP,LOGOUT,2026-02-26 01:49:57
EVT0003150,CUST003513,Mobile_App,INITIATE_TRANSFER,23-01-2026 20:34
EVT0003151,CUST002875,Net_Banking,,2026-07-13 02:05:54
EVT0003152,CUST004899,mobile_app,INITIATE_TRANSFER,09-02-2026 05:51
EVT0003153,CUST003594,mobile_app,login,2026-03-17 14:18:34
EVT0003154,CUST002169,Mobile_App,INITIATE_TRANSFER,2026-01-17 21:46:19
EVT0003155,CUST004212,MOBILE_APP,Login,20-01-2026 13:34
EVT0003156,CUST003692,Net_Banking,Login,14-05-2026 03:26
EVT0003157,CUST003900,Mobile_App,INITIATE_TRANSFER,2026-04-10 05:43:13
EVT0003158,CUST000635,MOBILE APP,View_Balance,09-05-2026 18:57
EVT0003159,CUST000387,Mobile_App,LOGIN,2026-07-14 14:28:58
EVT0003160,CUST004052,NET_BANKING,Login,10/05/2026 19:14:08
EVT0003161,CUST002967,MOBILE APP,Login,27/05/2026 14:23:56
EVT0003162,CUST004803,net_banking,Initiate_Transfer,2026-06-27 10:57:23
EVT0003163,CUST002676,net_banking,initiate_transfer,25/07/2026 10:54:39
EVT0003164,CUST002718,mobile_app,VIEW_BALANCE,03-07-2026 13:53
EVT0003165,CUST003862,MOBILE_APP,VIEW_BALANCE,2026-05-05 08:39:20
EVT0003166,CUST000471,NET_BANKING,login,2026-06-24 07:12:14
EVT0003167,CUST004129,NET BANKING,Initiate_Transfer,04-03-2026 06:53
EVT0003168,CUST000713,mobile_app,View_Balance,2026-04-02 19:02:14
EVT0003169,CUST001977,NET_BANKING,LOGIN,13-07-2026 01:18
EVT0003170,CUST003610,NET_BANKING,VIEW_BALANCE,2026-07-27 17:29:12
EVT0003171,CUST003500,MOBILE_APP,LOGIN,2026-07-31 20:51:09
EVT0003172,CUST002294,MOBILE_APP,Initiate_Transfer,09-04-2026 04:52
EVT0003173,CUST002860,net_banking,LOGIN,2026-01-20 20:38:20
EVT0003174,CUST001052,MOBILE_APP,LOGIN,2026-04-20 15:04:48
EVT0003175,CUST000953,MOBILE_APP,initiate_transfer,30/03/2026 23:25:13
EVT0003176,CUST002542,NET_BANKING, LOGOUT,2026-05-03 04:11:45
EVT0003177,CUST003007,MOBILE_APP,logout,2026-05-17 10:53:25
EVT0003178,CUST004223,net_banking,LOGOUT,2026-01-16 09:49:01
EVT0003179,CUST003831,NET BANKING,LOGIN,06-03-2026 16:31
EVT0003180,CUST004307,Mobile_App,logout,2026-02-10 20:23:33
EVT0003181,CUST003839,net_banking, LOGOUT,2026-04-17 09:15:31
EVT0003182,CUST001714,NET_BANKING,LOGIN ,05/06/2026 12:52:34
EVT0003183,CUST004568,mobile_app,login,29-06-2026 16:47
EVT0003184,CUST001273,net_banking,initiate_transfer,2026-01-10 15:43:07
EVT0003185,CUST005162,net_banking,initiate_transfer,2026-05-30 15:19:25
EVT0003186,CUST004205,NET_BANKING,LOGIN,01/04/2026 07:20:33
EVT0003187,CUST003506,NET_BANKING,INITIATE_TRANSFER,01/04/2026 22:17:07
EVT0003188,CUST002763,MOBILE_APP, LOGOUT,2026-02-01 09:33:02
EVT0003189,CUST001350,Net_Banking, LOGOUT,2026-04-06 16:23:08
EVT0003190,CUST000924,NET_BANKING,LOGOUT,07-02-2026 17:20
EVT0003191,CUST001670,MOBILE APP,initiate_transfer,2026-06-17 13:45:48
EVT0003192,CUST000143,NET BANKING,Logout,01/16/2026 08:25 AM
EVT0003193,CUST001327,MOBILE APP,Login,2026-06-11 23:34:26
EVT0003194,CUST001484,NET BANKING,LOGIN ,2026-07-05 00:29:33
EVT0003195,CUST001779,mobile_app,Login,2026-06-23 20:41:46
EVT0003196,CUST002995,Net_Banking,Logout,03/26/2026 09:15 AM
EVT0003197,CUST003211,MOBILE_APP,Login,07/03/2026 05:06:40
EVT0003198,CUST002128,Mobile_App,LOGOUT,2026-06-23 18:34:58
EVT0003199,CUST004516,Mobile_App,INITIATE_TRANSFER,2026-05-28 09:07:26
EVT0003200,CUST001410,NET_BANKING,LOGIN,15-07-2026 05:53
EVT0003201,CUST002525,mobile_app,LOGOUT,25/02/2026 16:26:28
EVT0003202,CUST000352,net_banking,login,14/06/2026 20:59:23
EVT0003203,CUST003393,NET_BANKING,LOGOUT,30-05-2026 13:31
EVT0003204,CUST003620,Net_Banking,LOGOUT,2026-04-09 00:36:20
EVT0003205,CUST005157,MOBILE_APP,logout,2026-01-08 17:04:57
EVT0003206,CUST001988,MOBILE_APP,LOGIN,05/11/2026 01:47 PM
EVT0003207,CUST004582,MOBILE APP,VIEW_BALANCE,2026-05-15 03:36:26
EVT0003208,CUST003263,mobile_app,Initiate_Transfer,2026-07-09 20:39:27
EVT0003209,CUST004436,Net_Banking, LOGOUT,04-01-2026 12:57
EVT0003210,CUST004254,NET_BANKING,INITIATE_TRANSFER,12-07-2026 22:53
EVT0003211,CUST003332,MOBILE_APP,LOGIN,21-02-2026 17:22
EVT0003212,CUST001524,NET_BANKING,Logout,16-02-2026 01:06
EVT0003213,CUST000345,mobile_app,VIEW_BALANCE,29-05-2026 16:01
EVT0003214,CUST003938,net_banking,VIEW_BALANCE,2026-01-29 02:32:35
EVT0003215,CUST002072,MOBILE_APP,view_balance,13-07-2026 17:51
EVT0003216,CUST000703,net_banking,Login,2026-07-21 07:19:25
EVT0003217,CUST002108,Mobile_App,Logout,25/04/2026 17:54:19
EVT0003218,CUST003495,Net_Banking,INITIATE_TRANSFER,2026-05-28 17:32:45
EVT0003219,CUST002384,NET_BANKING,Initiate_Transfer,2026-04-13 17:10:29
EVT0003220,CUST000152,MOBILE_APP,LOGIN ,2026-03-16 10:40:21
EVT0003221,CUST003485,NET_BANKING,,25-04-2026 19:21
EVT0003222,CUST000782,NET_BANKING,Initiate_Transfer,16-06-2026 18:11
EVT0003223,CUST005164,net_banking,Initiate_Transfer,2026-06-27 21:22:39
EVT0003224,CUST001861,MOBILE_APP,LOGOUT,2026-05-10 02:56:16
EVT0003225,CUST004301,mobile_app,LOGOUT,25-02-2026 15:33
EVT0003226,CUST000615,NET BANKING,LOGIN,21-01-2026 12:10
EVT0003227,CUST004968,NET_BANKING,VIEW_BALANCE,05-05-2026 17:06
EVT0003228,CUST001525,NET BANKING,initiate_transfer,18-07-2026 23:45
EVT0003229,CUST003318,mobile_app,LOGOUT,21/06/2026 21:09:14
EVT0003230,CUST004522,NET_BANKING,VIEW_BALANCE,07-01-2026 18:55
EVT0003231,CUST003803,MOBILE_APP,View_Balance,04/05/2026 15:25:26
EVT0003232,CUST002108,Mobile_App,initiate_transfer,10-03-2026 03:25
EVT0003233,CUST003816,MOBILE_APP,LOGIN ,2026-04-06 09:04:59
EVT0003234,CUST003916,Net_Banking, LOGOUT,2026-06-04 14:51:01
EVT0003235,CUST003809,NET_BANKING,INITIATE_TRANSFER,14-01-2026 16:24
EVT0003236,CUST003835,Mobile_App,VIEW_BALANCE,24-03-2026 03:12
EVT0003237,CUST002333,NET_BANKING,Initiate_Transfer,29-04-2026 21:34
EVT0003238,CUST004710,net_banking,initiate_transfer,01/05/2026 08:36 PM
EVT0003239,CUST001570,NET_BANKING,Logout,2026-04-17 02:56:49
EVT0003240,CUST000324,MOBILE_APP,LOGIN ,12-05-2026 09:33
EVT0003241,CUST000531,NET BANKING,LOGOUT,2026-07-13 00:29:49
EVT0003242,CUST003792,MOBILE APP,LOGOUT,26-05-2026 12:36
EVT0003243,CUST001840,MOBILE_APP,LOGIN ,21-07-2026 19:29
EVT0003244,CUST001324,NET_BANKING, LOGOUT,2026-01-14 06:08:23
EVT0003245,CUST000245,Net_Banking,LOGOUT,2026-04-21 04:56:53
EVT0003246,CUST004870,MOBILE_APP,Logout,31/03/2026 03:58:12
EVT0003247,CUST003734,Net_Banking,view_balance,2026-02-26 01:48:02
EVT0003248,CUST003670,MOBILE_APP,view_balance,2026-02-09 20:40:17
EVT0003249,CUST003687,Net_Banking,LOGOUT,21-02-2026 14:18
EVT0003250,CUST002571,mobile_app,LOGOUT,2026-06-27 08:15:34
EVT0003251,CUST001450,MOBILE_APP,LOGIN,07/08/2026 01:52 AM
EVT0003252,CUST005100,MOBILE APP,Logout,11-06-2026 06:19
EVT0003253,CUST003293,NET_BANKING,initiate_transfer,24/06/2026 09:08:19
EVT0003254,CUST002423,Net_Banking,VIEW_BALANCE,2026-01-21 19:37:44
EVT0003255,CUST002709,MOBILE APP,LOGOUT,2026-06-15 12:29:07
EVT0003256,CUST001281,MOBILE_APP,VIEW_BALANCE,2026-02-22 16:16:48
EVT0003257,CUST000469,MOBILE_APP,LOGOUT,2026-04-18 02:27:05
EVT0003258,CUST000324,net_banking,View_Balance,2026-06-02 02:56:34
EVT0003259,CUST004849,NET BANKING, LOGOUT,
EVT0003260,CUST000360,NET_BANKING,logout,2026-05-28 23:58:52
EVT0003261,CUST003271,MOBILE_APP,VIEW_BALANCE,01/05/2026 04:11:45
EVT0003262,CUST000242,NET_BANKING,Initiate_Transfer,2026-04-14 16:53:40
EVT0003263,CUST001880,MOBILE APP,Logout,2026-04-14 23:10:10
EVT0003264,CUST002657,mobile_app,initiate_transfer,2026-05-09 17:40:57
EVT0003265,CUST003360,MOBILE APP,Initiate_Transfer,2026-06-18 13:37:26
EVT0003266,CUST000495,NET_BANKING, LOGOUT,2026-02-05 06:35:43
EVT0003267,CUST002358,NET_BANKING,logout,2026-05-16 19:20:59
EVT0003268,CUST001486,net_banking,Logout,2026-07-01 23:42:34
EVT0003269,CUST001069,net_banking,INITIATE_TRANSFER,2026-07-05 19:40:23
EVT0003270,CUST000858,NET BANKING,logout,2026-04-27 05:07:10
EVT0003271,CUST001660,MOBILE_APP,View_Balance,09-07-2026 01:45
EVT0003272,CUST000769,MOBILE APP,VIEW_BALANCE,2026-06-05 20:44:48
EVT0003273,CUST000244,NET BANKING,VIEW_BALANCE,2026-01-31 15:47:11
EVT0003274,CUST001404,Net_Banking,LOGIN,21-06-2026 01:23
EVT0003275,CUST002274,MOBILE APP,LOGOUT,2026-06-05 03:07:49
EVT0003276,CUST004983,MOBILE_APP,INITIATE_TRANSFER,26/06/2026 02:14:51
EVT0003277,CUST002708,MOBILE_APP,view_balance,24-07-2026 20:27
EVT0003278,CUST003896,NET BANKING,LOGIN,2026-07-29 06:44:37
EVT0003279,CUST004538,NET_BANKING,VIEW_BALANCE,2026-04-28 12:31:07
EVT0003280,CUST003565,Mobile_App,LOGIN,2026-07-10 02:05:40
EVT0003281,CUST004386,NET_BANKING,LOGOUT,2026-02-20 12:16:26
EVT0003282,CUST002453,MOBILE_APP,Logout,05/10/2026 10:22 PM
EVT0003283,CUST000201,net_banking,LOGIN,2026-04-16 03:32:20
EVT0003284,CUST002643,NET_BANKING,LOGOUT,2026-07-09 19:40:44
EVT0003285,CUST004164,MOBILE APP,View_Balance,07/20/2026 03:14 AM
EVT0003286,CUST001537,NET_BANKING,VIEW_BALANCE,2026-06-26 01:27:56
EVT0003287,CUST004065,MOBILE_APP,INITIATE_TRANSFER,2026-07-05 06:26:06
EVT0003288,CUST004737,NET_BANKING,view_balance,07/18/2026 08:00 AM
EVT0003289,CUST002145,mobile_app,logout,2026-07-25 04:01:13
EVT0003290,CUST003361,MOBILE_APP,LOGIN,2026-04-16 04:15:46
EVT0003291,CUST000339,mobile_app,login,13-04-2026 04:01
EVT0003292,CUST001701,NET_BANKING,login,12-01-2026 18:35
EVT0003293,CUST002908,Net_Banking,logout,20-01-2026 21:56
EVT0003294,CUST000976,MOBILE_APP,LOGIN,
EVT0003295,CUST002041,MOBILE APP,view_balance,08-03-2026 14:30
EVT0003296,CUST004680,MOBILE_APP,logout,2026-05-14 14:38:24
EVT0003297,CUST003869,Mobile_App,LOGOUT,2026-06-04 17:39:40
EVT0003298,CUST001958,MOBILE APP,INITIATE_TRANSFER,10/04/2026 02:47:57
EVT0003299,CUST002573,MOBILE APP,VIEW_BALANCE,14-01-2026 21:27
EVT0003300,CUST004555,Net_Banking,View_Balance,08-04-2026 19:17
EVT0003301,CUST002216,NET BANKING,LOGIN ,2026-07-18 07:13:17
EVT0003302,CUST004578,MOBILE APP,LOGIN,2026-02-07 13:17:36
EVT0003303,CUST004367,Mobile_App,View_Balance,27/07/2026 09:09:48
EVT0003304,CUST004295,MOBILE_APP,LOGOUT,20-05-2026 21:01
EVT0003305,CUST004009,mobile_app,view_balance,16-01-2026 14:46
EVT0003306,CUST004832,NET_BANKING,VIEW_BALANCE,2026-03-19 00:41:22
EVT0003307,CUST002433,NET_BANKING,LOGIN,06-03-2026 08:36
EVT0003308,CUST003582,MOBILE_APP,INITIATE_TRANSFER,2026-04-07 13:48:50
EVT0003309,CUST000854,MOBILE_APP,LOGIN,04/10/2026 07:44 PM
EVT0003310,CUST003239,MOBILE_APP,initiate_transfer,2026-03-06 05:15:27
EVT0003311,CUST001203,mobile_app,Initiate_Transfer,2026-04-15 21:53:32
EVT0003312,CUST003943,MOBILE_APP,LOGIN ,30-07-2026 21:30
EVT0003313,CUST005185,net_banking,initiate_transfer,06-06-2026 18:21
EVT0003314,CUST001561,NET BANKING,LOGIN,30/01/2026 13:19:17
EVT0003315,CUST000656,net_banking,VIEW_BALANCE,30/03/2026 03:00:56
EVT0003316,CUST004986,mobile_app,logout,2026-06-10 22:36:47
EVT0003317,CUST002010,MOBILE_APP,INITIATE_TRANSFER,2026-07-08 15:37:11
EVT0003318,CUST002793,net_banking,INITIATE_TRANSFER,18-06-2026 04:06
EVT0003319,CUST003643,Mobile_App,LOGIN,2026-05-28 04:43:57
EVT0003320,CUST001056,Net_Banking,Logout,07-06-2026 14:00
EVT0003321,CUST002490,Net_Banking,initiate_transfer,2026-01-02 00:29:23
EVT0003322,CUST002539,NET_BANKING,LOGIN,28/03/2026 01:47:22
EVT0003323,CUST001546,MOBILE_APP,LOGOUT,2026-02-26 22:53:34
EVT0003324,CUST002560,MOBILE_APP,INITIATE_TRANSFER,2026-06-24 18:11:29
EVT0003325,CUST003789,MOBILE_APP,VIEW_BALANCE,13-03-2026 08:26
EVT0003326,CUST002508,mobile_app,login,2026-06-13 08:05:40
EVT0003327,CUST000690,Net_Banking,INITIATE_TRANSFER,19-06-2026 19:39
EVT0003328,CUST002513,Mobile_App,LOGIN ,2026-07-13 16:31:22
EVT0003329,CUST003964,NET_BANKING,LOGOUT,2026-02-27 18:44:48
EVT0003330,CUST001683,NET_BANKING,VIEW_BALANCE,05-05-2026 16:15
EVT0003331,CUST002416,MOBILE_APP,LOGOUT,2026-03-19 19:49:32
EVT0003332,CUST001276,NET BANKING,view_balance,2026-07-19 08:48:43
EVT0003333,CUST002996,MOBILE_APP,view_balance,01/16/2026 11:27 PM
EVT0003334,CUST001825,mobile_app,view_balance,25/07/2026 21:30:59
EVT0003335,CUST004508,mobile_app,View_Balance,2026-04-24 17:49:41
EVT0003336,CUST003052,Mobile_App,Initiate_Transfer,2026-07-05 12:23:13
EVT0003337,CUST004529,MOBILE APP,View_Balance,20-01-2026 11:20
EVT0003338,CUST004955,Net_Banking,LOGOUT,2026-05-05 06:57:58
EVT0003339,CUST003448,Mobile_App,view_balance,07-02-2026 05:21
EVT0003340,CUST003491,Mobile_App, LOGOUT,31/05/2026 02:34:35
EVT0003341,CUST002595,mobile_app,view_balance,2026-02-21 07:15:13
EVT0003342,CUST004978,,initiate_transfer,06/05/2026 05:06 AM
EVT0003343,CUST002590,mobile_app,LOGOUT,19-01-2026 04:43
EVT0003344,CUST001766,mobile_app,Login,10/06/2026 07:04:59
EVT0003345,CUST001479,Mobile_App,INITIATE_TRANSFER,2026-06-02 04:42:06
EVT0003346,CUST003519,mobile_app,Login,15-02-2026 02:05
EVT0003347,CUST000071,NET_BANKING,VIEW_BALANCE,2026-07-24 16:21:19
EVT0003348,CUST004463,NET BANKING,Login,2026-01-24 11:16:05
EVT0003349,CUST002784,mobile_app,Logout,23-01-2026 08:51
EVT0003350,CUST001241,NET BANKING,INITIATE_TRANSFER,2026-05-25 10:33:06
EVT0003351,CUST001822,Mobile_App,Login,2026-03-15 03:10:54
EVT0003352,CUST004343,net_banking,LOGOUT,2026-02-24 20:25:29
EVT0003353,CUST005061,NET_BANKING,View_Balance,2026-05-29 13:37:12
EVT0003354,CUST005010,NET_BANKING,INITIATE_TRANSFER,2026-04-26 17:27:53
EVT0003355,CUST002503,Mobile_App,logout,03-07-2026 12:46
EVT0003356,CUST002982,mobile_app,LOGIN,2026-06-16 06:14:14
EVT0003357,CUST003606,mobile_app,View_Balance,18/04/2026 14:16:02
EVT0003358,CUST000552,mobile_app,Logout,22/03/2026 17:10:30
EVT0003359,CUST002071,mobile_app,LOGIN,07-04-2026 22:48
EVT0003360,CUST000358,MOBILE_APP,VIEW_BALANCE,05/01/2026 20:00:39
EVT0003361,CUST001297,MOBILE APP,VIEW_BALANCE,2026-05-08 21:24:11
EVT0003362,CUST001887,NET_BANKING,INITIATE_TRANSFER,22-02-2026 17:48
EVT0003363,CUST004414,Net_Banking,view_balance,2026-01-02 07:45:07
EVT0003364,CUST003145,Net_Banking,LOGIN ,05/09/2026 10:08 PM
EVT0003365,CUST002537,Mobile_App,LOGOUT,20-05-2026 13:20
EVT0003366,CUST004756,NET_BANKING,INITIATE_TRANSFER,2026-04-17 08:33:27
EVT0003367,CUST002860,net_banking,LOGOUT,2026-03-29 10:33:41
EVT0003368,CUST000048,MOBILE APP,logout,26-07-2026 22:58
EVT0003369,CUST001172,net_banking,VIEW_BALANCE,02/26/2026 03:14 AM
EVT0003370,CUST002810,Net_Banking,LOGIN,19-05-2026 18:33
EVT0003371,CUST002209,MOBILE APP,LOGIN,07-02-2026 05:16
EVT0003372,CUST000272,Mobile_App,INITIATE_TRANSFER,20/05/2026 08:17:49
EVT0003373,CUST002569,MOBILE_APP,Logout,03/25/2026 05:50 PM
EVT0003374,CUST004501,net_banking,Logout,09-06-2026 12:23
EVT0003375,CUST000789,MOBILE APP,INITIATE_TRANSFER,2026-03-19 06:55:30
EVT0003376,CUST002477,MOBILE_APP,LOGIN,27-06-2026 07:35
EVT0003377,CUST004119,NET_BANKING,logout,05/29/2026 01:00 AM
EVT0003378,CUST003732,MOBILE APP,initiate_transfer,25-07-2026 15:52
EVT0003379,CUST001958,NET BANKING,View_Balance,2026-02-01 18:10:32
EVT0003380,CUST001213,NET_BANKING,logout,2026-05-08 15:07:41
EVT0003381,CUST001771,MOBILE APP,VIEW_BALANCE,2026-05-28 07:42:58
EVT0003382,CUST001067,MOBILE APP,Initiate_Transfer,2026-03-16 01:33:46
EVT0003383,CUST002842,net_banking,Login,2026-03-21 12:43:19
EVT0003384,CUST004598,NET_BANKING,VIEW_BALANCE,22-05-2026 21:54
EVT0003385,CUST002744,Net_Banking,Login,02/14/2026 12:10 AM
EVT0003386,CUST000383,NET BANKING, LOGOUT,2026-05-14 06:08:25
EVT0003387,CUST003436,net_banking,,2026-02-18 08:25:21
EVT0003388,CUST000671,net_banking,view_balance,26/02/2026 08:51:58
EVT0003389,CUST001733,net_banking,VIEW_BALANCE,2026-02-09 21:51:14
EVT0003390,CUST000234,NET_BANKING,login,2026-06-22 08:15:34
EVT0003391,CUST003273,MOBILE_APP,view_balance,21-06-2026 06:12
EVT0003392,CUST004161,NET_BANKING,LOGOUT,2026-07-19 15:16:33
EVT0003393,CUST004502,MOBILE APP, LOGOUT,13/02/2026 09:40:56
EVT0003394,CUST004026,NET BANKING,VIEW_BALANCE,2026-02-13 20:55:21
EVT0003395,CUST004438,NET_BANKING, LOGOUT,11-07-2026 18:25
EVT0003396,CUST000184,MOBILE APP,VIEW_BALANCE,09-03-2026 04:24
EVT0003397,CUST002616,NET_BANKING,login,2026-02-24 13:13:02
EVT0003398,CUST003641,Mobile_App,initiate_transfer,2026-03-13 19:15:52
EVT0003399,CUST002062,MOBILE_APP,Initiate_Transfer,2026-01-15 02:21:45
EVT0003400,CUST003549,MOBILE_APP,VIEW_BALANCE,2026-06-10 09:27:50
EVT0003401,CUST004081,MOBILE_APP,VIEW_BALANCE,17-05-2026 13:15
EVT0003402,CUST003201,NET_BANKING,INITIATE_TRANSFER,20/01/2026 18:50:18
EVT0003403,CUST003459,net_banking,Logout,05-07-2026 23:25
EVT0003404,CUST000594,Mobile_App,VIEW_BALANCE,18-05-2026 18:43
EVT0003405,CUST003599,mobile_app,View_Balance,11-01-2026 20:01
EVT0003406,CUST000931,MOBILE APP,INITIATE_TRANSFER,13/06/2026 14:30:41
EVT0003407,CUST000059,mobile_app,INITIATE_TRANSFER,2026-07-24 05:23:11
EVT0003408,CUST002478,NET_BANKING,INITIATE_TRANSFER,2026-01-22 04:19:59
EVT0003409,CUST001195,Net_Banking,VIEW_BALANCE,2026-06-14 11:55:40
EVT0003410,CUST002056,MOBILE_APP,Initiate_Transfer,2026-05-05 23:42:24
EVT0003411,CUST004642,MOBILE_APP,INITIATE_TRANSFER,2026-06-02 00:20:33
EVT0003412,CUST000328,NET_BANKING,LOGOUT,2026-03-27 02:12:29
EVT0003413,CUST002651,MOBILE_APP,Login,04-01-2026 13:24
EVT0003414,CUST000655,MOBILE_APP,,2026-02-13 20:16:58
EVT0003415,CUST001046,MOBILE APP,initiate_transfer,2026-01-04 09:07:08
EVT0003416,CUST000320,NET_BANKING,initiate_transfer,2026-02-21 08:17:06
EVT0003417,CUST003081,Mobile_App,LOGIN,2026-05-28 09:15:08
EVT0003418,CUST004366,MOBILE_APP,LOGOUT,24/05/2026 08:17:44
EVT0003419,CUST003052,NET_BANKING,VIEW_BALANCE,2026-05-08 17:16:50
EVT0003420,CUST000874,Net_Banking,Initiate_Transfer,15/07/2026 01:53:32
EVT0003421,CUST003974,Net_Banking,view_balance,2026-04-22 20:19:36
EVT0003422,CUST004767,mobile_app, LOGOUT,07/06/2026 15:42:30
EVT0003423,CUST002756,MOBILE_APP,LOGIN,28-07-2026 08:48
EVT0003424,CUST001760,Net_Banking,LOGIN,2026-06-17 22:08:40
EVT0003425,CUST000706,net_banking,login,2026-06-06 19:51:19
EVT0003426,CUST000898,MOBILE_APP,View_Balance,2026-03-10 14:26:19
EVT0003427,CUST000111,Net_Banking,VIEW_BALANCE,2026-05-26 06:51:49
EVT0003428,CUST000566,MOBILE_APP,VIEW_BALANCE,01-07-2026 09:33
EVT0003429,CUST002951,MOBILE APP,VIEW_BALANCE,2026-02-24 13:07:52
EVT0003430,CUST001853,NET_BANKING,Logout,01-03-2026 09:09
EVT0003431,CUST003883,MOBILE_APP,LOGOUT,2026-04-16 12:23:13
EVT0003432,CUST001575,MOBILE APP,LOGIN,2026-02-28 12:07:02
EVT0003433,CUST000176,mobile_app,LOGIN,18-03-2026 07:12
EVT0003434,CUST003886,NET_BANKING,VIEW_BALANCE,2026-02-03 22:27:19
EVT0003435,CUST001545,MOBILE APP,LOGIN,03/01/2026 03:28:20
EVT0003436,CUST003785,net_banking,initiate_transfer,04/23/2026 03:35 AM
EVT0003437,CUST002428,NET_BANKING,login,25/02/2026 17:43:32
EVT0003438,CUST000056,MOBILE APP,initiate_transfer,06-06-2026 22:40
EVT0003439,CUST003181,NET BANKING,VIEW_BALANCE,2026-07-17 06:54:30
EVT0003440,CUST004156,NET BANKING,LOGIN,2026-05-14 09:07:34
EVT0003441,CUST003496,MOBILE_APP,login,22-04-2026 16:32
EVT0003442,CUST004510,Net_Banking,INITIATE_TRANSFER,19/03/2026 20:35:43
EVT0003443,CUST002469,MOBILE APP,VIEW_BALANCE,2026-06-21 00:55:55
EVT0003444,CUST003025,Mobile_App,Logout,2026-04-26 10:23:33
EVT0003445,CUST000123,Net_Banking,LOGIN,04/30/2026 07:41 PM
EVT0003446,CUST001737,NET BANKING,LOGOUT,2026-06-10 02:27:52
EVT0003447,CUST005124,Mobile_App,view_balance,2026-02-13 10:57:20
EVT0003448,CUST003664,,VIEW_BALANCE,25-06-2026 18:38
EVT0003449,CUST004997,mobile_app,LOGOUT,2026-07-23 20:08:49
EVT0003450,CUST004711,NET_BANKING,login,26-05-2026 00:45
EVT0003451,CUST004042,Net_Banking,INITIATE_TRANSFER,05/27/2026 07:49 AM
EVT0003452,CUST000714,NET_BANKING,initiate_transfer,2026-06-16 04:14:16
EVT0003453,CUST002957,NET BANKING,Login,16-06-2026 16:14
EVT0003454,CUST003665,MOBILE_APP,Login,29/05/2026 08:57:20
EVT0003455,CUST002236,MOBILE_APP,Initiate_Transfer,2026-01-14 18:51:45
EVT0003456,CUST000697,NET_BANKING,LOGIN,12/01/2026 01:12:27
EVT0003457,CUST000192,MOBILE_APP,view_balance,16-05-2026 15:07
EVT0003458,CUST000263,MOBILE APP,initiate_transfer,2026-01-22 02:27:50
EVT0003459,CUST004768,NET_BANKING,INITIATE_TRANSFER,2026-01-27 08:07:08
EVT0003460,CUST003802,MOBILE_APP,LOGIN,21/03/2026 06:57:05
EVT0003461,CUST001860,MOBILE_APP,initiate_transfer,2026-02-16 03:26:08
EVT0003462,CUST001989,MOBILE_APP, LOGOUT,02/09/2026 05:25 AM
EVT0003463,CUST000580,NET_BANKING,VIEW_BALANCE,2026-05-30 12:40:40
EVT0003464,CUST003698,NET_BANKING,LOGOUT,2026-05-20 03:17:32
EVT0003465,CUST005132,NET_BANKING,View_Balance,2026-01-27 13:38:19
EVT0003466,CUST001597,NET BANKING,logout,04/08/2026 03:15 PM
EVT0003467,CUST002926,NET_BANKING,LOGOUT,16/02/2026 21:04:05
EVT0003468,CUST005088,NET_BANKING,login,26-03-2026 15:59
EVT0003469,CUST001915,NET_BANKING,initiate_transfer,2026-03-24 01:24:59
EVT0003470,CUST003116,mobile_app,,2026-07-24 04:21:24
EVT0003471,CUST002442,Mobile_App,View_Balance,06/15/2026 10:32 AM
EVT0003472,CUST003946,NET_BANKING, LOGOUT,2026-05-11 12:22:52
EVT0003473,CUST003194,NET_BANKING,LOGOUT,2026-05-26 19:00:02
EVT0003474,CUST003295,Net_Banking,LOGOUT,2026-03-28 06:34:41
EVT0003475,CUST005145,MOBILE_APP,LOGIN,2026-01-26 04:32:35
EVT0003476,CUST004331,NET BANKING,Login,2026-03-18 03:17:09
EVT0003477,CUST001925,NET_BANKING,,06/13/2026 01:15 AM
EVT0003478,CUST000628,mobile_app,LOGOUT,02-04-2026 07:01
EVT0003479,CUST001525,NET BANKING,LOGIN,2026-05-17 01:39:50
EVT0003480,CUST003048,mobile_app,,2026-05-18 04:59:53
EVT0003481,CUST000262,MOBILE APP,Logout,2026-04-26 05:39:14
EVT0003482,CUST000308,MOBILE_APP,LOGIN,27-06-2026 04:35
EVT0003483,CUST004000,MOBILE_APP,Initiate_Transfer,2026-07-12 11:10:31
EVT0003484,CUST003802,net_banking,login,
EVT0003485,CUST002227,Net_Banking,INITIATE_TRANSFER,2026-06-13 17:59:46
EVT0003486,CUST000401,NET_BANKING,LOGIN ,02-05-2026 04:21
EVT0003487,CUST001162,MOBILE_APP,view_balance,2026-06-18 00:56:11
EVT0003488,CUST002478,MOBILE APP,initiate_transfer,2026-02-25 07:33:15
EVT0003489,CUST004125,Mobile_App,Login,06/09/2026 06:00 PM
EVT0003490,CUST001922,NET_BANKING,view_balance,12/07/2026 16:38:47
EVT0003491,CUST003465,NET BANKING,INITIATE_TRANSFER,12/07/2026 04:24:21
EVT0003492,CUST002338,MOBILE_APP,Logout,29-03-2026 02:18
EVT0003493,CUST004205,MOBILE_APP,LOGOUT,2026-03-08 19:08:00
EVT0003494,CUST000760,Mobile_App,LOGOUT,31-01-2026 15:09
EVT0003495,CUST004524,MOBILE_APP,VIEW_BALANCE,2026-07-19 22:14:20
EVT0003496,CUST005161,Mobile_App,View_Balance,2026-07-28 19:27:40
EVT0003497,CUST004791,NET BANKING,Initiate_Transfer,2026-06-26 21:56:42
EVT0003498,CUST004817,Net_Banking,VIEW_BALANCE,22-03-2026 17:48
EVT0003499,CUST005132,Mobile_App,Login,05-06-2026 03:05
EVT0003500,CUST001169,MOBILE APP,VIEW_BALANCE,02/28/2026 05:26 AM
EVT0003501,CUST002479,NET_BANKING,INITIATE_TRANSFER,2026-04-20 13:45:42
EVT0003502,CUST003197,MOBILE_APP,LOGIN ,31/01/2026 23:43:41
EVT0003503,CUST000327,NET_BANKING,LOGIN ,02/06/2026 15:20:32
EVT0003504,CUST002886,NET_BANKING,VIEW_BALANCE,25-04-2026 13:33
EVT0003505,CUST001619,NET_BANKING,initiate_transfer,2026-06-28 19:24:13
EVT0003506,CUST005105,NET_BANKING,login,09-02-2026 13:53
EVT0003507,CUST001802,NET BANKING,VIEW_BALANCE,23-07-2026 09:47
EVT0003508,CUST000002,Net_Banking,LOGIN,2026-04-16 20:36:30
EVT0003509,CUST002368,,INITIATE_TRANSFER,2026-03-16 13:41:54
EVT0003510,CUST001467,Net_Banking,View_Balance,2026-06-28 10:52:40
EVT0003511,CUST000932,MOBILE APP,LOGIN,23-02-2026 13:26
EVT0003512,CUST001367,net_banking,initiate_transfer,2026-07-12 06:02:21
EVT0003513,CUST003220,,login,14/02/2026 19:46:44
EVT0003514,CUST002486,NET_BANKING,LOGOUT,
EVT0003515,CUST000063,NET_BANKING,VIEW_BALANCE,03-06-2026 11:36
EVT0003516,CUST001092,NET_BANKING,Initiate_Transfer,16/07/2026 10:18:22
EVT0003517,CUST003876,MOBILE_APP,Initiate_Transfer,2026-07-14 00:42:36
EVT0003518,CUST001933,NET_BANKING,Login,05/17/2026 05:04 AM
EVT0003519,CUST000922,MOBILE_APP,initiate_transfer,11-01-2026 15:17
EVT0003520,CUST000296,Mobile_App, LOGOUT,2026-01-25 03:55:55
EVT0003521,CUST004110,Net_Banking,VIEW_BALANCE,25-05-2026 01:28
EVT0003522,CUST000350,NET_BANKING,Logout,2026-04-25 18:25:41
EVT0003523,CUST004895,MOBILE APP,,2026-05-06 13:11:09
EVT0003524,CUST002272,mobile_app,View_Balance,2026-05-12 13:38:22
EVT0003525,CUST002284,net_banking,,02/11/2026 08:44 PM
EVT0003526,CUST004204,MOBILE_APP,INITIATE_TRANSFER,2026-03-09 07:46:15
EVT0003527,CUST004529,mobile_app,LOGOUT,
EVT0003528,CUST004637,Net_Banking,VIEW_BALANCE,2026-02-03 09:16:47
EVT0003529,CUST002572,MOBILE_APP,view_balance,20-06-2026 22:58
EVT0003530,CUST001718,MOBILE_APP,view_balance,2026-03-24 20:07:03
EVT0003531,CUST001161,NET_BANKING,LOGIN ,04/17/2026 06:32 PM
EVT0003532,CUST004592,NET_BANKING,VIEW_BALANCE,
EVT0003533,CUST001622,MOBILE_APP,view_balance,2026-01-31 22:16:22
EVT0003534,CUST000899,NET_BANKING,INITIATE_TRANSFER,2026-03-15 19:03:35
EVT0003535,CUST004771,Net_Banking,View_Balance,2026-06-16 22:11:10
EVT0003536,CUST002438,MOBILE_APP,logout,04/01/2026 02:17:19
EVT0003537,CUST000607,MOBILE_APP,Initiate_Transfer,2026-07-21 19:56:44
EVT0003538,CUST004053,net_banking,LOGIN,25-03-2026 19:40
EVT0003539,CUST003375,Net_Banking,logout,2026-07-22 09:51:11
EVT0003540,CUST000945,MOBILE APP,LOGIN,2026-01-31 23:00:12
EVT0003541,CUST004434,mobile_app,LOGOUT,2026-07-04 01:55:26
EVT0003542,CUST004299,MOBILE_APP,INITIATE_TRANSFER,2026-03-06 10:56:45
EVT0003543,CUST004800,NET_BANKING,view_balance,22-02-2026 01:14
EVT0003544,CUST002193,MOBILE_APP,view_balance,27/02/2026 14:14:37
EVT0003545,CUST004803,mobile_app,logout,2026-04-18 00:52:19
EVT0003546,CUST005189,Mobile_App, LOGOUT,25-04-2026 16:34
EVT0003547,CUST005102,mobile_app,VIEW_BALANCE,05/13/2026 09:38 PM
EVT0003548,CUST004345,NET_BANKING,Logout,2026-03-19 01:05:22
EVT0003549,CUST000438,MOBILE_APP,INITIATE_TRANSFER,2026-04-23 09:51:55
EVT0003550,CUST002797,NET BANKING,logout,2026-01-25 02:41:44
EVT0003551,CUST002942,NET_BANKING,LOGIN,2026-05-10 20:45:26
EVT0003552,CUST005179,mobile_app,login,28-03-2026 23:56
EVT0003553,CUST002847,,initiate_transfer,2026-03-02 20:51:52
EVT0003554,CUST003649,MOBILE APP,INITIATE_TRANSFER,2026-04-16 07:52:40
EVT0003555,CUST000605,NET BANKING,LOGIN,2026-05-18 17:18:45
EVT0003556,CUST001622,MOBILE APP,View_Balance,2026-04-26 15:31:30
EVT0003557,CUST000414,mobile_app,View_Balance,2026-07-03 20:10:51
EVT0003558,CUST005098,Net_Banking,VIEW_BALANCE,25-02-2026 16:10
EVT0003559,CUST001971,MOBILE_APP,LOGOUT,04/17/2026 10:58 PM
EVT0003560,CUST001945,MOBILE APP,View_Balance,2026-07-03 09:20:42
EVT0003561,CUST002840,NET_BANKING,Login,08-07-2026 19:06
EVT0003562,CUST000232,NET BANKING,LOGOUT,01/07/2026 19:43:52
EVT0003563,CUST001468,Net_Banking,VIEW_BALANCE,2026-02-22 03:09:04
EVT0003564,CUST004924,Mobile_App,INITIATE_TRANSFER,07/16/2026 12:58 PM
EVT0003565,CUST002410,MOBILE APP,View_Balance,14/04/2026 18:56:05
EVT0003566,CUST004003,NET BANKING,view_balance,2026-06-15 01:04:39
EVT0003567,CUST004252,MOBILE_APP,LOGIN ,2026-06-21 17:28:05
EVT0003568,CUST003608,MOBILE_APP,View_Balance,2026-04-05 06:38:31
EVT0003569,CUST001150,MOBILE APP,Logout,18-03-2026 17:15
EVT0003570,CUST005006,MOBILE_APP,Initiate_Transfer,2026-01-18 23:08:04
EVT0003571,CUST004461,Net_Banking,LOGOUT,2026-01-30 23:00:09
EVT0003572,CUST003630,NET_BANKING,Login,2026-06-21 04:26:24
EVT0003573,CUST000560,Net_Banking,LOGOUT,2026-01-06 19:41:25
EVT0003574,CUST001860,NET BANKING,Logout,2026-04-22 01:15:01
EVT0003575,CUST002468,MOBILE_APP,logout,
EVT0003576,CUST002519,NET_BANKING,INITIATE_TRANSFER,2026-03-04 05:28:56
EVT0003577,CUST004562,,logout,12-01-2026 08:23
EVT0003578,CUST002065,Net_Banking, LOGOUT,25-04-2026 10:13
EVT0003579,CUST003619,NET BANKING,LOGIN ,27-02-2026 04:12
EVT0003580,CUST003568,MOBILE_APP,LOGIN,03-03-2026 22:28
EVT0003581,CUST004256,,INITIATE_TRANSFER,2026-03-21 03:34:14
EVT0003582,CUST005036,NET_BANKING,VIEW_BALANCE,02-06-2026 13:53
EVT0003583,CUST002179,MOBILE_APP,Logout,2026-03-01 14:06:08
EVT0003584,CUST000803,NET_BANKING,LOGOUT,02/28/2026 02:17 AM
EVT0003585,CUST002470,net_banking,View_Balance,2026-04-07 07:21:50
EVT0003586,CUST002443,NET_BANKING,INITIATE_TRANSFER,2026-03-03 06:49:58
EVT0003587,CUST003423,net_banking,View_Balance,28-02-2026 04:46
EVT0003588,CUST001033,NET BANKING,VIEW_BALANCE,2026-04-10 16:52:42
EVT0003589,CUST003781,MOBILE_APP,VIEW_BALANCE,15-05-2026 17:54
EVT0003590,CUST002333,MOBILE APP,Login,20-04-2026 07:19
EVT0003591,CUST001068,NET BANKING,INITIATE_TRANSFER,14-02-2026 03:20
EVT0003592,CUST004805,Mobile_App,VIEW_BALANCE,2026-01-07 22:30:23
EVT0003593,CUST003068,mobile_app,LOGOUT,2026-03-11 06:12:02
EVT0003594,CUST001897,Mobile_App,LOGIN ,2026-06-09 12:46:33
EVT0003595,CUST003283,Net_Banking,view_balance,05-06-2026 17:48
EVT0003596,CUST002481,NET BANKING,LOGIN,2026-01-06 16:56:59
EVT0003597,CUST001329,NET BANKING,Login,06/11/2026 04:13 PM
EVT0003598,CUST001759,NET BANKING,logout,11/02/2026 04:58:11
EVT0003599,CUST004987,Net_Banking,INITIATE_TRANSFER,06/21/2026 04:30 PM
EVT0003600,CUST000678,,LOGIN,2026-05-11 02:08:08
EVT0003601,CUST000505,net_banking,View_Balance,02/18/2026 09:15 AM
EVT0003602,CUST000524,NET BANKING,INITIATE_TRANSFER,09-07-2026 16:52
EVT0003603,CUST003293,Mobile_App,login,06/20/2026 03:01 PM
EVT0003604,CUST000982,Mobile_App,Login,2026-02-17 12:56:41
EVT0003605,CUST001330,MOBILE_APP,LOGIN ,2026-02-11 06:06:29
EVT0003606,CUST003901,Mobile_App,VIEW_BALANCE,2026-01-09 17:52:16
EVT0003607,CUST000525,MOBILE_APP,View_Balance,2026-06-13 08:31:35
EVT0003608,CUST003051,net_banking,Logout,26/06/2026 04:22:59
EVT0003609,CUST004884,Net_Banking,View_Balance,07-02-2026 17:27
EVT0003610,CUST000976,NET BANKING,view_balance,2026-04-16 17:24:19
EVT0003611,CUST004303,MOBILE_APP,INITIATE_TRANSFER,2026-05-09 06:39:11
EVT0003612,CUST002343,MOBILE APP,LOGOUT,01/16/2026 11:18 AM
EVT0003613,CUST000015,NET BANKING,LOGIN,2026-05-15 04:41:20
EVT0003614,CUST003392,net_banking,VIEW_BALANCE,2026-01-04 15:44:41
EVT0003615,CUST001759,NET_BANKING,logout,2026-07-14 15:32:21
EVT0003616,CUST002539,Net_Banking,login,03-05-2026 10:43
EVT0003617,CUST000258,NET BANKING,VIEW_BALANCE,27-06-2026 04:06
EVT0003618,CUST003545,net_banking,initiate_transfer,2026-01-03 02:43:03
EVT0003619,CUST000522,net_banking, LOGOUT,14/05/2026 02:15:28
EVT0003620,CUST003196,mobile_app,LOGOUT,2026-07-07 11:30:48
EVT0003621,CUST004131,NET_BANKING,LOGIN,17-02-2026 00:07
EVT0003622,CUST001790,MOBILE APP,logout,07/12/2026 08:37 AM
EVT0003623,CUST004702,NET_BANKING,INITIATE_TRANSFER,28/01/2026 09:52:43
EVT0003624,CUST001565,NET_BANKING,LOGIN ,2026-01-17 00:56:59
EVT0003625,CUST004430,,Logout,
EVT0003626,CUST001810,Mobile_App,view_balance,2026-02-27 04:31:20
EVT0003627,CUST001272,Net_Banking,INITIATE_TRANSFER,07-03-2026 03:38
EVT0003628,CUST005178,NET_BANKING,Login,09-06-2026 11:43
EVT0003629,CUST001396,Net_Banking,login,2026-01-29 20:55:39
EVT0003630,CUST005129,NET_BANKING,LOGOUT,06/27/2026 09:37 PM
EVT0003631,CUST002723,Mobile_App,LOGOUT,04/30/2026 04:06 PM
EVT0003632,CUST004364,MOBILE APP,initiate_transfer,23-03-2026 19:17
EVT0003633,CUST003065,NET_BANKING,initiate_transfer,2026-05-07 16:48:53
EVT0003634,CUST003807,Net_Banking,INITIATE_TRANSFER,30-03-2026 06:30
EVT0003635,CUST000695,Mobile_App,INITIATE_TRANSFER,22-03-2026 17:44
EVT0003636,CUST002836,Net_Banking,Logout,2026-07-19 22:56:55
EVT0003637,CUST004991,Mobile_App, LOGOUT,2026-02-07 04:33:06
EVT0003638,CUST000624,mobile_app,LOGOUT,2026-01-30 18:48:59
EVT0003639,CUST004341,mobile_app,LOGOUT,2026-07-05 12:42:15
EVT0003640,CUST000710,MOBILE_APP,LOGIN,2026-06-09 10:28:23
EVT0003641,CUST001316,MOBILE_APP,logout,2026-01-17 15:43:27
EVT0003642,CUST004176,Net_Banking,Initiate_Transfer,2026-02-08 03:05:49
EVT0003643,CUST004798,MOBILE_APP,INITIATE_TRANSFER,2026-07-06 15:42:57
EVT0003644,CUST004594,MOBILE APP,logout,2026-04-06 01:20:49
EVT0003645,CUST004612,NET BANKING,LOGIN,13/03/2026 22:22:47
EVT0003646,CUST002888,MOBILE_APP,LOGOUT,2026-02-19 17:42:46
EVT0003647,CUST004101,mobile_app,LOGIN,06-06-2026 05:44
EVT0003648,CUST005040,NET_BANKING,INITIATE_TRANSFER,2026-05-21 07:55:54
EVT0003649,CUST001769,MOBILE_APP,INITIATE_TRANSFER,2026-03-19 23:47:46
EVT0003650,CUST001755,NET BANKING,LOGIN,11-02-2026 06:47
EVT0003651,CUST004067,NET_BANKING,Login,10-05-2026 15:24
EVT0003652,CUST000498,mobile_app,,2026-06-06 10:01:39
EVT0003653,CUST001491,MOBILE_APP,view_balance,2026-04-28 11:06:28
EVT0003654,CUST002200,NET_BANKING,LOGIN,15-01-2026 05:21
EVT0003655,CUST003524,mobile_app,INITIATE_TRANSFER,2026-07-17 21:39:55
EVT0003656,CUST002295,NET_BANKING,LOGOUT,2026-04-09 14:55:28
EVT0003657,CUST002988,MOBILE_APP,VIEW_BALANCE,31/01/2026 17:01:08
EVT0003658,CUST000523,MOBILE_APP,View_Balance,06/24/2026 05:09 AM
EVT0003659,CUST004474,MOBILE APP,Initiate_Transfer,07-02-2026 01:38
EVT0003660,CUST001343,Net_Banking,LOGOUT,2026-03-24 22:58:51
EVT0003661,CUST002413,NET BANKING,,19-03-2026 03:44
EVT0003662,CUST001997,net_banking,initiate_transfer,07/01/2026 15:33:55
EVT0003663,CUST004474,net_banking,LOGIN,2026-07-18 04:19:28
EVT0003664,CUST000843,NET BANKING,LOGIN,19-01-2026 04:38
EVT0003665,CUST004191,Net_Banking,initiate_transfer,2026-01-09 02:12:18
EVT0003666,CUST001297,MOBILE APP,VIEW_BALANCE,2026-04-21 00:53:44
EVT0003667,CUST002336,NET_BANKING,VIEW_BALANCE,28-07-2026 04:22
EVT0003668,CUST001555,NET BANKING,LOGIN ,27/06/2026 17:54:23
EVT0003669,CUST004649,net_banking,initiate_transfer,2026-02-26 06:01:21
EVT0003670,CUST004692,mobile_app,LOGIN ,2026-02-14 17:33:16
EVT0003671,CUST003899,Net_Banking,View_Balance,2026-06-03 12:25:35
EVT0003672,CUST001508,MOBILE APP,logout,2026-07-12 21:38:20
EVT0003673,CUST002938,NET_BANKING,Login,31-01-2026 20:13
EVT0003674,CUST003558,MOBILE_APP,VIEW_BALANCE,2026-02-27 17:08:32
EVT0003675,CUST000824,NET_BANKING,Login,2026-07-30 06:39:33
EVT0003676,CUST003404,MOBILE_APP,logout,2026-06-24 04:20:09
EVT0003677,CUST003045,,logout,2026-05-12 21:32:13
EVT0003678,CUST000430,net_banking,Logout,
EVT0003679,CUST001039,mobile_app,LOGOUT,2026-06-19 21:23:53
EVT0003680,CUST000942,MOBILE_APP,Initiate_Transfer,04-05-2026 23:18
EVT0003681,CUST003635,NET_BANKING,VIEW_BALANCE,2026-06-24 09:33:44
EVT0003682,CUST004481,MOBILE_APP,INITIATE_TRANSFER,2026-03-19 04:35:43
EVT0003683,CUST001141,Mobile_App,INITIATE_TRANSFER,25-01-2026 03:31
EVT0003684,CUST003887,NET BANKING,Initiate_Transfer,14/07/2026 15:38:10
EVT0003685,CUST001467,MOBILE APP,Logout,09-01-2026 04:38
EVT0003686,CUST003388,mobile_app, LOGOUT,15-03-2026 04:30
EVT0003687,CUST002805,Net_Banking,VIEW_BALANCE,2026-01-17 02:30:06
EVT0003688,CUST001468,Mobile_App,view_balance,2026-07-14 20:51:00
EVT0003689,CUST001492,mobile_app,initiate_transfer,2026-02-05 01:40:50
EVT0003690,CUST004133,NET_BANKING,logout,22-01-2026 17:56
EVT0003691,CUST001736,mobile_app,logout,2026-07-04 02:32:15
EVT0003692,CUST002828,NET_BANKING,view_balance,10-01-2026 22:33
EVT0003693,CUST002019,MOBILE APP,login,05/07/2026 03:30:44
EVT0003694,CUST003672,MOBILE_APP,Initiate_Transfer,2026-07-14 22:20:25
EVT0003695,CUST002875,MOBILE_APP,LOGOUT,2026-06-20 01:48:50
EVT0003696,CUST000717,NET BANKING,login,02-07-2026 04:53
EVT0003697,CUST003067,Net_Banking,INITIATE_TRANSFER,2026-07-01 09:05:31
EVT0003698,CUST000107,net_banking,Logout,22-05-2026 19:06
EVT0003699,CUST001893,NET_BANKING,LOGIN,28-04-2026 06:11
EVT0003700,CUST002111,Net_Banking,LOGIN,2026-01-22 21:27:40
EVT0003701,CUST002003,mobile_app,login,2026-05-30 20:20:57
EVT0003702,CUST002384,net_banking,,2026-02-08 19:00:20
EVT0003703,CUST001799,mobile_app,initiate_transfer,2026-07-14 05:10:16
EVT0003704,CUST003585,net_banking,LOGIN,26/02/2026 06:55:39
EVT0003705,CUST003802,NET BANKING,INITIATE_TRANSFER,24-04-2026 01:11
EVT0003706,CUST003828,Net_Banking,VIEW_BALANCE,14-02-2026 01:51
EVT0003707,CUST000695,NET_BANKING,Logout,19/03/2026 09:52:18
EVT0003708,CUST003500,Mobile_App,LOGOUT,18-07-2026 21:16
EVT0003709,CUST002347,MOBILE APP,LOGOUT,04/04/2026 02:58 PM
EVT0003710,CUST001293,net_banking,view_balance,2026-04-24 01:24:29
EVT0003711,CUST004553,net_banking,LOGIN ,04-03-2026 16:31
EVT0003712,CUST002051,NET_BANKING,INITIATE_TRANSFER,24-02-2026 10:23
EVT0003713,CUST000481,MOBILE_APP,login,13/04/2026 20:27:07
EVT0003714,CUST000817,NET_BANKING,View_Balance,04/22/2026 09:15 AM
EVT0003715,CUST003179,NET_BANKING, LOGOUT,08/02/2026 08:36:50
EVT0003716,CUST002074,NET_BANKING,INITIATE_TRANSFER,2026-06-18 20:01:19
EVT0003717,CUST000695,Mobile_App,LOGIN,21/07/2026 23:35:25
EVT0003718,CUST002904,MOBILE APP,LOGIN,2026-05-03 12:08:01
EVT0003719,CUST003825,NET_BANKING,INITIATE_TRANSFER,2026-02-28 00:13:03
EVT0003720,CUST003747,,View_Balance,20-02-2026 21:56
EVT0003721,CUST003506,Net_Banking,view_balance,2026-02-09 21:23:12
EVT0003722,CUST001211,,initiate_transfer,06/17/2026 09:35 PM
EVT0003723,CUST002308,MOBILE_APP,VIEW_BALANCE,2026-07-07 10:38:28
EVT0003724,CUST002075,Mobile_App,View_Balance,21-07-2026 16:11
EVT0003725,CUST002893,mobile_app,VIEW_BALANCE,01/29/2026 06:22 PM
EVT0003726,CUST002517,net_banking,Logout,2026-04-02 10:39:30
EVT0003727,CUST000491,NET BANKING,initiate_transfer,2026-07-17 13:18:30
EVT0003728,CUST001991,Net_Banking,INITIATE_TRANSFER,2026-06-05 16:27:40
EVT0003729,CUST000451,MOBILE APP,LOGOUT,16-04-2026 23:02
EVT0003730,CUST002729,MOBILE_APP,Logout,2026-01-28 01:27:52
EVT0003731,CUST003312,Net_Banking,logout,2026-07-26 16:47:03
EVT0003732,CUST002387,net_banking,LOGIN,2026-03-14 08:46:55
EVT0003733,CUST003314,NET BANKING,LOGIN,2026-03-07 01:52:47
EVT0003734,CUST000513,NET BANKING,VIEW_BALANCE,2026-05-24 03:25:15
EVT0003735,CUST001474,NET_BANKING,LOGOUT,04-04-2026 17:49
EVT0003736,CUST003218,Net_Banking,VIEW_BALANCE,2026-06-24 03:40:34
EVT0003737,CUST003955,NET_BANKING,Login,07/13/2026 08:56 AM
EVT0003738,CUST004435,MOBILE APP,initiate_transfer,2026-05-01 06:01:02
EVT0003739,CUST004081,NET_BANKING,INITIATE_TRANSFER,2026-01-16 15:13:13
EVT0003740,CUST001416,NET_BANKING,VIEW_BALANCE,2026-06-27 05:44:02
EVT0003741,CUST001426,MOBILE_APP,View_Balance,28/05/2026 01:42:10
EVT0003742,CUST004248,NET_BANKING,INITIATE_TRANSFER,15-01-2026 22:29
EVT0003743,CUST001841,Mobile_App,VIEW_BALANCE,2026-05-18 12:56:16
EVT0003744,CUST000334,MOBILE_APP,VIEW_BALANCE,05-07-2026 23:55
EVT0003745,CUST001660,,VIEW_BALANCE,2026-02-13 14:04:42
EVT0003746,CUST002987,,LOGIN ,2026-04-02 01:07:24
EVT0003747,CUST002104,mobile_app,Login,01/09/2026 07:37 PM
EVT0003748,CUST001796,NET_BANKING,Login,22/03/2026 19:47:28
EVT0003749,CUST003968,Mobile_App,login,2026-03-14 20:07:26
EVT0003750,CUST001697,MOBILE_APP,view_balance,04/02/2026 15:43:13
EVT0003751,CUST004688,net_banking,LOGOUT,2026-07-09 09:02:08
EVT0003752,CUST000583,MOBILE_APP,view_balance,05/10/2026 11:33 PM
EVT0003753,CUST004235,Net_Banking,Login,09-04-2026 21:38
EVT0003754,CUST003201,MOBILE_APP,LOGOUT,2026-04-29 18:12:48
EVT0003755,CUST001845,mobile_app,Login,2026-01-01 14:34:59
EVT0003756,CUST004876,MOBILE_APP,view_balance,2026-05-03 04:36:23
EVT0003757,CUST000045,NET_BANKING,View_Balance,2026-01-25 22:22:45
EVT0003758,CUST003467,MOBILE APP,view_balance,12/01/2026 11:12:41
EVT0003759,CUST004462,MOBILE APP,LOGIN,2026-07-06 19:43:30
EVT0003760,CUST005008,NET_BANKING,INITIATE_TRANSFER,31/01/2026 23:34:23
EVT0003761,CUST002925,MOBILE APP,logout,05/29/2026 01:09 PM
EVT0003762,CUST001749,NET_BANKING,VIEW_BALANCE,2026-04-07 17:34:53
EVT0003763,CUST001431,net_banking,view_balance,22/02/2026 04:12:24
EVT0003764,CUST001335,MOBILE_APP,INITIATE_TRANSFER,18-05-2026 09:03
EVT0003765,CUST000979,NET_BANKING,VIEW_BALANCE,2026-06-05 21:19:53
EVT0003766,CUST004921,NET BANKING,Logout,2026-07-03 14:28:33
EVT0003767,CUST004304,Mobile_App,Login,2026-05-22 06:31:34
EVT0003768,CUST002266,net_banking,,09/01/2026 09:26:26
EVT0003769,CUST004223,Mobile_App,Initiate_Transfer,2026-05-11 08:19:22
EVT0003770,CUST004415,MOBILE_APP,View_Balance,2026-03-23 16:25:28
EVT0003771,CUST000527,NET_BANKING,login,05/14/2026 04:19 PM
EVT0003772,CUST004465,Net_Banking,Login,2026-05-20 01:02:44
EVT0003773,CUST004662,net_banking, LOGOUT,
EVT0003774,CUST001276,net_banking,logout,2026-03-29 15:52:52
EVT0003775,CUST004159,Mobile_App,View_Balance,2026-05-26 23:58:54
EVT0003776,CUST004541,mobile_app,,2026-07-26 22:57:10
EVT0003777,CUST000386,MOBILE APP,login,18/05/2026 11:51:43
EVT0003778,CUST004372,mobile_app,LOGOUT,2026-06-17 14:52:43
EVT0003779,CUST000289,NET BANKING,Login,2026-03-16 18:10:01
EVT0003780,CUST005133,mobile_app,VIEW_BALANCE,2026-01-15 19:35:38
EVT0003781,CUST001545,NET_BANKING,View_Balance,21/04/2026 16:52:52
EVT0003782,CUST002127,mobile_app,Initiate_Transfer,02/12/2026 11:21 AM
EVT0003783,CUST004176,MOBILE APP,INITIATE_TRANSFER,03/09/2026 10:11 PM
EVT0003784,CUST004880,NET_BANKING,login,2026-07-23 03:57:57
EVT0003785,CUST000362,MOBILE APP, LOGOUT,06/11/2026 09:52 AM
EVT0003786,CUST003754,MOBILE_APP,LOGOUT,2026-03-03 09:55:09
EVT0003787,CUST003824,NET_BANKING,initiate_transfer,14/06/2026 06:33:49
EVT0003788,CUST004626,MOBILE_APP,login,2026-02-03 07:18:43
EVT0003789,CUST000655,NET_BANKING,INITIATE_TRANSFER,03/05/2026 03:38 PM
EVT0003790,CUST002756,MOBILE_APP,Login,19/03/2026 01:46:11
EVT0003791,CUST003691,MOBILE_APP,LOGIN,27/02/2026 04:01:54
EVT0003792,CUST002129,NET BANKING,VIEW_BALANCE,2026-07-21 12:15:14
EVT0003793,CUST001768,NET_BANKING,Login,03/07/2026 06:24 PM
EVT0003794,CUST004060,MOBILE_APP,INITIATE_TRANSFER,12-05-2026 12:04
EVT0003795,CUST001266,Net_Banking,view_balance,15/03/2026 21:18:44
EVT0003796,CUST000640,MOBILE APP,initiate_transfer,2026-02-03 01:21:20
EVT0003797,CUST005092,NET_BANKING,Logout,2026-03-31 23:30:51
EVT0003798,CUST004380,Net_Banking,LOGIN,02-02-2026 19:20
EVT0003799,CUST002064,Net_Banking,initiate_transfer,2026-01-24 10:25:38
EVT0003800,CUST003271,Mobile_App,INITIATE_TRANSFER,2026-01-18 15:04:57
EVT0003801,CUST003526,mobile_app,INITIATE_TRANSFER,04-03-2026 19:48
EVT0003802,CUST000534,net_banking, LOGOUT,24/02/2026 15:20:14
EVT0003803,CUST001854,MOBILE APP, LOGOUT,10-04-2026 15:42
EVT0003804,CUST001581,Net_Banking,View_Balance,08/03/2026 23:41:13
EVT0003805,CUST002223,MOBILE_APP,View_Balance,2026-02-25 00:15:09
EVT0003806,CUST003594,NET BANKING,VIEW_BALANCE,2026-06-01 20:01:37
EVT0003807,CUST001540,net_banking,LOGOUT,2026-07-18 23:27:14
EVT0003808,CUST004461,net_banking,LOGOUT,2026-03-13 22:15:59
EVT0003809,CUST001900,mobile_app,LOGOUT,06/06/2026 02:17:28
EVT0003810,CUST001309,MOBILE_APP,login,2026-06-17 21:46:14
EVT0003811,CUST004608,MOBILE APP,logout,2026-04-14 02:43:44
EVT0003812,CUST003385,MOBILE APP, LOGOUT,2026-01-30 13:49:15
EVT0003813,CUST001969,MOBILE APP,Initiate_Transfer,2026-01-02 15:11:58
EVT0003814,CUST003977,MOBILE APP,LOGOUT,2026-02-18 15:56:56
EVT0003815,CUST000440,MOBILE_APP,logout,25-03-2026 10:22
EVT0003816,CUST005098,NET_BANKING,initiate_transfer,05/02/2026 07:39:54
EVT0003817,CUST000965,,view_balance,2026-03-30 17:34:46
EVT0003818,CUST001836,net_banking,login,03-07-2026 17:07
EVT0003819,CUST003212,NET_BANKING,initiate_transfer,2026-06-23 10:17:35
EVT0003820,CUST001399,Mobile_App,INITIATE_TRANSFER,22/01/2026 15:36:37
EVT0003821,CUST005151,NET_BANKING,Login,15-04-2026 05:47
EVT0003822,CUST004541,mobile_app,View_Balance,26-03-2026 19:27
EVT0003823,CUST000259,mobile_app, LOGOUT,2026-03-12 03:34:37
EVT0003824,CUST001845,NET BANKING,LOGOUT,05/07/2026 04:26:17
EVT0003825,CUST005116,NET_BANKING,login,2026-05-01 14:38:13
EVT0003826,CUST004860,NET_BANKING,LOGOUT,07/30/2026 01:49 AM
EVT0003827,CUST004133,NET_BANKING,logout,06/25/2026 05:23 PM
EVT0003828,CUST002712,NET BANKING,logout,2026-02-06 17:46:19
EVT0003829,CUST002696,NET_BANKING,Initiate_Transfer,01-03-2026 18:12
EVT0003830,CUST004265,NET_BANKING,logout,2026-07-06 01:24:13
EVT0003831,CUST000233,Mobile_App,INITIATE_TRANSFER,2026-06-01 16:28:50
EVT0003832,CUST003024,mobile_app,VIEW_BALANCE,2026-05-19 14:04:54
EVT0003833,CUST000825,NET_BANKING,Initiate_Transfer,27-02-2026 09:46
EVT0003834,CUST004298,NET BANKING,INITIATE_TRANSFER,09/05/2026 01:07:05
EVT0003835,CUST003384,NET_BANKING,LOGOUT,09/02/2026 02:21:37
EVT0003836,CUST004465,Mobile_App,VIEW_BALANCE,2026-05-02 06:25:12
EVT0003837,CUST002925,MOBILE APP,View_Balance,23-01-2026 11:29
EVT0003838,CUST002899,mobile_app,initiate_transfer,05/15/2026 10:31 PM
EVT0003839,CUST002871,MOBILE_APP,View_Balance,15-06-2026 08:44
EVT0003840,CUST001388,mobile_app, LOGOUT,05-06-2026 20:06
EVT0003841,CUST001959,Mobile_App,VIEW_BALANCE,02-05-2026 01:07
EVT0003842,CUST001844,net_banking,INITIATE_TRANSFER,2026-01-06 09:03:13
EVT0003843,CUST005176,MOBILE_APP, LOGOUT,23-03-2026 05:13
EVT0003844,CUST000941,Net_Banking,LOGOUT,2026-07-26 00:30:27
EVT0003845,CUST002941,mobile_app,Logout,2026-01-01 05:19:12
EVT0003846,CUST004415,Net_Banking,initiate_transfer,25-06-2026 10:52
EVT0003847,CUST000732,NET_BANKING,logout,2026-07-20 15:21:04
EVT0003848,CUST001799,MOBILE_APP,logout,26/07/2026 19:43:46
EVT0003849,CUST003683,net_banking, LOGOUT,2026-01-22 05:57:33
EVT0003850,CUST004324,Net_Banking,LOGIN,26-04-2026 06:05
EVT0003851,CUST002695,NET BANKING,LOGOUT,03/07/2026 16:00:04
EVT0003852,CUST005183,NET_BANKING,VIEW_BALANCE,2026-04-05 20:18:31
EVT0003853,CUST000815,net_banking,view_balance,23/07/2026 06:23:08
EVT0003854,CUST004361,Mobile_App,VIEW_BALANCE,2026-03-24 00:24:04
EVT0003855,CUST003732,Net_Banking, LOGOUT,2026-07-27 21:00:15
EVT0003856,CUST000496,MOBILE_APP, LOGOUT,26/06/2026 08:59:42
EVT0003857,CUST003446,MOBILE_APP,Login,2026-04-23 08:43:34
EVT0003858,CUST004604,NET BANKING,login,2026-06-04 00:09:36
EVT0003859,CUST002170,NET BANKING,Logout,26/06/2026 08:51:46
EVT0003860,CUST000014,MOBILE_APP,LOGIN,2026-06-28 11:39:11
EVT0003861,CUST004653,NET_BANKING,LOGIN ,08/05/2026 04:31:59
EVT0003862,CUST004596,net_banking,initiate_transfer,2026-05-09 15:03:50
EVT0003863,CUST000767,Net_Banking,login,2026-07-08 13:30:15
EVT0003864,CUST001263,Net_Banking,view_balance,
EVT0003865,CUST002873,net_banking,LOGIN,2026-05-25 22:04:31
EVT0003866,CUST002401,MOBILE_APP,Login,2026-03-22 15:34:30
EVT0003867,CUST003976,Net_Banking,Logout,2026-06-18 23:42:17
EVT0003868,CUST004246,,VIEW_BALANCE,03/06/2026 18:49:32
EVT0003869,CUST005153,net_banking,VIEW_BALANCE,2026-01-20 07:24:06
EVT0003870,CUST002292,mobile_app,login,19-07-2026 21:16
EVT0003871,CUST001578,Net_Banking, LOGOUT,2026-03-29 17:33:56
EVT0003872,CUST001169,net_banking,View_Balance,08-04-2026 14:55
EVT0003873,CUST001778,mobile_app,INITIATE_TRANSFER,08/01/2026 17:49:18
EVT0003874,CUST000237,MOBILE APP,LOGOUT,2026-05-01 08:18:18
EVT0003875,CUST001496,MOBILE_APP,VIEW_BALANCE,26-05-2026 06:00
EVT0003876,CUST000058,Mobile_App,Initiate_Transfer,2026-05-15 01:19:35
EVT0003877,CUST002762,MOBILE_APP,LOGOUT,2026-01-21 00:13:51
EVT0003878,CUST004850,MOBILE_APP,LOGOUT,2026-06-18 09:12:50
EVT0003879,CUST002361,net_banking,VIEW_BALANCE,2026-03-17 00:34:50
EVT0003880,CUST004848,net_banking,VIEW_BALANCE,11-03-2026 11:40
EVT0003881,CUST004859,MOBILE_APP,VIEW_BALANCE,2026-03-31 01:18:58
EVT0003882,CUST000057,MOBILE_APP,LOGOUT,2026-02-28 11:55:37
EVT0003883,CUST001982,MOBILE APP,Initiate_Transfer,01-07-2026 21:38
EVT0003884,CUST000788,MOBILE_APP,INITIATE_TRANSFER,14-02-2026 18:54
EVT0003885,CUST004714,MOBILE_APP,login,28/06/2026 07:06:53
EVT0003886,CUST000016,MOBILE APP,View_Balance,2026-04-23 03:12:18
EVT0003887,CUST004339,Net_Banking,LOGOUT,15-03-2026 02:00
EVT0003888,CUST002168,Mobile_App,Initiate_Transfer,2026-03-02 14:39:15
EVT0003889,CUST001105,MOBILE_APP,view_balance,2026-05-21 00:35:18
EVT0003890,CUST001959,Net_Banking,INITIATE_TRANSFER,2026-05-29 13:32:40
EVT0003891,CUST003295,net_banking,LOGIN,2026-06-27 14:33:39
EVT0003892,CUST004640,Net_Banking,View_Balance,2026-07-19 13:17:14
EVT0003893,CUST001098,MOBILE_APP,VIEW_BALANCE,2026-02-03 12:00:32
EVT0003894,CUST000270,MOBILE_APP,Initiate_Transfer,2026-01-14 18:05:42
EVT0003895,CUST004674,MOBILE_APP,logout,2026-04-16 07:01:55
EVT0003896,CUST002176,MOBILE APP,login,2026-01-19 00:23:47
EVT0003897,CUST004479,mobile_app,INITIATE_TRANSFER,21-05-2026 16:25
EVT0003898,CUST002906,MOBILE_APP,initiate_transfer,05/02/2026 22:54:58
EVT0003899,CUST005169,net_banking,LOGIN ,27-06-2026 20:20
EVT0003900,CUST004480,Mobile_App,,17/06/2026 13:26:22
EVT0003901,CUST004539,mobile_app,VIEW_BALANCE,11-01-2026 13:19
EVT0003902,CUST003251,Mobile_App, LOGOUT,2026-01-29 12:48:33
EVT0003903,CUST000717,NET_BANKING,Login,2026-02-09 05:37:10
EVT0003904,CUST003889,NET_BANKING,VIEW_BALANCE,14-04-2026 15:43
EVT0003905,CUST000715,NET BANKING,INITIATE_TRANSFER,2026-06-23 04:56:39
EVT0003906,CUST001468,MOBILE_APP,LOGIN,2026-01-13 11:33:09
EVT0003907,CUST002500,NET_BANKING,LOGIN,12-02-2026 12:27
EVT0003908,CUST004927,MOBILE_APP,view_balance,17-07-2026 20:19
EVT0003909,CUST000983,NET_BANKING,VIEW_BALANCE,2026-07-25 15:00:12
EVT0003910,CUST003443,MOBILE_APP,LOGOUT,29/01/2026 06:11:05
EVT0003911,CUST003917,net_banking,view_balance,2026-05-27 21:29:32
EVT0003912,CUST003124,NET_BANKING,LOGOUT,2026-06-25 03:45:51
EVT0003913,CUST002740,net_banking,INITIATE_TRANSFER,2026-01-26 20:30:38
EVT0003914,CUST000816,MOBILE APP, LOGOUT,29/05/2026 04:02:09
EVT0003915,CUST003035,NET_BANKING,LOGIN,05/03/2026 15:31:28
EVT0003916,CUST003247,net_banking, LOGOUT,2026-07-11 21:57:15
EVT0003917,CUST002398,net_banking,View_Balance,03/06/2026 07:04:00
EVT0003918,CUST001093,NET BANKING,LOGIN ,2026-01-03 16:54:30
EVT0003919,CUST000984,MOBILE APP,INITIATE_TRANSFER,25-02-2026 13:57
EVT0003920,CUST001736,MOBILE_APP,INITIATE_TRANSFER,03-02-2026 18:14
EVT0003921,CUST001204,MOBILE_APP,LOGIN ,2026-07-29 05:17:19
EVT0003922,CUST001297,MOBILE APP,initiate_transfer,14-02-2026 01:48
EVT0003923,CUST000175,MOBILE_APP,INITIATE_TRANSFER,2026-04-12 18:29:03
EVT0003924,CUST004856,NET_BANKING,login,04-01-2026 11:47
EVT0003925,CUST001154,Mobile_App,LOGIN,29-03-2026 08:11
EVT0003926,CUST001779,MOBILE APP,logout,03/25/2026 05:57 AM
EVT0003927,CUST000184,MOBILE APP,LOGOUT,16-04-2026 08:54
EVT0003928,CUST004243,NET BANKING,initiate_transfer,19/03/2026 20:04:59
EVT0003929,CUST003363,NET_BANKING,initiate_transfer,2026-02-14 00:24:45
EVT0003930,CUST002700,MOBILE APP,LOGIN,17-02-2026 12:31
EVT0003931,CUST003319,,Initiate_Transfer,08-03-2026 06:22
EVT0003932,CUST005015,net_banking,INITIATE_TRANSFER,29-03-2026 22:59
EVT0003933,CUST001658,NET_BANKING,login,14/06/2026 07:39:30
EVT0003934,CUST003922,mobile_app,initiate_transfer,18-06-2026 08:21
EVT0003935,CUST004379,mobile_app,Initiate_Transfer,2026-07-19 01:07:43
EVT0003936,CUST001065,NET_BANKING,VIEW_BALANCE,2026-03-10 03:24:58
EVT0003937,CUST001233,net_banking,LOGIN ,2026-02-14 19:47:13
EVT0003938,CUST002788,MOBILE_APP,Logout,04-03-2026 03:46
EVT0003939,CUST002439,Mobile_App,INITIATE_TRANSFER,06-06-2026 06:20
EVT0003940,CUST002817,NET_BANKING,INITIATE_TRANSFER,2026-02-15 12:19:47
EVT0003941,CUST005068,MOBILE APP,View_Balance,19-06-2026 09:39
EVT0003942,CUST003971,NET BANKING,logout,2026-07-09 12:52:35
EVT0003943,CUST000875,MOBILE_APP,Logout,19-02-2026 03:13
EVT0003944,CUST002801,NET BANKING,login,2026-04-14 13:11:41
EVT0003945,CUST000772,Mobile_App,View_Balance,2026-07-10 13:42:32
EVT0003946,CUST001172,NET BANKING,LOGIN,2026-05-13 13:48:19
EVT0003947,CUST004942,MOBILE APP,VIEW_BALANCE,2026-03-29 12:58:57
EVT0003948,CUST000228,NET_BANKING,LOGIN,2026-06-25 06:35:12
EVT0003949,CUST002636,NET_BANKING,VIEW_BALANCE,2026-04-27 08:48:37
EVT0003950,CUST003480,MOBILE APP,Login,2026-03-29 21:50:15
EVT0003951,CUST001190,mobile_app,INITIATE_TRANSFER,2026-05-10 00:38:09
EVT0003952,CUST003209,MOBILE_APP,LOGIN ,2026-06-27 17:58:29
EVT0003953,CUST003719,Net_Banking,Login,2026-02-11 09:35:45
EVT0003954,CUST002436,NET BANKING,Logout,2026-02-10 21:05:10
EVT0003955,CUST000577,Net_Banking,View_Balance,2026-01-02 05:46:09
EVT0003956,CUST002856,MOBILE_APP,initiate_transfer,2026-05-13 00:04:41
EVT0003957,CUST001509,Net_Banking,Initiate_Transfer,2026-06-11 17:14:09
EVT0003958,CUST001275,Mobile_App,LOGIN ,23/06/2026 04:04:46
EVT0003959,CUST003376,NET_BANKING,View_Balance,2026-04-17 09:03:33
EVT0003960,CUST003459,MOBILE_APP,INITIATE_TRANSFER,2026-04-03 09:25:56
EVT0003961,CUST004656,Net_Banking,initiate_transfer,2026-06-27 17:02:50
EVT0003962,CUST000063,Net_Banking,login,13-06-2026 22:25
EVT0003963,CUST000528,NET_BANKING,login,08-06-2026 01:07
EVT0003964,CUST004942,Net_Banking,Initiate_Transfer,30-01-2026 00:29
EVT0003965,CUST004414,net_banking,INITIATE_TRANSFER,2026-03-03 13:53:12
EVT0003966,CUST003264,MOBILE_APP,Initiate_Transfer,2026-03-12 04:08:23
EVT0003967,CUST000962,MOBILE APP,Initiate_Transfer,25-06-2026 08:03
EVT0003968,CUST004647,Mobile_App,LOGOUT,2026-01-27 14:01:45
EVT0003969,CUST001945,NET BANKING,VIEW_BALANCE,03/31/2026 08:17 AM
EVT0003970,CUST002153,mobile_app,LOGOUT,2026-07-06 19:39:37
EVT0003971,CUST003207,MOBILE_APP,LOGIN,12-02-2026 11:13
EVT0003972,CUST003858,Mobile_App,VIEW_BALANCE,07/01/2026 03:20:01
EVT0003973,CUST001273,NET_BANKING,VIEW_BALANCE,2026-07-20 08:33:19
EVT0003974,CUST000086,NET BANKING,view_balance,2026-03-07 15:09:29
EVT0003975,CUST002600,MOBILE APP,view_balance,2026-01-11 06:27:27
EVT0003976,CUST000769,NET_BANKING,Login,2026-06-17 10:23:00
EVT0003977,CUST001380,NET_BANKING,VIEW_BALANCE,2026-01-03 00:43:32
EVT0003978,CUST002792,MOBILE APP,view_balance,2026-06-16 05:26:00
EVT0003979,CUST004549,Mobile_App,INITIATE_TRANSFER,30-07-2026 14:42
EVT0003980,CUST001842,net_banking,login,23/03/2026 21:04:33
EVT0003981,CUST004238,Mobile_App,Login,24-07-2026 08:10
EVT0003982,CUST002122,NET_BANKING,VIEW_BALANCE,01-04-2026 08:47
EVT0003983,CUST000867,MOBILE_APP,LOGOUT,2026-04-23 12:08:10
EVT0003984,CUST004315,net_banking,LOGOUT,2026-04-09 12:09:57
EVT0003985,CUST002403,NET BANKING,logout,2026-05-04 03:12:42
EVT0003986,CUST004134,net_banking,INITIATE_TRANSFER,2026-07-14 15:34:45
EVT0003987,CUST004473,MOBILE APP,VIEW_BALANCE,2026-04-14 02:40:25
EVT0003988,CUST001645,MOBILE_APP,LOGIN,2026-05-15 00:31:50
EVT0003989,CUST004756,NET_BANKING,logout,02/04/2026 08:24:45
EVT0003990,CUST002139,mobile_app,Login,15-03-2026 18:19
EVT0003991,CUST004121,MOBILE_APP,VIEW_BALANCE,2026-06-26 08:02:45
EVT0003992,CUST002111,MOBILE_APP,View_Balance,2026-05-24 16:56:44
EVT0003993,CUST001075,MOBILE APP,Initiate_Transfer,17-03-2026 04:03
EVT0003994,CUST004444,NET BANKING,LOGOUT,26-01-2026 10:21
EVT0003995,CUST000150,MOBILE_APP,LOGIN,10/04/2026 02:12:40
EVT0003996,CUST003313,NET BANKING,initiate_transfer,27-01-2026 07:04
EVT0003997,CUST002580,MOBILE_APP,LOGIN,12-06-2026 14:21
EVT0003998,CUST001596,NET_BANKING,INITIATE_TRANSFER,06/07/2026 01:42:19
EVT0003999,CUST000170,MOBILE_APP,LOGOUT,22-02-2026 16:19
EVT0004000,CUST001337,MOBILE APP,LOGIN,2026-03-25 21:40:34
EVT0004001,CUST004913,MOBILE APP,VIEW_BALANCE,09/02/2026 05:47:54
EVT0004002,CUST000720,Net_Banking,VIEW_BALANCE,2026-04-16 15:22:36
EVT0004003,CUST001061,Mobile_App,initiate_transfer,2026-06-04 11:11:15
EVT0004004,CUST000739,NET_BANKING,LOGOUT,2026-07-12 01:33:30
EVT0004005,CUST000542,Mobile_App,logout,04/21/2026 11:04 PM
EVT0004006,CUST004965,net_banking,view_balance,24/01/2026 23:27:08
EVT0004007,CUST004655,MOBILE_APP,LOGIN,28-07-2026 05:32
EVT0004008,CUST000930,net_banking,View_Balance,2026-07-25 03:18:59
EVT0004009,CUST001009,net_banking,,20/01/2026 17:06:17
EVT0004010,CUST004393,NET_BANKING,login,2026-07-26 04:34:32
EVT0004011,CUST004504,MOBILE_APP,VIEW_BALANCE,2026-03-12 10:40:30
EVT0004012,CUST001894,Net_Banking,INITIATE_TRANSFER,01/07/2026 09:21:55
EVT0004013,CUST002698,NET_BANKING,login,2026-07-22 01:21:36
EVT0004014,CUST002349,NET BANKING,LOGIN ,2026-05-11 22:15:47
EVT0004015,CUST004691,MOBILE_APP,Logout,
EVT0004016,CUST004756,net_banking,INITIATE_TRANSFER,29-01-2026 23:33
EVT0004017,CUST001663,NET BANKING,LOGOUT,2026-04-08 22:32:32
EVT0004018,CUST002799,mobile_app,View_Balance,2026-06-19 20:42:06
EVT0004019,CUST001496,NET_BANKING,LOGIN,07-07-2026 05:17
EVT0004020,CUST000059,MOBILE_APP,Initiate_Transfer,07-04-2026 13:50
EVT0004021,CUST004923,mobile_app,LOGOUT,25-01-2026 21:07
EVT0004022,CUST001826,MOBILE_APP,login,27-02-2026 13:00
EVT0004023,CUST001150,,VIEW_BALANCE,2026-01-17 10:59:31
EVT0004024,CUST000548,MOBILE_APP,VIEW_BALANCE,27/02/2026 23:09:25
EVT0004025,CUST002096,NET_BANKING,,10-02-2026 03:09
EVT0004026,CUST000601,MOBILE_APP,Login,2026-01-13 01:38:05
EVT0004027,CUST004199,Net_Banking,LOGIN,01-04-2026 13:03
EVT0004028,CUST000838,MOBILE_APP,INITIATE_TRANSFER,20/01/2026 03:08:38
EVT0004029,CUST002424,NET_BANKING,logout,07/06/2026 01:52 PM
EVT0004030,CUST002490,mobile_app,LOGIN,2026-02-27 19:15:15
EVT0004031,CUST002342,NET_BANKING, LOGOUT,2026-02-12 03:16:54
EVT0004032,CUST001706,NET_BANKING,LOGIN ,2026-02-01 03:00:59
EVT0004033,CUST004012,mobile_app,LOGIN,25-06-2026 06:57
EVT0004034,CUST004720,MOBILE_APP,INITIATE_TRANSFER,19-06-2026 06:14
EVT0004035,CUST000975,net_banking,INITIATE_TRANSFER,2026-07-05 18:12:18
EVT0004036,CUST000262,Mobile_App,LOGOUT,2026-04-17 06:59:57
EVT0004037,CUST003330,Mobile_App,View_Balance,2026-06-12 16:33:41
EVT0004038,CUST000708,NET BANKING,View_Balance,07-02-2026 22:44
EVT0004039,CUST001743,MOBILE APP,INITIATE_TRANSFER,03/27/2026 10:44 PM
EVT0004040,CUST001176,Mobile_App,VIEW_BALANCE,07/05/2026 11:39:14
EVT0004041,CUST000736,mobile_app,VIEW_BALANCE,2026-03-06 03:58:56
EVT0004042,CUST003180,MOBILE_APP,LOGIN ,04-03-2026 03:54
EVT0004043,CUST001094,mobile_app,logout,10-03-2026 21:53
EVT0004044,CUST001497,NET_BANKING, LOGOUT,04-04-2026 10:27
EVT0004045,CUST002311,MOBILE_APP,LOGIN ,28/01/2026 01:54:30
EVT0004046,CUST000527,Net_Banking,LOGIN ,2026-07-02 18:01:16
EVT0004047,CUST003469,NET BANKING,VIEW_BALANCE,14-05-2026 15:57
EVT0004048,CUST005025,NET_BANKING,LOGOUT,10-02-2026 05:07
EVT0004049,CUST004830,net_banking,INITIATE_TRANSFER,2026-01-30 01:56:36
EVT0004050,CUST003603,MOBILE APP,LOGOUT,2026-07-30 04:27:44
EVT0004051,CUST003846,NET BANKING,LOGIN,15-07-2026 06:14
EVT0004052,CUST001182,Net_Banking,LOGOUT,2026-05-30 05:57:58
EVT0004053,CUST003624,Mobile_App,logout,04-02-2026 01:31
EVT0004054,CUST004288,MOBILE_APP,VIEW_BALANCE,07/16/2026 02:25 AM
EVT0004055,CUST000085,MOBILE_APP,LOGIN,03-03-2026 07:14
EVT0004056,CUST002371,Mobile_App,Login,11-01-2026 17:13
EVT0004057,CUST003256,NET_BANKING,VIEW_BALANCE,2026-05-26 21:09:18
EVT0004058,CUST001811,net_banking,LOGOUT,2026-03-17 09:50:24
EVT0004059,CUST000609,mobile_app, LOGOUT,11-01-2026 03:03
EVT0004060,CUST002850,mobile_app,Login,01/16/2026 04:30 AM
EVT0004061,CUST001311,net_banking,logout,2026-04-21 23:15:12
EVT0004062,CUST000257,Mobile_App,VIEW_BALANCE,20-04-2026 16:48
EVT0004063,CUST002475,Net_Banking,View_Balance,2026-04-26 21:37:32
EVT0004064,CUST000476,,view_balance,2026-07-07 13:56:52
EVT0004065,CUST003249,,initiate_transfer,29/07/2026 00:50:26
EVT0004066,CUST001943,MOBILE APP,initiate_transfer,2026-07-03 08:54:46
EVT0004067,CUST004595,MOBILE_APP,Initiate_Transfer,2026-01-31 21:05:05
EVT0004068,CUST001086,Net_Banking,login,2026-06-08 15:44:58
EVT0004069,CUST002956,net_banking,LOGIN,29/03/2026 07:57:17
EVT0004070,CUST002374,MOBILE_APP,view_balance,2026-06-08 13:32:41
EVT0004071,CUST005129,Mobile_App,LOGOUT,2026-03-16 19:00:46
EVT0004072,CUST003606,net_banking, LOGOUT,05/12/2026 02:05 AM
EVT0004073,CUST001731,MOBILE_APP,initiate_transfer,2026-07-25 13:02:25
EVT0004074,CUST001679,NET BANKING,INITIATE_TRANSFER,2026-01-26 23:15:09
EVT0004075,CUST001157,Mobile_App,LOGOUT,03/12/2026 05:31 AM
EVT0004076,CUST003306,NET_BANKING,,2026-07-14 22:57:15
EVT0004077,CUST003654,mobile_app,INITIATE_TRANSFER,2026-03-23 14:31:27
EVT0004078,CUST002178,NET BANKING,INITIATE_TRANSFER,04/29/2026 11:20 AM
EVT0004079,CUST000745,MOBILE APP,LOGIN,05/04/2026 14:34:04
EVT0004080,CUST002975,,LOGIN,03/29/2026 05:44 PM
EVT0004081,CUST000397,MOBILE_APP,VIEW_BALANCE,25-02-2026 11:13
EVT0004082,CUST001064,MOBILE_APP,INITIATE_TRANSFER,03-06-2026 08:33
EVT0004083,CUST003013,net_banking,LOGIN,2026-02-10 14:03:58
EVT0004084,CUST004353,MOBILE APP,VIEW_BALANCE,2026-01-07 14:41:26
EVT0004085,CUST001929,net_banking,INITIATE_TRANSFER,2026-04-22 12:12:10
EVT0004086,CUST001207,Mobile_App,view_balance,2026-01-08 01:58:08
EVT0004087,CUST003736,NET BANKING,LOGIN ,2026-04-03 23:01:33
EVT0004088,CUST004639,NET_BANKING,LOGIN,2026-03-21 01:12:52
EVT0004089,CUST001239,MOBILE APP,LOGIN ,06/04/2026 01:40 AM
EVT0004090,CUST002872,mobile_app,initiate_transfer,17-07-2026 23:39
EVT0004091,CUST000795,net_banking,LOGIN,2026-02-16 01:55:37
EVT0004092,CUST001903,net_banking,VIEW_BALANCE,2026-04-19 05:38:43
EVT0004093,CUST004383,Mobile_App,initiate_transfer,2026-06-25 04:12:50
EVT0004094,CUST003766,net_banking,,2026-04-15 05:12:19
EVT0004095,CUST002638,NET_BANKING, LOGOUT,2026-03-20 20:54:31
EVT0004096,CUST001349,net_banking,LOGOUT,2026-02-28 18:44:48
EVT0004097,CUST001599,MOBILE APP,view_balance,2026-03-30 07:52:57
EVT0004098,CUST001744,net_banking,VIEW_BALANCE,03/04/2026 10:00 PM
EVT0004099,CUST005126,NET_BANKING,logout,2026-06-06 09:57:45
EVT0004100,CUST001790,Mobile_App,LOGOUT,2026-04-22 20:45:31
EVT0004101,CUST001569,Net_Banking,Initiate_Transfer,20-05-2026 17:41
EVT0004102,CUST000337,NET_BANKING,login,27-06-2026 00:00
EVT0004103,CUST002253,MOBILE APP,initiate_transfer,2026-07-06 06:48:43
EVT0004104,CUST000982,NET_BANKING,VIEW_BALANCE,2026-07-27 20:17:42
EVT0004105,CUST001890,Net_Banking,LOGOUT,2026-03-08 17:17:35
EVT0004106,CUST003492,net_banking,Login,2026-04-08 04:44:08
EVT0004107,CUST004469,NET_BANKING,initiate_transfer,2026-02-13 17:15:52
EVT0004108,CUST000913,NET BANKING,Initiate_Transfer,2026-03-27 09:50:26
EVT0004109,CUST002444,NET_BANKING,initiate_transfer,24/05/2026 02:12:21
EVT0004110,CUST001205,NET_BANKING,initiate_transfer,2026-05-20 09:50:37
EVT0004111,CUST003182,Mobile_App,LOGIN ,2026-05-06 03:35:40
EVT0004112,CUST004126,MOBILE_APP,View_Balance,03/06/2026 09:11:58
EVT0004113,CUST003367,Net_Banking,login,2026-02-21 11:59:26
EVT0004114,CUST004360,net_banking,Initiate_Transfer,2026-07-28 16:36:52
EVT0004115,CUST003803,Mobile_App,Logout,25-04-2026 11:09
EVT0004116,CUST004874,Mobile_App,INITIATE_TRANSFER,2026-06-18 23:53:58
EVT0004117,CUST001867,NET_BANKING,logout,10-02-2026 06:19
EVT0004118,CUST004343,MOBILE_APP, LOGOUT,07/22/2026 09:36 PM
EVT0004119,CUST004190,Mobile_App,initiate_transfer,2026-05-26 02:48:53
EVT0004120,CUST001482,net_banking,INITIATE_TRANSFER,22-03-2026 13:59
EVT0004121,CUST001801,Mobile_App,VIEW_BALANCE,2026-07-14 13:07:02
EVT0004122,CUST002473,net_banking,VIEW_BALANCE,31-05-2026 21:46
EVT0004123,CUST004243,Mobile_App,LOGIN,12-05-2026 21:08
EVT0004124,CUST001050,Mobile_App,Logout,2026-02-01 11:37:07
EVT0004125,CUST003776,mobile_app,Logout,2026-03-27 03:58:43
EVT0004126,CUST000029,Mobile_App,LOGIN,2026-01-13 04:50:16
EVT0004127,CUST003196,MOBILE_APP,login,2026-03-22 08:47:32
EVT0004128,CUST003473,Mobile_App,LOGOUT,2026-06-20 23:44:01
EVT0004129,CUST002031,MOBILE_APP,INITIATE_TRANSFER,2026-03-08 17:06:25
EVT0004130,CUST000873,MOBILE APP,LOGOUT,28-03-2026 18:46
EVT0004131,CUST001641,NET BANKING,Initiate_Transfer,26-01-2026 17:44
EVT0004132,CUST004160,NET BANKING,Initiate_Transfer,2026-05-07 14:20:40
EVT0004133,CUST001841,mobile_app,LOGOUT,2026-01-29 06:11:49
EVT0004134,CUST003600,Mobile_App,initiate_transfer,31-01-2026 03:06
EVT0004135,CUST000935,MOBILE APP,LOGOUT,07/15/2026 10:18 AM
EVT0004136,CUST001116,NET BANKING,VIEW_BALANCE,2026-07-22 05:25:31
EVT0004137,CUST004355,MOBILE_APP,View_Balance,04/18/2026 09:58 PM
EVT0004138,CUST000040,NET BANKING,LOGIN ,2026-02-11 02:03:37
EVT0004139,CUST003976,NET_BANKING,LOGIN,2026-05-07 21:07:28
EVT0004140,CUST000960,mobile_app,VIEW_BALANCE,2026-06-14 19:17:19
EVT0004141,CUST001069,mobile_app,login,2026-01-23 03:16:23
EVT0004142,CUST004288,MOBILE_APP,LOGIN,2026-02-26 14:39:46
EVT0004143,CUST001306,NET_BANKING,View_Balance,2026-06-12 18:14:44
EVT0004144,CUST003324,mobile_app,INITIATE_TRANSFER,13/07/2026 15:20:00
EVT0004145,CUST004413,NET_BANKING,login,2026-04-10 11:03:18
EVT0004146,CUST001270,NET_BANKING,,
EVT0004147,CUST004767,NET_BANKING,View_Balance,2026-07-12 11:31:49
EVT0004148,CUST000043,MOBILE APP,logout,2026-01-06 20:39:28
EVT0004149,CUST000633,NET_BANKING,VIEW_BALANCE,2026-06-23 08:24:52
EVT0004150,CUST005059,NET_BANKING,LOGIN ,18/07/2026 19:29:36
EVT0004151,CUST005196,NET BANKING,LOGIN,24-06-2026 09:09
EVT0004152,CUST004950,MOBILE_APP,logout,2026-07-31 13:33:40
EVT0004153,CUST004289,,VIEW_BALANCE,2026-01-29 17:13:05
EVT0004154,CUST001983,net_banking,VIEW_BALANCE,2026-07-12 23:39:23
EVT0004155,CUST001920,MOBILE_APP,view_balance,23-02-2026 22:01
EVT0004156,CUST000904,MOBILE_APP,LOGOUT,2026-07-30 23:59:00
EVT0004157,CUST003465,MOBILE_APP,view_balance,03-05-2026 10:11
EVT0004158,CUST002789,NET BANKING,INITIATE_TRANSFER,2026-07-28 23:38:53
EVT0004159,CUST000886,MOBILE_APP,VIEW_BALANCE,2026-07-17 18:23:18
EVT0004160,CUST000336,Mobile_App,INITIATE_TRANSFER,2026-02-12 02:10:15
EVT0004161,CUST003476,NET_BANKING,view_balance,06-01-2026 12:54
EVT0004162,CUST004322,NET_BANKING,initiate_transfer,2026-05-09 22:46:24
EVT0004163,CUST001677,NET_BANKING,Logout,03/01/2026 14:20:21
EVT0004164,CUST002199,mobile_app,VIEW_BALANCE,24-06-2026 17:08
EVT0004165,CUST001349,MOBILE_APP,Logout,15/01/2026 20:28:38
EVT0004166,CUST001141,Net_Banking,view_balance,2026-02-27 10:38:31
EVT0004167,CUST000753,Net_Banking,Login,2026-07-10 19:12:43
EVT0004168,CUST000263,mobile_app,VIEW_BALANCE,02-01-2026 15:31
EVT0004169,CUST001340,NET_BANKING,view_balance,28-03-2026 17:59
EVT0004170,CUST002624,MOBILE APP,,2026-06-03 03:17:16
EVT0004171,CUST003711,MOBILE_APP,LOGOUT,29-07-2026 00:08
EVT0004172,CUST002512,net_banking,VIEW_BALANCE,22-02-2026 10:19
EVT0004173,CUST004898,MOBILE APP, LOGOUT,2026-05-11 13:01:19
EVT0004174,CUST001094,Net_Banking,View_Balance,2026-01-29 06:22:41
EVT0004175,CUST003169,MOBILE APP,View_Balance,07-07-2026 21:05
EVT0004176,CUST000561,NET BANKING,VIEW_BALANCE,2026-06-18 02:19:27
EVT0004177,CUST001713,Net_Banking, LOGOUT,2026-02-26 09:36:57
EVT0004178,CUST004932,NET_BANKING,LOGOUT,2026-03-20 13:22:59
EVT0004179,CUST000558,MOBILE_APP,VIEW_BALANCE,01-04-2026 05:09
EVT0004180,CUST000635,Mobile_App,login,15-02-2026 11:41
EVT0004181,CUST001561,MOBILE_APP,LOGIN,2026-05-24 08:06:12
EVT0004182,CUST003997,NET_BANKING,INITIATE_TRANSFER,2026-01-14 10:12:34
EVT0004183,CUST003486,MOBILE_APP, LOGOUT,2026-02-11 07:46:11
EVT0004184,CUST004875,mobile_app,initiate_transfer,2026-04-06 06:00:42
EVT0004185,CUST003363,NET_BANKING,view_balance,02/12/2026 12:50 AM
EVT0004186,CUST002752,Mobile_App,View_Balance,25/01/2026 01:31:42
EVT0004187,CUST004344,Mobile_App,Login,18-01-2026 07:07
EVT0004188,CUST002739,MOBILE_APP,LOGOUT,2026-02-08 04:13:01
EVT0004189,CUST001651,MOBILE APP,LOGIN ,2026-01-25 03:52:03
EVT0004190,CUST001138,MOBILE_APP,Initiate_Transfer,2026-01-08 08:32:03
EVT0004191,CUST001721,MOBILE_APP,view_balance,2026-03-07 17:05:14
EVT0004192,CUST001080,MOBILE APP,LOGOUT,10/02/2026 20:22:57
EVT0004193,CUST004931,Net_Banking, LOGOUT,2026-05-21 11:59:00
EVT0004194,CUST000852,MOBILE_APP,logout,2026-02-11 03:46:59
EVT0004195,CUST003756,mobile_app,Login,03/01/2026 01:47 AM
EVT0004196,CUST003260,NET BANKING,LOGIN,29-06-2026 14:13
EVT0004197,CUST000346,Mobile_App,login,2026-05-21 23:49:38
EVT0004198,CUST001796,MOBILE APP,login,30-06-2026 06:11
EVT0004199,CUST000894,MOBILE_APP,LOGIN,21/03/2026 21:48:16
EVT0004200,CUST004040,NET_BANKING,VIEW_BALANCE,2026-07-19 23:37:35
EVT0004201,CUST002512,NET BANKING,INITIATE_TRANSFER,18-01-2026 04:50
EVT0004202,CUST003070,NET_BANKING,LOGOUT,16-07-2026 03:22
EVT0004203,CUST004489,MOBILE_APP,LOGIN,2026-06-21 05:16:47
EVT0004204,CUST005160,MOBILE_APP,view_balance,2026-03-19 10:06:09
EVT0004205,CUST001706,MOBILE_APP,INITIATE_TRANSFER,2026-01-18 14:59:50
EVT0004206,CUST000565,MOBILE_APP,Login,2026-05-22 09:53:31
EVT0004207,CUST001658,MOBILE APP,login,2026-02-28 07:04:20
EVT0004208,CUST004725,net_banking,INITIATE_TRANSFER,2026-07-11 03:26:43
EVT0004209,CUST005125,MOBILE APP,LOGOUT,2026-05-27 07:09:57
EVT0004210,CUST001395,net_banking,login,2026-07-21 23:15:41
EVT0004211,CUST004277,mobile_app,Logout,2026-05-23 22:48:59
EVT0004212,CUST000528,NET_BANKING,VIEW_BALANCE,02-03-2026 12:07
EVT0004213,CUST005130,mobile_app,LOGOUT,05/02/2026 04:24 PM
EVT0004214,CUST002468,MOBILE_APP,login,2026-06-15 06:45:21
EVT0004215,CUST001580,Net_Banking,Initiate_Transfer,28-07-2026 07:57
EVT0004216,CUST003615,mobile_app,VIEW_BALANCE,2026-03-02 12:18:36
EVT0004217,CUST002043,MOBILE APP,logout,2026-06-24 00:50:18
EVT0004218,CUST002531,mobile_app,VIEW_BALANCE,2026-03-24 07:40:13
EVT0004219,CUST002293,NET BANKING,initiate_transfer,2026-06-28 12:02:46
EVT0004220,CUST003565,mobile_app,view_balance,25-05-2026 17:56
EVT0004221,CUST001951,net_banking,login,2026-05-20 22:12:21
EVT0004222,CUST002060,NET BANKING, LOGOUT,01-01-2026 14:12
EVT0004223,CUST002116,NET_BANKING,view_balance,2026-01-12 23:51:30
EVT0004224,CUST000263,Net_Banking,logout,2026-06-10 16:15:29
EVT0004225,CUST002508,MOBILE_APP,logout,2026-07-21 21:53:29
EVT0004226,CUST003501,net_banking,initiate_transfer,23-06-2026 07:42
EVT0004227,CUST000579,Mobile_App,INITIATE_TRANSFER,09-06-2026 02:44
EVT0004228,CUST003921,MOBILE APP,View_Balance,2026-02-21 23:32:53
EVT0004229,CUST005005,NET BANKING,Logout,2026-07-12 07:36:08
EVT0004230,CUST000992,MOBILE_APP,VIEW_BALANCE,13-05-2026 11:35
EVT0004231,CUST004879,net_banking,INITIATE_TRANSFER,17-03-2026 22:41
EVT0004232,CUST002956,Net_Banking,INITIATE_TRANSFER,03/01/2026 14:52:10
EVT0004233,CUST001480,NET_BANKING,Login,2026-03-05 00:37:57
EVT0004234,CUST001686,MOBILE_APP,VIEW_BALANCE,2026-07-01 00:04:09
EVT0004235,CUST000196,MOBILE_APP, LOGOUT,2026-02-18 14:23:53
EVT0004236,CUST000298,MOBILE_APP,LOGIN ,2026-03-03 01:55:44
EVT0004237,CUST002988,NET_BANKING,logout,2026-06-16 09:02:06
EVT0004238,CUST002108,NET_BANKING,INITIATE_TRANSFER,2026-04-10 08:48:06
EVT0004239,CUST002339,MOBILE_APP, LOGOUT,
EVT0004240,CUST002993,Mobile_App,view_balance,25-07-2026 18:45
EVT0004241,CUST001583,MOBILE_APP,LOGIN,01/22/2026 10:19 AM
EVT0004242,CUST003398,NET_BANKING,login,27-04-2026 12:38
EVT0004243,CUST000972,mobile_app,INITIATE_TRANSFER,05-07-2026 00:14
EVT0004244,CUST003566,NET BANKING,login,2026-03-29 06:08:00
EVT0004245,CUST003947,NET_BANKING,View_Balance,28/05/2026 16:35:20
EVT0004246,CUST000024,Net_Banking,Initiate_Transfer,2026-02-04 05:32:10
EVT0004247,CUST004540,MOBILE APP,INITIATE_TRANSFER,2026-01-09 14:59:29
EVT0004248,CUST000730,NET BANKING,view_balance,23-01-2026 18:20
EVT0004249,CUST003078,Mobile_App,View_Balance,2026-05-22 15:51:44
EVT0004250,CUST003389,mobile_app,VIEW_BALANCE,2026-07-14 05:08:06
EVT0004251,CUST003661,net_banking,login,29/04/2026 08:23:53
EVT0004252,CUST001628,Mobile_App,VIEW_BALANCE,2026-02-11 02:27:51
EVT0004253,CUST004582,Net_Banking,INITIATE_TRANSFER,2026-03-26 10:19:31
EVT0004254,CUST001522,MOBILE_APP,VIEW_BALANCE,2026-01-15 23:12:49
EVT0004255,CUST005199,NET_BANKING,VIEW_BALANCE,05-02-2026 13:17
EVT0004256,CUST001155,MOBILE_APP,LOGIN,2026-07-01 11:47:49
EVT0004257,CUST003947,NET_BANKING,initiate_transfer,17-02-2026 10:56
EVT0004258,CUST004310,NET BANKING,INITIATE_TRANSFER,08-07-2026 04:54
EVT0004259,CUST003447,MOBILE APP,View_Balance,08/03/2026 13:23:35
EVT0004260,CUST001330,MOBILE_APP, LOGOUT,19-06-2026 17:06
EVT0004261,CUST003113,mobile_app,VIEW_BALANCE,2026-07-12 10:26:10
EVT0004262,CUST001066,NET BANKING,INITIATE_TRANSFER,2026-06-20 11:31:25
EVT0004263,CUST004088,NET_BANKING,initiate_transfer,2026-01-15 03:29:08
EVT0004264,CUST004471,Net_Banking,LOGIN,2026-05-02 04:21:36
EVT0004265,CUST002185,MOBILE_APP,login,2026-07-27 07:47:35
EVT0004266,CUST000174,NET_BANKING,LOGOUT,2026-05-18 20:30:43
EVT0004267,CUST003171,MOBILE APP,initiate_transfer,09-06-2026 14:13
EVT0004268,CUST004376,net_banking,Login,2026-05-19 23:39:54
EVT0004269,CUST001112,mobile_app,View_Balance,27/05/2026 15:08:14
EVT0004270,CUST001620,Mobile_App,INITIATE_TRANSFER,2026-02-15 18:17:43
EVT0004271,CUST000265,MOBILE_APP,LOGIN,2026-06-18 23:56:08
EVT0004272,CUST000421,mobile_app,Login,27-02-2026 06:22
EVT0004273,CUST003568,net_banking,Login,26-01-2026 00:01
EVT0004274,CUST000387,NET_BANKING,initiate_transfer,08-05-2026 06:22
EVT0004275,CUST001760,mobile_app,LOGIN,2026-07-30 09:36:47
EVT0004276,CUST002301,MOBILE APP,Initiate_Transfer,30-04-2026 09:36
EVT0004277,CUST005117,net_banking,VIEW_BALANCE,2026-03-13 02:14:09
EVT0004278,CUST000154,NET BANKING,logout,2026-05-16 16:05:27
EVT0004279,CUST002597,net_banking,INITIATE_TRANSFER,14-04-2026 22:35
EVT0004280,CUST000082,NET BANKING,Initiate_Transfer,2026-01-25 04:04:58
EVT0004281,CUST002849,MOBILE APP,login,2026-02-23 08:02:38
EVT0004282,CUST001585,MOBILE_APP,Login,2026-07-09 06:38:56
EVT0004283,CUST003975,MOBILE_APP,Initiate_Transfer,2026-02-20 01:36:30
EVT0004284,CUST001858,NET BANKING,LOGIN,2026-03-02 08:24:46
EVT0004285,CUST004920,Mobile_App,logout,07-05-2026 21:57
EVT0004286,CUST003198,mobile_app,Initiate_Transfer,2026-06-15 22:59:30
EVT0004287,CUST000154,mobile_app,LOGOUT,2026-02-25 10:08:25
EVT0004288,CUST001795,Mobile_App,LOGIN,2026-01-01 04:16:07
EVT0004289,CUST002900,Mobile_App,login,2026-02-27 12:57:44
EVT0004290,CUST004353,Net_Banking,Logout,2026-06-06 13:16:18
EVT0004291,CUST001347,NET BANKING,login,2026-03-23 09:30:05
EVT0004292,CUST002453,NET_BANKING,login,23-02-2026 12:22
EVT0004293,CUST004356,mobile_app,initiate_transfer,13-03-2026 09:36
EVT0004294,CUST004612,Net_Banking,login,12-04-2026 18:44
EVT0004295,CUST004871,MOBILE_APP,Logout,06/07/2026 15:37:06
EVT0004296,CUST001045,Mobile_App,LOGIN,24-03-2026 11:11
EVT0004297,CUST003168,NET_BANKING,VIEW_BALANCE,2026-06-29 09:48:21
EVT0004298,CUST000209,Mobile_App,LOGIN,16/07/2026 17:46:45
EVT0004299,CUST002111,Net_Banking,view_balance,25-07-2026 08:17
EVT0004300,CUST000728,net_banking,Logout,2026-05-29 08:53:02
