customer_id,age_group,region,branch_code,registration_date
CUST000001,18-25,South,BR0014,13-12-2016
CUST000002,18-25,N,BR0084,27-01-2025
CUST000003,18-25,east,BR0098,2017-03-03
CUST000004,41-60,NORTH ,BR0038,10-02-2023
CUST000005,18 - 25,EAST,BR0111,2023-03-08
CUST000006,41 - 60,N,BR0069,2023-07-06
CUST000007,26 - 40,North,BR0104,09/25/2019
CUST000008,41-60, WEST ,BR0018,22-11-2020
CUST000009,60+,S,BR0097,03/08/2018
CUST000010,18_25,W,BR0071,27-07-2017
CUST000011,41 - 60,EAST ,BR0001,11/27/2020
CUST000012,18 - 25,South,BR0021,05-01-2015
CUST000013,18-25,East,BR0113,25/11/2025
CUST000014,26-40,south,BR0078,06-07-2019
CUST000015,41_60,WEST,BR0009,
CUST000016,18-25,north,BR0031,19-12-2017
CUST000017,60+,West,BR0085,22/06/2025
CUST000018,18-25,EAST,BR0025,2019-02-12
CUST000019,18_25,NORTH,BR0070,2020-04-20
CUST000020,26_40,,BR0050,2025-03-16
CUST000021,60+,SOUTH,BR0070,15-02-2016
CUST000022,26-40,North,BR0009,09/09/2017
CUST000023, 18-25 ,east,BR0092,08-12-2017
CUST000024,,NORTH,BR0065,17/07/2016
CUST000025,26_40,E,br0104,09/18/2021
CUST000026,26-40,N,BR0037,26-07-2019
CUST000027,60+,NORTH,br0107,07-12-2017
CUST000028, 60+,NORTH,BR0114,23/10/2015
CUST000029,26_40,east,BR0102,2023-01-10
CUST000030,18-25,W,BR0119,21/12/2018
CUST000031,41_60,south,BR0090,2025-07-22
CUST000032,60+,South,BR0025,07/22/2016
CUST000033,60 +,EAST,BR0034,2020-12-14
CUST000034,41 - 60,W,BR0015,2020-09-17
CUST000035,26-40,E,BR0109,2026-05-17
CUST000036,60 +,South,BR0049,2021-10-01
CUST000037,41-60,EAST ,BR0087,22-10-2018
CUST000038,41-60,south,BR0026,28-08-2025
CUST000039,60_plus, SOUTH,BR0032,23/05/2017
CUST000040,60+,NORTH ,BR0060,02/12/2022
CUST000041, 60+, SOUTH,BR0097,13-11-2025
CUST000042,18 - 25,east,BR0070,04-08-2023
CUST000043,18_25, WEST ,BR0107,10/06/2015
CUST000044,,east,BR0110,2019-12-12
CUST000045,60+,West,BR0118,08/09/2015
CUST000046,18-25, SOUTH,BR0034,2022-05-01
CUST000047,41_60,,BR0070,11-01-2020
CUST000048,18-25,SOUTH,BR0031,2019-11-21
CUST000049,41-60,North,BR0014,2023-06-02
CUST000050, 18-25 ,SOUTH,BR0039,18/09/2017
CUST000051,18-25,EAST,,03/06/2024
CUST000052,41 - 60,West,BR0094,2025-11-04
CUST000053,41-60,north,BR0032,2023-07-02
CUST000054,41-60,east,BR0113,2015-03-25
CUST000055,26 - 40, SOUTH,BR0063,2021-08-07
CUST000056,41 - 60,W,BR0055,22-11-2022
CUST000057,41-60,south,BR0069,2019-04-19
CUST000058,41-60,East,,2017-11-02
CUST000059,41 - 60,WEST,BR0074,2022-08-23
CUST000060,60+, WEST ,BR0081,2021-10-25
CUST000061, 60+,S,BR0117,2024-08-13
CUST000062,18-25,EAST,BR0023,2024-02-29
CUST000063,41-60,EAST ,BR0030,2019-06-09
CUST000064,26-40,NORTH,BR0040,2021-06-22
CUST000065,41 - 60,E,BR0057,09-09-2024
CUST000066,18-25,north,BR0098,12/01/2024
CUST000067,60 +,NORTH ,BR0043,2018-08-10
CUST000068,41 - 60,NORTH ,BR0033,25/01/2024
CUST000069,18 - 25, WEST ,BR0067,30/11/2024
CUST000070,26-40,WEST,BR0081,2018-07-21
CUST000071,60+,NORTH ,BR0083,2021-07-18
CUST000072,60_plus, SOUTH,BR0077,2016-07-25
CUST000073,60+,EAST,BR0039,25/12/2025
CUST000074,60+, WEST ,BR0112,2023-08-04
CUST000075,18-25, WEST ,BR0102,02/09/2026
CUST000076,41-60,WEST,BR0059,2018-06-18
CUST000077,41-60,WEST,BR0110,07-02-2022
CUST000078, 60+,North,BR0118,2017-01-10
CUST000079,18_25,EAST,BR0102,2024-08-29
CUST000080,26-40,W,BR0064,05-05-2025
CUST000081,18_25,SOUTH,BR0045,07-07-2024
CUST000082,41-60,WEST,BR0074,2021-08-15
CUST000083,,N,BR0107,29-02-2020
CUST000084, 26-40,SOUTH,BR0083,01-10-2015
CUST000085,18-25,West,BR0101,04/03/2026
CUST000086,41_60,east,BR0060,23/01/2020
CUST000087, 60+,WEST,BR0016,17-11-2020
CUST000088,41-60,WEST,BR0072,01-06-2016
CUST000089,41 - 60,SOUTH,BR0039,07/04/2020
CUST000090,60+,W,BR0020,22-12-2025
CUST000091,41-60, SOUTH,BR0031,2023-03-29
CUST000092,41-60,SOUTH,BR0106,2015-06-24
CUST000093, 26-40,S,BR0112,2015-01-24
CUST000094, 26-40,SOUTH,BR0004,03-05-2020
CUST000095,41-60,W,BR0009,06-07-2026
CUST000096, 26-40,EAST ,BR0004,2024-01-04
CUST000097,60+,E,BR0017,2022-04-17
CUST000098,41_60,WEST,BR0015,2019-10-28
CUST000099,60+, WEST ,BR0041,05/25/2023
CUST000100,60+,NORTH,BR0096,06-05-2016
CUST000101,41 - 60,EAST ,BR0093,2022-01-03
CUST000102,26-40,SOUTH,BR0072,27/01/2020
CUST000103, 18-25 ,EAST,BR0090,2022-11-15
CUST000104,60+,NORTH,BR0028,2018-07-13
CUST000105,18-25,NORTH,BR0085,2024-04-15
CUST000106,18-25,E,BR0086,2016-03-24
CUST000107,26-40,east,BR0064,2023-07-12
CUST000108,41-60,,BR0118,17-08-2024
CUST000109,60+,north,BR0080,2023-02-12
CUST000110,26_40,NORTH ,BR0096,2018-10-09
CUST000111,26-40,South,BR0033,2016-09-09
CUST000112,60_plus,W,BR0080,2022-02-02
CUST000113,60 +,E,BR0065,2015-11-05
CUST000114,18 - 25,N,BR0050,2015-12-03
CUST000115,26-40,SOUTH,BR0104,2016-11-21
CUST000116,26 - 40,W,BR0021,2023-09-09
CUST000117,18 - 25,north,BR0087,2018-05-16
CUST000118,26-40,West,BR0011,14/05/2022
CUST000119,18 - 25,EAST,BR0024,2025-11-27
CUST000120,26-40,N,BR0107,21/07/2022
CUST000121,60+, SOUTH,BR0047,17-12-2024
CUST000122,60+,EAST ,BR0025,2024-11-18
CUST000123, 60+,South,BR0018,11/10/2025
CUST000124,18 - 25,north,BR0021,22/04/2018
CUST000125,26_40,NORTH ,BR0065,2016-10-30
CUST000126,18 - 25,South,BR0118,10/02/2018
CUST000127,,South,BR0094,2021-06-18
CUST000128,26_40,WEST,BR0116,23-07-2026
CUST000129,,East,BR0024,2023-02-02
CUST000130,18_25,NORTH ,BR0033,2016-07-07
CUST000131, 18-25 ,East,BR0070,06/03/2025
CUST000132,26-40,WEST,BR0006,01/29/2022
CUST000133,60+,south,BR0100,2021-02-16
CUST000134,60 +,west,BR0064,24/12/2020
CUST000135,18_25,S,BR0014,2021-11-15
CUST000136,26 - 40,WEST,BR0117,27-02-2021
CUST000137,18-25,west,BR0096,15/03/2018
CUST000138,60+,south,BR0073,02/02/2025
CUST000139, 18-25 ,EAST ,BR0036,2019-03-05
CUST000140,18-25,West,BR0037,2019-06-28
CUST000141,60+,WEST,BR0109,2016-06-15
CUST000142,41-60,south,BR0016,23/04/2020
CUST000143,41_60,S,BR0009,2025-09-26
CUST000144,18-25,NORTH ,BR0067,30/01/2019
CUST000145,18-25,East,BR0120,15/05/2021
CUST000146,41-60,N,BR0076,28/07/2022
CUST000147,18-25,East,BR0054,30-06-2021
CUST000148,26 - 40,WEST,BR0021,2019-07-30
CUST000149,41 - 60,EAST ,BR0048,2020-06-03
CUST000150,26-40,EAST ,BR0054,01/08/2018
CUST000151,41-60,W,BR0113,2023-10-27
CUST000152, 26-40,north,BR0113,2021-05-29
CUST000153,60+,EAST ,BR0052,17-02-2023
CUST000154, 60+,North,BR0051,15/03/2023
CUST000155, 60+,North,BR0103,2026-07-25
CUST000156,41-60,E,BR0107,2021-09-21
CUST000157,41 - 60,W,BR0116,07-08-2015
CUST000158,26 - 40,West,BR0093,25/04/2018
CUST000159,,EAST ,BR0089,30/07/2025
CUST000160,18 - 25,S,BR0085,2018-11-19
CUST000161,41 - 60,E,BR0032,04/09/2021
CUST000162,60+,east,BR0087,07/11/2023
CUST000163,26-40,north,BR0084,14/07/2019
CUST000164,41-60,South,BR0116,2016-03-06
CUST000165,60+,SOUTH,BR0119,2025-09-01
CUST000166,41-60,NORTH,BR0030,11/02/2015
CUST000167,26-40, WEST ,BR0096,2015-11-03
CUST000168,18-25,West,BR0060,2022-06-01
CUST000169,41 - 60,east,BR0097,04/02/2024
CUST000170,18_25,South,BR0120,2020-04-13
CUST000171,41-60,north,BR0089,2025-06-09
CUST000172,41 - 60,east,BR0029,16-03-2025
CUST000173,60 +,W,BR0106,2016-11-01
CUST000174,41-60,NORTH,BR0116,2018-05-12
CUST000175,60+,WEST,BR0058,2026-07-06
CUST000176,60 +,NORTH ,BR0001,2016-01-07
CUST000177,18-25,WEST,BR0024,2024-06-05
CUST000178,60_plus,south,BR0069,30/12/2019
CUST000179,41_60,W,BR0030,2021-03-08
CUST000180,18-25,W,BR0114,2016-07-05
CUST000181,18-25, WEST ,BR0028,2018-02-21
CUST000182,41-60 ,East,BR0019,2024-04-10
CUST000183,26 - 40,WEST,BR0083,24-02-2022
CUST000184,41_60,West,BR0039,05/21/2025
CUST000185, 60+,West,BR0043,2023-04-28
CUST000186,26-40,NORTH,BR0098,2019-11-13
CUST000187,41-60,North,BR0095,09/28/2025
CUST000188,26_40,east,BR0069,2023-01-25
CUST000189,18 - 25,East,BR0053,2018-04-10
CUST000190,60+,East,BR0107,2022-07-28
CUST000191,60_plus,East,BR0070,2016-04-26
CUST000192,18 - 25,NORTH ,BR0081,2015-03-16
CUST000193, 18-25 ,,BR0069,2021-02-28
CUST000194,60+,N,BR0025,2022-12-13
CUST000195,41_60,South,BR0106,2015-09-17
CUST000196,60+,SOUTH,BR0056,20/02/2017
CUST000197,26-40,west,BR0010,2015-09-27
CUST000198,18-25,WEST,BR0073,23-09-2023
CUST000199,60 +,N,BR0045,2016-09-14
CUST000200,60+,EAST ,BR0046,02-03-2019
CUST000201, 18-25 ,SOUTH,BR0020,17-06-2018
CUST000202,,EAST ,BR0035,2024-08-31
CUST000203,60+,E,BR0077,2015-04-12
CUST000204,18 - 25,S,BR0088,2021-10-02
CUST000205,26_40,EAST ,BR0047,13-02-2026
CUST000206,18-25,west,BR0049,2022-07-05
CUST000207,26-40, SOUTH,BR0051,01/05/2026
CUST000208,41_60,west,BR0073,13-01-2019
CUST000209,60 +,EAST,BR0102,14-02-2018
CUST000210,26 - 40,WEST,BR0077,05/13/2026
CUST000211, 60+,E,BR0118,2022-12-18
CUST000212,60+,,BR0034,2019-12-16
CUST000213,26-40,WEST,BR0118,2018-03-06
CUST000214, 26-40,WEST,BR0090,02/01/2016
CUST000215,41 - 60,South,BR0071,2025-05-13
CUST000216,26-40, WEST ,BR0079,2024-08-19
CUST000217,26-40,N,BR0112,2019-06-03
CUST000218, 60+,E,BR0051,08-04-2025
CUST000219,41-60 ,south,BR0040,2018-03-04
CUST000220, 26-40, SOUTH,BR0089,20-11-2018
CUST000221,26-40,W,BR0046,18/05/2019
CUST000222,60_plus, WEST ,BR0011,2019-12-12
CUST000223,41-60,W,BR0074,2023-03-25
CUST000224, 60+,WEST,BR0084,2015-09-22
CUST000225,18_25,North,BR0095,2024-08-08
CUST000226,26-40,E,BR0069,2021-07-25
CUST000227,18-25,WEST,BR0111,2017-12-23
CUST000228,26 - 40,S,BR0081,2017-02-01
CUST000229,41_60,,BR0100,13-04-2025
CUST000230, 18-25 ,West,BR0042,05-12-2017
CUST000231,41 - 60,NORTH,BR0108,
CUST000232,60+,south,BR0120,2023-01-31
CUST000233,26-40,East,br0012,2025-09-11
CUST000234,,EAST,BR0055,2020-02-19
CUST000235,18-25,East,BR0105,2018-03-16
CUST000236,26_40,South,BR0079,11/12/2016
CUST000237, 18-25 ,EAST ,BR0018,25-07-2020
CUST000238,41 - 60,East,BR0066,23/03/2016
CUST000239,26_40, SOUTH,BR0010,02/06/2023
CUST000240,60+, SOUTH,BR0099,2015-04-23
CUST000241,18_25, WEST ,BR0011,2018-06-04
CUST000242,26-40,W,BR0107,15-12-2021
CUST000243,26-40,WEST,BR0078,2018-12-09
CUST000244,18-25,E,BR0106,05-11-2017
CUST000245,18-25,west,BR0034,2016-09-23
CUST000246,18_25,south,BR0099,2017-08-02
CUST000247,18-25,west,BR0020,17-10-2015
CUST000248,60+,west,BR0010,2016-03-07
CUST000249,18_25,west,BR0040,2015-03-07
CUST000250,41 - 60,west,BR0064,2020-07-01
CUST000251,18-25,,BR0085,2021-11-24
CUST000252,26_40,North,BR0012,06-04-2024
CUST000253, 18-25 , SOUTH,BR0073,2017-12-06
CUST000254,41_60,east,BR0030,2017-06-11
CUST000255,60+,East,BR0060,15/07/2018
CUST000256,18-25,East,BR0032,06-02-2016
CUST000257,26-40,W,BR0032,2018-02-19
CUST000258,26-40,west,BR0083,2016-09-06
CUST000259,60+,EAST,BR0060,18/09/2024
CUST000260,18_25,south,BR0024,2018-05-02
CUST000261,26 - 40,W,BR0012,22-06-2019
CUST000262,26 - 40,NORTH ,BR0046,09/19/2022
CUST000263,60+,E,BR0115,2025-07-31
CUST000264,26-40,south,BR0102,03-12-2019
CUST000265,60+,South,BR0041,20-08-2015
CUST000266, 26-40,W,BR0063,2019-11-28
CUST000267,41-60 ,south,BR0118,2016-05-02
CUST000268,26-40,EAST,BR0085,2021-10-08
CUST000269,60 +,East,BR0072,2023-01-02
CUST000270,26_40,East,BR0001,13/10/2023
CUST000271,18-25,S,BR0064,2020-05-03
CUST000272,18 - 25,,BR0027,03/10/2020
CUST000273,18_25,West,BR0064,2023-06-02
CUST000274,26-40,north,BR0034,25/10/2018
CUST000275, 18-25 ,north,BR0079,09/03/2024
CUST000276,60+,East,BR0053,13-12-2020
CUST000277,18-25,West,BR0001,2025-10-09
CUST000278,26 - 40,NORTH ,BR0040,2020-12-10
CUST000279,26-40,East,BR0034,09-01-2021
CUST000280,18-25,W,BR0008,05/22/2024
CUST000281, 60+,west,BR0116,2018-04-22
CUST000282,26-40,South,BR0011,26/04/2018
CUST000283,18-25,W,BR0036,12/04/2015
CUST000284,60+,S,BR0098,15-05-2017
CUST000285,41-60 ,west,BR0063,2018-11-11
CUST000286,60+,East,BR0061,2015-06-15
CUST000287,41-60,North,BR0096,16-01-2021
CUST000288,18-25, WEST ,BR0112,2018-07-26
CUST000289,60+,North,BR0107,2015-09-28
CUST000290,26-40,W,BR0119,2023-05-10
CUST000291, 60+,East,BR0034,2021-05-24
CUST000292,26-40,south,BR0066,2015-03-14
CUST000293, 26-40,south,BR0040,2021-03-05
CUST000294,41_60,west,BR0106,2015-03-02
CUST000295,41-60 ,east,BR0062,17/04/2022
CUST000296,41-60,SOUTH,BR0103,03-03-2022
CUST000297,60+, WEST ,BR0005,2019-04-05
CUST000298,60 +,East,BR0113,2025-07-23
CUST000299,26 - 40,North,BR0096,2022-06-07
CUST000300,60+,NORTH ,BR0065,2021-09-10
CUST000301,26-40,EAST ,BR0115,04/02/2022
CUST000302,18_25,south,BR0001,13-10-2018
CUST000303,18-25, WEST ,BR0062,22-06-2019
CUST000304,41-60 ,North,BR0113,2023-08-09
CUST000305,18-25,EAST ,BR0077,2018-01-01
CUST000306,41-60,WEST,BR0094,29-06-2015
CUST000307,41 - 60,NORTH ,BR0033,28-01-2016
CUST000308,18-25, WEST ,BR0071,11-08-2019
CUST000309,41_60,E,BR0018,22-06-2026
CUST000310,18-25,south,BR0026,2018-08-06
CUST000311,26 - 40,,BR0086,2026-01-30
CUST000312,18 - 25,East,BR0038,02/12/2018
CUST000313,41 - 60,NORTH,BR0114,2018-10-28
CUST000314,41 - 60,East,BR0052,26-08-2023
CUST000315,60 +,SOUTH,BR0093,2018-07-29
CUST000316, 60+,S,BR0046,2017-12-06
CUST000317,60_plus,,BR0112,01/09/2020
CUST000318,41-60 ,NORTH ,BR0032,2023-08-19
CUST000319,18-25,S,BR0110,2026-01-10
CUST000320,41-60, WEST ,BR0011,2025-01-18
CUST000321,41-60,NORTH,br0005,14/01/2017
CUST000322,41-60 ,west,BR0007,12-06-2022
CUST000323,60 +,WEST,BR0085,2021-07-19
CUST000324,18-25,West,BR0096,2019-05-24
CUST000325,60+,south,BR0054,06/10/2017
CUST000326,,N,BR0108,22-12-2018
CUST000327,26-40,E,BR0054,2020-07-26
CUST000328,41_60, SOUTH,BR0114,15-01-2022
CUST000329,26-40,east,BR0017,2018-12-27
CUST000330,41 - 60,E,BR0074,31/05/2021
CUST000331, 18-25 ,West,BR0008,08/11/2018
CUST000332,26-40,East,BR0005,12-01-2020
CUST000333, 26-40,EAST,BR0050,01/05/2022
CUST000334,41-60,West,BR0091,29/05/2019
CUST000335,41_60,North,BR0095,2024-08-11
CUST000336, 26-40,north,BR0120,27-03-2022
CUST000337,41_60,EAST,BR0041,12/07/2016
CUST000338,60+,south,BR0038,08/26/2025
CUST000339,18-25,West,BR0079,23-11-2015
CUST000340,18_25,EAST,BR0106,2026-05-30
CUST000341,26-40,North,br0099,2016-06-20
CUST000342,26 - 40,North,BR0090,05-10-2024
CUST000343,26-40,EAST,BR0007,31-07-2016
CUST000344,41_60, WEST ,BR0050,02/06/2016
CUST000345,18-25,north,BR0039,2024-10-25
CUST000346,18_25,South,BR0102,2018-03-26
CUST000347,41-60,SOUTH,BR0074,2016-11-28
CUST000348,41-60,South,BR0079,25-01-2019
CUST000349, 18-25 ,north,BR0033,12/05/2025
CUST000350,26-40,North,BR0058,02-06-2018
CUST000351,41_60,East,BR0092,2023-01-23
CUST000352,60_plus,EAST ,BR0023,17/04/2021
CUST000353,26-40,NORTH,BR0109,01/02/2024
CUST000354, 18-25 ,West,BR0029,2021-07-11
CUST000355,18_25,North,BR0104,2026-07-13
CUST000356,26 - 40,EAST,BR0063,2020-04-01
CUST000357,41_60,WEST,BR0084,18/02/2021
CUST000358,26_40,E,BR0107,2019-12-31
CUST000359,41_60,N,BR0057,2021-04-19
CUST000360,41-60 ,North,BR0043,2025-09-27
CUST000361,60+,S,BR0018,2018-04-18
CUST000362, 26-40,north,BR0028,2025-10-20
CUST000363, 26-40,S,BR0034,03-03-2025
CUST000364,60_plus,North,BR0117,10-05-2018
CUST000365, 18-25 ,NORTH,BR0017,10/01/2015
CUST000366, 60+,N,BR0103,11-11-2022
CUST000367,18_25,West,BR0011,
CUST000368, 18-25 ,NORTH ,BR0089,2017-05-23
CUST000369,41-60,W,BR0036,2019-07-27
CUST000370,60+,west,BR0074,05/02/2018
CUST000371,26_40,SOUTH,BR0052,2016-03-02
CUST000372,18-25,W,BR0009,06-11-2015
CUST000373, 60+,E,BR0100,2024-11-05
CUST000374,41-60,S,BR0005,2018-07-13
CUST000375,60+,W,BR0002,2017-01-08
CUST000376,41-60,East,BR0025,2015-02-08
CUST000377, 18-25 ,east,BR0103,11-08-2020
CUST000378,60+, WEST ,BR0111,2016-07-07
CUST000379,26 - 40,EAST ,BR0067,2020-11-27
CUST000380,41-60, SOUTH,BR0028,2019-04-07
CUST000381,26-40,South,BR0046,04-10-2016
CUST000382, 18-25 ,west,BR0064,2021-02-28
CUST000383,41_60,SOUTH,BR0055,2026-04-09
CUST000384,26_40,west,BR0002,2017-04-05
CUST000385,41-60,south,BR0079,2024-07-04
CUST000386,41-60,EAST ,BR0017,29-03-2017
CUST000387,60_plus, SOUTH,BR0023,30/01/2022
CUST000388,18_25,SOUTH,BR0033,02-02-2025
CUST000389,41-60 ,,BR0016,18-06-2019
CUST000390,26-40, WEST ,BR0049,01/04/2018
CUST000391,41_60,WEST,BR0044,14-07-2021
CUST000392,60+,E,BR0058,2015-07-09
CUST000393,41 - 60,North,BR0014,2025-08-12
CUST000394, 60+,NORTH,BR0020,2023-09-29
CUST000395,41_60,S,BR0004,18/04/2022
CUST000396,41-60 ,S,BR0081,2024-10-03
CUST000397,41-60,SOUTH,BR0047,2015-03-28
CUST000398,26-40,NORTH ,BR0062,27-07-2021
CUST000399,41-60, WEST ,BR0092,2023-06-27
CUST000400, 26-40,east,BR0069,2016-07-14
CUST000401, 60+,West,BR0020,03/04/2019
CUST000402,26 - 40,North,BR0002,27/12/2021
CUST000403,41_60,north,BR0097,2023-10-20
CUST000404,26-40,NORTH,BR0092,2024-12-07
CUST000405,26_40,N,BR0027,12/31/2021
CUST000406,18 - 25,north,BR0039,11/20/2019
CUST000407,,E,BR0102,29-08-2025
CUST000408,18-25,N,BR0098,14-06-2018
CUST000409,26_40,EAST ,BR0003,2018-01-08
CUST000410, 60+,West,BR0070,05/03/2021
CUST000411,26-40,west,br0070,2026-05-07
CUST000412, 18-25 ,south,BR0085,2019-04-05
CUST000413, 26-40,west,BR0067,2017-11-29
CUST000414,18_25,N,BR0050,2020-09-27
CUST000415,18-25, SOUTH,BR0107,2016-05-12
CUST000416,60+,N,BR0006,09/30/2016
CUST000417,18-25,West,BR0085,05-01-2019
CUST000418,18 - 25, WEST ,BR0022,2026-04-27
CUST000419,60+,east,BR0082,25-05-2020
CUST000420,41-60,,BR0005,01/11/2018
CUST000421,41-60,EAST,BR0089,20-06-2026
CUST000422,26-40,East,BR0047,30/09/2020
CUST000423, 60+,north,BR0023,20-02-2017
CUST000424,60+,east,BR0056,01-02-2020
CUST000425,18 - 25,WEST,BR0006,2022-05-01
CUST000426,18 - 25, WEST ,BR0074,01/07/2021
CUST000427,41-60,N,BR0011,04/12/2017
CUST000428,26_40,S,BR0095,21/12/2020
CUST000429,18-25,west,BR0042,2021-11-02
CUST000430, 60+,North,BR0048,2016-12-03
CUST000431,,north,BR0003,2019-10-02
CUST000432,41-60 ,SOUTH,BR0116,2018-10-27
CUST000433,41-60,NORTH,BR0035,29/01/2023
CUST000434,60+,north,BR0077,03/25/2026
CUST000435,18-25,east,BR0096,2022-11-22
CUST000436,41-60,WEST,BR0036,24-10-2023
CUST000437, 60+, SOUTH,BR0020,2022-05-21
CUST000438, 26-40,South,BR0091,08/24/2024
CUST000439,26 - 40,south,BR0069,14/02/2022
CUST000440,18-25, WEST ,BR0096,2021-02-20
CUST000441,26-40,E,BR0030,2015-08-02
CUST000442,60+,west,BR0050,2019-05-03
CUST000443,18-25,South,BR0009,07/11/2024
CUST000444,41_60, WEST ,BR0078,2022-01-07
CUST000445, 18-25 ,WEST,BR0032,18-11-2015
CUST000446,18-25,west,BR0037,22-03-2016
CUST000447,60 +,North,BR0115,2024-04-10
CUST000448, 60+, SOUTH,BR0042,05-09-2018
CUST000449,18 - 25,EAST,BR0050,2018-08-02
CUST000450,26-40,South,BR0023,2021-11-28
CUST000451,60+,North,BR0001,2025-04-15
CUST000452, 18-25 ,South,BR0061,2015-02-23
CUST000453,26-40,north,BR0110,2021-09-10
CUST000454,18_25,south,BR0089,12/24/2018
CUST000455,41-60,east,BR0049,2016-06-15
CUST000456,41-60,South,BR0014,2016-12-19
CUST000457,41_60,east,BR0080,2026-02-18
CUST000458,60+,south,BR0001,24-08-2017
CUST000459,60_plus,E,,07-07-2019
CUST000460,18-25,EAST,BR0043,27/08/2015
CUST000461,41 - 60,WEST,BR0062,2022-07-08
CUST000462, 18-25 ,E,BR0027,2022-12-06
CUST000463,18-25,S,BR0024,30-11-2021
CUST000464,18-25,West,BR0107,2021-10-12
CUST000465,18-25,W,BR0062,08/18/2022
CUST000466,41-60,N,BR0017,11-09-2023
CUST000467,18-25,north,BR0006,2022-01-03
CUST000468,26-40,east,BR0099,2018-05-08
CUST000469,18-25,east,BR0091,2018-11-04
CUST000470,41-60 ,SOUTH,BR0087,2016-12-06
CUST000471, 60+,East,BR0086,11-06-2025
CUST000472,60+, WEST ,BR0029,10/14/2020
CUST000473,41-60,NORTH,BR0045,01/05/2021
CUST000474, 26-40,north,BR0010,28-12-2023
CUST000475, 26-40, WEST ,BR0027,06-10-2024
CUST000476,26-40,N,BR0015,10/03/2017
CUST000477,60+,west,BR0085,12/02/2018
CUST000478,18-25,W,BR0079,2022-02-06
CUST000479,41_60,EAST,BR0079,10/11/2017
CUST000480,18-25,EAST,BR0111,04-11-2023
CUST000481,60_plus,South,BR0025,30/01/2023
CUST000482,,North,BR0063,2018-01-17
CUST000483,60_plus,W,BR0066,2023-08-18
CUST000484, 18-25 ,S,BR0119,07-11-2015
CUST000485, 18-25 ,North,BR0068,2021-04-08
CUST000486,18-25,N,BR0040,2015-03-30
CUST000487, 60+,west,BR0103,26-10-2021
CUST000488,18 - 25,S,BR0038,2021-06-07
CUST000489,18-25,east,BR0002,23-05-2018
CUST000490,26-40, SOUTH,BR0068,11/22/2016
CUST000491,26_40, WEST ,BR0057,2022-09-27
CUST000492,18-25, WEST ,BR0096,2020-03-29
CUST000493,60+,WEST,BR0103,2015-12-03
CUST000494,41_60,east,BR0103,2023-10-10
CUST000495,26 - 40,S,BR0089,28-03-2015
CUST000496,18_25,NORTH ,BR0093,14-07-2015
CUST000497, 26-40,NORTH,BR0017,22/02/2019
CUST000498,41-60,NORTH ,BR0036,2022-04-03
CUST000499,41-60,EAST,BR0105,01/11/2026
CUST000500,60+,North,BR0056,26-11-2024
CUST000501,18-25,,BR0064,06-11-2015
CUST000502,41_60, WEST ,BR0109,
CUST000503,60+,east,BR0052,2017-01-12
CUST000504,41-60,East,BR0006,14-09-2021
CUST000505,41_60,West,BR0025,2020-05-07
CUST000506,41_60,WEST,BR0008,2024-02-04
CUST000507,60 +,S,BR0010,2015-06-06
CUST000508,18-25,SOUTH,BR0007,2017-03-08
CUST000509,18-25,SOUTH,BR0055,2024-01-07
CUST000510,26-40,SOUTH,BR0043,2024-04-23
CUST000511,26_40,North,BR0109,2018-07-16
CUST000512,18-25,N,BR0054,04-09-2025
CUST000513,41-60 ,South,BR0005,22-12-2016
CUST000514,,South,BR0068,2026-05-20
CUST000515,26-40,North,BR0117,2015-12-20
CUST000516,26_40,WEST,BR0007,2015-08-27
CUST000517,26 - 40,EAST ,BR0087,2017-06-21
CUST000518,60+,SOUTH,BR0063,11/06/2019
CUST000519,60+,south,BR0026,2016-05-03
CUST000520,60_plus,East,BR0078,24-10-2018
CUST000521,26-40,West,BR0108,08-08-2024
CUST000522,41_60,S,BR0054,22-07-2025
CUST000523, 60+,NORTH ,BR0011,02/14/2024
CUST000524,41-60,NORTH,BR0040,07/19/2015
CUST000525,26 - 40,EAST ,BR0001,2022-06-20
CUST000526,41 - 60,SOUTH,BR0043,01/03/2023
CUST000527,41_60,east,BR0072,2019-08-05
CUST000528,18 - 25,South,BR0115,2021-03-20
CUST000529,60_plus,NORTH ,BR0087,19-02-2025
CUST000530,18-25,WEST,BR0115,2016-09-22
CUST000531,26_40,S,BR0003,2017-12-17
CUST000532,18-25,North,BR0067,09-09-2022
CUST000533, 60+, WEST ,BR0017,2020-10-30
CUST000534,41-60,EAST ,BR0080,2021-05-25
CUST000535,26-40,north,BR0057,12-10-2015
CUST000536,26-40,S,BR0118,04/05/2018
CUST000537,26-40,east,BR0038,19/04/2018
CUST000538,60+,WEST,BR0071,2019-12-11
CUST000539, 18-25 ,south,BR0011,12/16/2016
CUST000540,60+,north,BR0092,2023-05-13
CUST000541,41_60,North,BR0057,2024-12-03
CUST000542,60 +,S,BR0019,2022-07-10
CUST000543,,EAST ,BR0060,2018-01-26
CUST000544,41-60 ,E,BR0072,2015-01-21
CUST000545,60+,EAST ,BR0117,04/09/2017
CUST000546, 18-25 ,W,BR0034,2017-09-06
CUST000547,18-25,North,BR0113,2016-03-09
CUST000548,41-60,N,BR0081,2018-10-01
CUST000549,41-60,EAST,BR0046,2021-04-24
CUST000550,41-60,S,BR0025,2017-07-22
CUST000551,18-25,west,BR0047,2022-09-03
CUST000552,18-25,South,BR0027,2017-07-04
CUST000553,60+,N,BR0061,2016-06-26
CUST000554,18-25,S,BR0024,07/04/2018
CUST000555,41-60,S,BR0013,13-11-2019
CUST000556,,North,BR0109,2019-02-25
CUST000557,26-40,West,BR0053,2017-10-09
CUST000558,60+,NORTH,BR0015,30-12-2021
CUST000559, 26-40,West,BR0115,2023-03-30
CUST000560,60 +,W,BR0011,13-04-2017
CUST000561,26-40,south,BR0109,11-07-2024
CUST000562,41 - 60,EAST ,BR0052,22/04/2018
CUST000563,41_60,SOUTH,BR0007,08/08/2015
CUST000564,41-60,NORTH,BR0067,2019-07-13
CUST000565,41-60 ,NORTH,BR0113,20/01/2022
CUST000566,18-25,East,BR0018,15-06-2017
CUST000567,60_plus,S,BR0034,29/11/2022
CUST000568,18-25,south,BR0095,2022-08-27
CUST000569,41_60,South,BR0040,20/06/2016
CUST000570,26-40,NORTH ,BR0055,2020-12-24
CUST000571,18-25,west,BR0104,2019-08-14
CUST000572,41-60,EAST ,BR0082,2019-10-20
CUST000573,60+,N,BR0044,2025-08-29
CUST000574,18 - 25,EAST ,BR0041,2026-07-23
CUST000575,26-40,S,BR0085,2025-06-25
CUST000576, 60+,N,BR0060,25/09/2021
CUST000577,18 - 25,west,BR0083,2020-04-18
CUST000578,26-40,EAST ,BR0056,2019-07-13
CUST000579,41-60,SOUTH,BR0063,2016-11-18
CUST000580,18_25,NORTH ,BR0093,03/22/2026
CUST000581,41_60,S,BR0104,30/09/2023
CUST000582,60+,South,BR0057,2016-04-03
CUST000583,18-25,West,BR0113,29-08-2025
CUST000584,18 - 25,NORTH,BR0101,2023-08-18
CUST000585,41 - 60, SOUTH,BR0117,2020-09-24
CUST000586,26-40, SOUTH,BR0113,2015-10-05
CUST000587,60_plus,EAST ,BR0105,2020-11-07
CUST000588,41_60,North,br0102,28-06-2019
CUST000589,18-25,S,BR0102,2017-12-29
CUST000590,41-60,west,BR0113,2020-01-13
CUST000591,26-40,south,BR0022,2020-11-01
CUST000592, 26-40, WEST ,BR0064,04/10/2019
CUST000593,41-60,West,BR0027,07-05-2021
CUST000594,26_40,north,BR0031,17-04-2023
CUST000595,18-25,EAST ,BR0092,2020-09-30
CUST000596,18-25,west,BR0086,2016-01-08
CUST000597,60+,East,BR0072,2018-10-23
CUST000598,60+,West,BR0041,20-04-2021
CUST000599,41-60,E,BR0115,07/01/2026
CUST000600,60+,North,BR0061,2024-10-15
CUST000601,60+, WEST ,BR0109,2022-11-03
CUST000602,26-40,E,BR0075,2015-02-03
CUST000603,60+,WEST,BR0004,2017-09-26
CUST000604,18-25,NORTH ,BR0085,
CUST000605,18 - 25,west,BR0094,2017-11-25
CUST000606,41-60,N,BR0049,05/20/2020
CUST000607,18-25, SOUTH,BR0037,2018-06-16
CUST000608,60 +,E,BR0086,2019-06-26
CUST000609,60+,WEST,BR0104,2024-07-21
CUST000610,60 +, SOUTH,BR0083,2024-10-22
CUST000611,41-60,East,BR0038,2016-01-05
CUST000612,60+,east,BR0011,2025-05-19
CUST000613,60+,east,BR0059,2020-12-11
CUST000614,26-40,EAST,,2017-08-13
CUST000615,60 +,west,BR0079,10/11/2023
CUST000616,26-40,North,BR0027,2020-06-03
CUST000617,26-40,West,BR0003,12/26/2024
CUST000618, 60+,E,br0051,09/07/2024
CUST000619,41-60,W,BR0079,2025-12-10
CUST000620,18_25,north,BR0054,2022-10-11
CUST000621,26-40,west,BR0065,08/10/2022
CUST000622,60+, WEST ,BR0087,05/08/2025
CUST000623,26-40,NORTH ,BR0026,04/30/2024
CUST000624,26-40,north,BR0046,2026-04-17
CUST000625,60+,N,BR0034,18/01/2016
CUST000626,26 - 40,NORTH,BR0057,06/27/2017
CUST000627, 18-25 ,North,BR0112,21-07-2021
CUST000628,60 +,south,BR0018,
CUST000629,60+,SOUTH,BR0092,2020-07-03
CUST000630,60+, WEST ,BR0115,02/11/2023
CUST000631,18 - 25,NORTH,BR0052,2016-05-18
CUST000632, 26-40,EAST ,BR0088,
CUST000633,41-60 , SOUTH,BR0027,01-12-2024
CUST000634,60+,NORTH,BR0050,2017-10-29
CUST000635,26-40,E,BR0082,2020-10-20
CUST000636, 60+,north,BR0065,2017-10-18
CUST000637,18_25,S,BR0115,2020-03-30
CUST000638,26 - 40,SOUTH,BR0075,2025-03-10
CUST000639,60+,West,BR0058,13-01-2024
CUST000640,60+, WEST ,BR0063,2018-08-27
CUST000641,60+,North,BR0005,04/14/2023
CUST000642,60+,EAST,BR0016,2021-10-20
CUST000643,26-40,WEST,BR0040,2025-12-18
CUST000644,18-25,E,BR0044,23/12/2017
CUST000645,60_plus,south,BR0080,03/22/2020
CUST000646,18 - 25,EAST,BR0091,05-12-2021
CUST000647,18-25,N,BR0097,12-09-2017
CUST000648,18-25,S,BR0104,2016-01-04
CUST000649,41_60,N,BR0033,2018-10-09
CUST000650,18-25,West,BR0042,2021-09-07
CUST000651,60+,NORTH,BR0097,29/05/2026
CUST000652,18-25,W,BR0062,2015-06-02
CUST000653,18-25,south,BR0058,25/07/2019
CUST000654,26-40,W,BR0001,27-06-2021
CUST000655,18_25,EAST ,BR0108,2026-06-12
CUST000656,18-25,North,BR0036,04/28/2026
CUST000657,41 - 60,west,BR0042,2022-05-14
CUST000658, 18-25 ,North,BR0115,2023-10-23
CUST000659, 18-25 ,WEST,BR0105,2023-09-04
CUST000660,18-25,,BR0096,2023-01-10
CUST000661,41 - 60,west,BR0064,2019-09-09
CUST000662,60+,West,BR0085,2018-12-08
CUST000663,18-25,S,BR0036,02-09-2020
CUST000664,18_25,north,BR0053,2025-06-19
CUST000665,18 - 25,EAST ,,2019-05-14
CUST000666,18 - 25,WEST,BR0026,2017-03-03
CUST000667, 18-25 ,east,BR0061,21/03/2016
CUST000668,26-40,WEST,BR0075,2015-10-01
CUST000669,18-25,WEST,BR0081,02-04-2016
CUST000670,60_plus,West,BR0101,2023-08-12
CUST000671,18-25,NORTH ,BR0076,07-07-2016
CUST000672,26 - 40,EAST ,BR0080,2015-12-28
CUST000673, 60+,east,BR0070,03-12-2021
CUST000674, 18-25 ,SOUTH,BR0105,2024-06-19
CUST000675,26-40, WEST ,BR0043,12-07-2022
CUST000676,26-40,NORTH ,BR0001,18-06-2025
CUST000677,41 - 60,West,BR0001,03-09-2015
CUST000678,60+,EAST,BR0026,16-11-2020
CUST000679,26-40,south,BR0003,2017-06-28
CUST000680,60+,East,BR0103,2016-06-19
CUST000681,26-40,west,BR0055,14/01/2016
CUST000682,41-60,north,BR0109,2025-12-19
CUST000683,60 +,S,BR0113,2026-03-08
CUST000684,41-60 , WEST ,BR0052,2015-10-27
CUST000685,60+,EAST ,BR0074,16-09-2020
CUST000686,18-25,East,BR0060,2025-02-12
CUST000687,60+,North,BR0034,2016-11-06
CUST000688,18-25,NORTH,BR0005,2022-05-21
CUST000689,41-60,S,BR0002,10/10/2022
CUST000690, 60+,NORTH ,BR0098,2020-02-08
CUST000691,60+, WEST ,BR0011,2024-05-14
CUST000692,18-25,south,BR0002,2022-12-15
CUST000693,60 +,E,BR0101,29-05-2022
CUST000694,60_plus,WEST,BR0025,15-02-2025
CUST000695,26-40,SOUTH,BR0078,07/23/2016
CUST000696,26-40,NORTH ,,30/04/2022
CUST000697,26-40, WEST ,BR0050,30/11/2017
CUST000698,60+,E,BR0092,03/02/2015
CUST000699, 60+,E,BR0059,2017-01-16
CUST000700,60+,EAST ,BR0104,11/01/2019
CUST000701,60_plus,S,BR0090,2018-07-17
CUST000702,41 - 60, SOUTH,BR0098,18/09/2016
CUST000703,41_60,East,BR0060,2025-05-11
CUST000704,26_40,EAST,BR0018,2025-11-15
CUST000705,26 - 40, SOUTH,BR0108,2017-04-03
CUST000706,60+,north,BR0046,2019-11-06
CUST000707,18_25,WEST,BR0007,2020-08-07
CUST000708,18-25,north,BR0088,02/03/2017
CUST000709,26 - 40,W,BR0042,08/24/2019
CUST000710,60+,north,BR0002,2023-09-24
CUST000711,41 - 60,NORTH,BR0053,14-04-2017
CUST000712,26-40,EAST ,BR0099,02/17/2022
CUST000713,, WEST ,BR0095,2015-04-19
CUST000714,18-25,West,BR0008,2019-07-13
CUST000715,18-25,west,BR0041,21-04-2024
CUST000716,18-25,east,BR0070,27/07/2020
CUST000717, 26-40,East,BR0001,2019-04-26
CUST000718,26-40,South,BR0055,2019-06-07
CUST000719,26-40,West,BR0101,2023-01-24
CUST000720,60_plus,West,BR0102,02/08/2024
CUST000721,41-60 ,south,BR0040,2025-10-14
CUST000722,60+,,BR0065,01/28/2024
CUST000723,41_60,NORTH ,BR0118,2018-08-23
CUST000724,41 - 60,west,BR0084,2020-07-14
CUST000725,41 - 60,North,BR0059,19-07-2020
CUST000726,26-40,NORTH ,BR0076,27/03/2019
CUST000727,60+,W,BR0053,2016-12-29
CUST000728,41-60, SOUTH,BR0001,2015-01-13
CUST000729, 60+,EAST ,BR0048,2025-11-29
CUST000730, 60+,South,BR0024,2024-03-02
CUST000731,18 - 25,EAST,BR0036,2020-04-07
CUST000732,18-25,N,BR0006,2015-03-01
CUST000733,41_60,E,BR0048,26/01/2022
CUST000734,60_plus,east,BR0001,2018-02-11
CUST000735,41 - 60,south,BR0088,
CUST000736,41-60,north,BR0030,2016-10-28
CUST000737,60 +,NORTH ,BR0025,2026-04-26
CUST000738,18-25,West,BR0015,2020-06-16
CUST000739,18-25,North,BR0042,11-12-2019
CUST000740,18 - 25,WEST,BR0043,13-06-2016
CUST000741,60 +,West,BR0015,19-08-2022
CUST000742, 18-25 ,EAST ,BR0001,05/04/2019
CUST000743,41-60,S,BR0076,2025-05-01
CUST000744,41-60,West,BR0019,09-10-2015
CUST000745,18-25,West,BR0091,2022-06-22
CUST000746,26 - 40, SOUTH,BR0039,07/28/2018
CUST000747,41_60,EAST ,BR0068,18-05-2019
CUST000748,18-25,north,BR0021,2025-10-27
CUST000749,26 - 40,north,BR0074,2018-04-24
CUST000750,26-40,West,BR0016,09/23/2024
CUST000751,60+, SOUTH,BR0089,03/06/2023
CUST000752,18_25,west,BR0057,2016-11-07
CUST000753,26-40,west,BR0013,11/10/2025
CUST000754,41-60 ,EAST,BR0111,2015-06-11
CUST000755,60+,North,BR0115,2019-01-14
CUST000756,41-60,South,BR0033,2017-10-18
CUST000757,26_40,North,BR0067,2024-12-23
CUST000758,41-60 ,E,BR0027,2016-01-02
CUST000759,41-60,S,BR0017,2020-09-19
CUST000760,26_40,EAST ,BR0019,01/15/2021
CUST000761,26 - 40, SOUTH,BR0041,08/01/2015
CUST000762,41-60,WEST,BR0012,2021-02-16
CUST000763,41-60, SOUTH,BR0101,16-11-2021
CUST000764, 18-25 ,E,BR0013,2023-09-27
CUST000765,60_plus,EAST,BR0092,01-07-2023
CUST000766,41 - 60, WEST ,BR0046,03/09/2021
CUST000767,26-40,north,BR0041,20-09-2016
CUST000768, 26-40,E,BR0104,05-07-2024
CUST000769,26_40,,BR0025,13-07-2024
CUST000770,26 - 40,N,BR0022,2020-01-18
CUST000771, 26-40,NORTH ,BR0022,08/08/2020
CUST000772,18-25,east,BR0095,11/02/2021
CUST000773,18_25,WEST,BR0079,2017-05-27
CUST000774,26_40,NORTH ,BR0011,2024-03-18
CUST000775,26 - 40, WEST ,BR0047,2021-01-16
CUST000776,60+,WEST,BR0112,2021-05-22
CUST000777,41-60, SOUTH,BR0035,11/02/2026
CUST000778,41_60,West,BR0014,2022-09-20
CUST000779,26-40,EAST ,,2025-10-08
CUST000780,60+,South,BR0015,19-07-2020
CUST000781,60 +,N,BR0025,2018-05-03
CUST000782,18-25,,BR0026,2024-02-19
CUST000783,26-40,WEST,BR0083,2023-02-26
CUST000784,60+,North,BR0007,2021-05-26
CUST000785,18_25,west,BR0015,2017-12-03
CUST000786,41 - 60,East,BR0027,2017-05-21
CUST000787,18-25,South,BR0119,2022-09-10
CUST000788, 26-40,North,BR0071,16/10/2022
CUST000789,18_25,W,BR0065,23-02-2021
CUST000790, 18-25 , SOUTH,BR0069,2018-09-17
CUST000791,60_plus,,BR0074,2026-07-02
CUST000792,41-60,east,BR0022,2021-07-18
CUST000793,41-60,North,br0027,17-10-2022
CUST000794,41-60,East,BR0079,27/03/2015
CUST000795,41-60,N,BR0112,21-05-2017
CUST000796,41 - 60, SOUTH,BR0035,2023-11-14
CUST000797,60+,WEST,BR0059,28-03-2019
CUST000798,26 - 40,East,BR0105,2016-07-22
CUST000799,60 +,N,BR0097,2023-06-23
CUST000800,18 - 25,South,BR0035,
CUST000801, 18-25 ,EAST,BR0062,2018-08-29
CUST000802,26-40,E,BR0106,2017-04-20
CUST000803,26-40,North,BR0019,18-08-2023
CUST000804,18_25,North,BR0037,2017-08-27
CUST000805,18-25, SOUTH,BR0077,06-10-2021
CUST000806,18-25,east,BR0092,02/05/2018
CUST000807,26_40,WEST,BR0055,2017-01-10
CUST000808,60+, WEST ,BR0053,06/02/2018
CUST000809,26_40,W,BR0069,15-11-2016
CUST000810,26 - 40,EAST,BR0109,12/30/2017
CUST000811,41-60,south,BR0107,2024-06-11
CUST000812,18 - 25, SOUTH,BR0090,18-05-2017
CUST000813,26-40,SOUTH,BR0002,11/05/2018
CUST000814,26 - 40,EAST ,BR0044,2015-04-19
CUST000815, 18-25 ,SOUTH,BR0055,10/14/2020
CUST000816,26_40,EAST,BR0017,2016-04-03
CUST000817,18 - 25,EAST ,BR0022,2024-07-07
CUST000818,18-25,EAST,BR0021,31/03/2015
CUST000819,26 - 40,south,BR0073,2025-11-07
CUST000820,41-60,EAST ,BR0041,27-11-2017
CUST000821,60 +,SOUTH,BR0049,2015-11-03
CUST000822,60+,North,BR0104,08/12/2018
CUST000823,41_60,east,BR0110,2023-09-11
CUST000824,18-25,WEST,BR0019,2016-12-15
CUST000825,26-40,E,BR0012,2025-05-02
CUST000826,41_60,SOUTH,BR0063,2023-12-29
CUST000827,26_40,east,BR0053,16-12-2015
CUST000828,26 - 40,North,BR0038,2016-08-20
CUST000829,18-25,WEST,BR0094,26/11/2023
CUST000830,41-60,West,BR0061,06/29/2018
CUST000831,26-40,WEST,BR0047,2019-10-15
CUST000832,60+,SOUTH,BR0036,15/02/2025
CUST000833,41-60,NORTH ,BR0097,2024-05-26
CUST000834,26 - 40,WEST,BR0115,2018-03-30
CUST000835,41-60,West,BR0041,2024-02-12
CUST000836,60+,NORTH,BR0025,22-09-2018
CUST000837,26-40,north,BR0003,18-10-2017
CUST000838,60_plus,E,BR0098,2025-04-16
CUST000839, 26-40,EAST ,BR0090,03/23/2017
CUST000840,18-25,WEST,BR0097,2024-12-17
CUST000841,41_60,W,BR0026,11/12/2022
CUST000842,60 +,WEST,BR0101,2020-12-06
CUST000843,60 +,,BR0020,2022-02-13
CUST000844,60+,West,BR0051,2024-08-16
CUST000845,26_40, SOUTH,BR0091,17/10/2023
CUST000846,41-60 ,East,BR0004,2018-06-07
CUST000847, 18-25 , SOUTH,BR0100,2019-12-22
CUST000848,26 - 40,west,BR0036,09-07-2015
CUST000849,18-25,NORTH,BR0034,31/01/2026
CUST000850,26_40,NORTH ,BR0081,02/06/2023
CUST000851,60+,North,BR0081,09/09/2022
CUST000852,18-25,EAST,BR0004,2018-06-02
CUST000853,26-40,SOUTH,BR0017,2017-01-23
CUST000854,41_60, WEST ,BR0052,10-06-2019
CUST000855,41_60,East,BR0093,03-07-2024
CUST000856,41-60 , WEST ,BR0046,2016-06-10
CUST000857,41-60 ,EAST ,BR0024,2019-03-04
CUST000858,41-60,,,2022-05-18
CUST000859,41-60,west,BR0068,04-09-2016
CUST000860,60+,South,BR0064,2024-06-12
CUST000861,41-60 ,,BR0101,2025-05-10
CUST000862,60+,north,BR0009,23-04-2024
CUST000863,41_60,EAST ,BR0051,24/01/2026
CUST000864,18-25,NORTH,,05/11/2017
CUST000865,60+,south,BR0069,2016-03-06
CUST000866,18-25,north,BR0079,10/27/2018
CUST000867,18-25,S,BR0115,2017-09-29
CUST000868,60 +,east,BR0062,23-08-2021
CUST000869,26 - 40,SOUTH,BR0064,2019-11-06
CUST000870,60+,east,BR0084,2017-12-01
CUST000871, 60+,West,BR0055,2017-04-16
CUST000872,,West,BR0061,2020-12-15
CUST000873,41_60,W,BR0043,2017-03-12
CUST000874,60+,West,BR0068,13-06-2017
CUST000875,18-25,N,BR0009,2024-01-28
CUST000876,41_60,south,BR0091,2017-02-11
CUST000877,60 +,South,BR0009,2025-03-18
CUST000878,60_plus,south,BR0022,11/24/2022
CUST000879,60+,NORTH,BR0038,02/10/2018
CUST000880,18-25,EAST ,BR0045,2025-11-29
CUST000881,41-60,WEST,BR0067,15/03/2024
CUST000882,26-40,S,BR0056,05/07/2019
CUST000883,18-25,W,BR0117,09-10-2023
CUST000884,41-60,E,BR0102,2022-10-13
CUST000885,60 +,S,BR0080,2025-12-02
CUST000886,18_25,E,BR0063,2015-01-06
CUST000887,41-60 ,SOUTH,BR0019,2016-10-23
CUST000888,41-60, WEST ,BR0116,10-10-2021
CUST000889,60 +,South,BR0054,2016-12-02
CUST000890, 60+,WEST,BR0057,2023-01-08
CUST000891,60_plus,NORTH ,BR0018,10-06-2020
CUST000892,41-60,West,BR0001,28/04/2025
CUST000893,41 - 60,north,BR0089,16-06-2026
CUST000894, 26-40,West,BR0087,21-12-2021
CUST000895, 60+,,BR0078,2020-07-18
CUST000896,60_plus,north,BR0024,02/11/2020
CUST000897,18_25,North,BR0096,2019-06-30
CUST000898, 18-25 ,EAST ,BR0103,2024-07-12
CUST000899, 18-25 ,EAST,BR0115,12/15/2022
CUST000900,,south,BR0111,2023-10-05
CUST000901,26-40,EAST ,BR0101,10/17/2021
CUST000902,60_plus,S,BR0065,26-11-2017
CUST000903,41-60 ,WEST,BR0110,2017-05-20
CUST000904,41-60,SOUTH,BR0023,06/03/2024
CUST000905,41-60,NORTH ,BR0078,2018-11-26
CUST000906,60+,South,BR0057,2018-08-20
CUST000907,26-40,North,BR0018,25-02-2024
CUST000908,41-60,West,BR0074,30-12-2022
CUST000909,26-40,WEST,BR0017,2017-08-24
CUST000910,41-60,east,BR0046,2021-06-17
CUST000911,41_60,N,BR0118,2015-09-22
CUST000912,41-60,EAST,BR0010,2015-10-17
CUST000913, 60+,N,BR0017,2015-10-19
CUST000914,41_60,SOUTH,BR0004,05-07-2023
CUST000915,60+,West,BR0055,24/08/2017
CUST000916,41-60,WEST,BR0012,01/11/2016
CUST000917,26-40, SOUTH,BR0006,06/23/2020
CUST000918,60_plus,NORTH,BR0070,03/01/2023
CUST000919,60 +,E,BR0084,25-02-2022
CUST000920,18-25,west,BR0117,2020-03-03
CUST000921,18-25,SOUTH,BR0090,2017-07-24
CUST000922,41-60,EAST,BR0110,2023-08-01
CUST000923,26_40,W,BR0040,08/01/2015
CUST000924,41-60,SOUTH,BR0107,12/04/2016
CUST000925,41-60 ,East,BR0060,12/16/2017
CUST000926,41-60,east,BR0005,14/08/2020
CUST000927,18-25,east,BR0057,2025-06-18
CUST000928,26_40,north,BR0071,2019-01-12
CUST000929,41_60,South,BR0084,2015-11-12
CUST000930, 60+,SOUTH,BR0034,2022-12-04
CUST000931,26-40,WEST,BR0031,2024-04-30
CUST000932,41-60,east,BR0115,05-08-2021
CUST000933,18-25,NORTH,BR0104,26/05/2026
CUST000934,26_40,North,BR0084,14-01-2020
CUST000935, 60+,N,BR0068,17/05/2019
CUST000936,26-40,East,BR0096,24-12-2024
CUST000937,41-60,north,BR0078,26-02-2020
CUST000938, 26-40,W,BR0078,2022-01-15
CUST000939, 26-40,South,BR0002,16-07-2025
CUST000940,18_25,SOUTH,BR0111,2024-06-21
CUST000941,26 - 40,east,BR0079,27-08-2016
CUST000942,60_plus,west,BR0090,2026-06-04
CUST000943,41 - 60,west,BR0066,2017-03-04
CUST000944, 18-25 ,west,BR0041,10/12/2015
CUST000945,26_40,EAST,BR0022,2024-11-04
CUST000946,41-60 ,south,BR0027,2018-10-15
CUST000947,26-40,north,BR0074,30/10/2017
CUST000948,18 - 25,NORTH ,BR0064,31-03-2021
CUST000949,41-60,SOUTH,BR0065,03-07-2026
CUST000950,41-60,East,BR0085,2015-03-07
CUST000951,26 - 40,West,BR0024,15-06-2019
CUST000952,26-40,W,BR0091,25-11-2020
CUST000953,26 - 40,south,BR0113,18-10-2023
CUST000954,41-60,EAST ,BR0042,2018-12-14
CUST000955,18-25, SOUTH,BR0111,2020-04-07
CUST000956,26_40,east,BR0053,2023-12-10
CUST000957,60 +,north,BR0029,17/08/2019
CUST000958,41-60,NORTH,BR0012,29/11/2022
CUST000959, 18-25 ,South,BR0051,08/15/2018
CUST000960, 26-40,NORTH,BR0097,04/12/2023
CUST000961,41-60,SOUTH,BR0016,2023-12-27
CUST000962,41-60,,BR0107,21-02-2017
CUST000963, 26-40,EAST ,BR0003,2017-03-27
CUST000964,60_plus,North,BR0072,2026-05-13
CUST000965,60 +,E,BR0058,30/11/2023
CUST000966, 60+,east,BR0081,2018-10-18
CUST000967,26-40,W,BR0073,2026-01-25
CUST000968,41-60,WEST,BR0027,2026-03-18
CUST000969,41_60,NORTH,BR0010,2018-08-20
CUST000970,26_40,NORTH,BR0064,2025-12-05
CUST000971,,NORTH ,BR0093,25-03-2022
CUST000972,26-40,S,BR0048,2025-05-19
CUST000973,26-40,WEST,BR0023,2015-02-15
CUST000974, 18-25 ,NORTH,BR0077,2020-01-26
CUST000975,26-40,W,BR0048,17-09-2020
CUST000976,26-40,North,BR0034,2023-08-04
CUST000977,41 - 60,West,BR0101,2018-04-15
CUST000978,18-25,North,BR0057,2021-10-14
CUST000979,60_plus,west,BR0067,10/19/2019
CUST000980,41 - 60,W,BR0089,06-10-2024
CUST000981,41_60,EAST ,BR0072,2019-04-14
CUST000982,18-25,SOUTH,BR0043,2020-09-09
CUST000983,41-60, WEST ,BR0090,04/13/2016
CUST000984, 60+,West,BR0112,2017-05-01
CUST000985,26 - 40,SOUTH,BR0109,2016-05-25
CUST000986,41-60,north,BR0109,10/18/2018
CUST000987,, WEST ,BR0086,2026-04-01
CUST000988,26_40,S,BR0082,2015-01-27
CUST000989,18-25,N,BR0012,2016-12-08
CUST000990,18-25,south,BR0113,15-04-2019
CUST000991,41-60,East,BR0073,2019-03-23
CUST000992,41-60,EAST,BR0075,31/01/2025
CUST000993,26-40,West,BR0027,2021-06-22
CUST000994,41-60,south,BR0034,2019-03-08
CUST000995,41-60,north,BR0081,2018-07-24
CUST000996,18-25,East,BR0024,28-03-2025
CUST000997,60_plus,east,BR0062,03/04/2020
CUST000998,18_25,E,BR0004,28/09/2021
CUST000999, 26-40,south,BR0007,04/03/2018
CUST001000,,South,BR0039,2019-07-24
CUST001001,26 - 40,EAST,BR0045,03-11-2023
CUST001002,60_plus,NORTH ,BR0098,03/05/2022
CUST001003, 60+,north,BR0095,30/12/2018
CUST001004,41-60 ,WEST,BR0018,2021-10-09
CUST001005,26_40,EAST ,BR0062,2024-06-16
CUST001006,18_25,EAST,BR0052,2022-02-26
CUST001007,60+, WEST ,BR0039,07-08-2017
CUST001008, 60+,west,BR0047,2024-07-05
CUST001009,,East,BR0079,2016-02-02
CUST001010,60_plus,east,BR0087,2020-12-29
CUST001011,18_25,N,BR0094,2020-07-29
CUST001012,26 - 40, WEST ,BR0045,06/22/2020
CUST001013,60+,EAST,BR0093,2023-07-26
CUST001014,41 - 60, WEST ,BR0096,11/10/2016
CUST001015,18-25,E,BR0110,2016-02-05
CUST001016,60+,south,BR0006,2021-05-23
CUST001017,18_25,east,BR0102,2019-12-19
CUST001018,26-40,W,BR0077,2015-04-13
CUST001019,60+,West,BR0022,22-09-2015
CUST001020,18 - 25,EAST,BR0068,2022-01-27
CUST001021, 26-40,E,BR0098,01/03/2026
CUST001022,26_40,NORTH,BR0028,03/01/2019
CUST001023, 60+, SOUTH,BR0036,15-05-2017
CUST001024,41-60 ,West,BR0064,2025-01-29
CUST001025,,EAST ,BR0088,05/18/2024
CUST001026, 18-25 ,N,BR0053,2020-08-09
CUST001027,18-25,W,BR0025,12-04-2023
CUST001028,60 +,East,BR0115,2025-04-19
CUST001029,26-40,N,BR0112,14-05-2025
CUST001030,18 - 25, WEST ,BR0054,18-09-2017
CUST001031,18_25,north,BR0107,2023-02-24
CUST001032,60_plus,North,BR0098,04-07-2017
CUST001033,41-60,West,BR0043,09/01/2026
CUST001034,41-60,EAST ,BR0073,2018-02-21
CUST001035,26-40,east,BR0021,12-11-2024
CUST001036,26-40,west,BR0004,30-04-2018
CUST001037,60_plus,south,BR0076,2023-05-25
CUST001038, 26-40,,BR0009,2020-01-12
CUST001039,18 - 25, WEST ,BR0082,14-02-2020
CUST001040,18_25,E,BR0071,10/12/2016
CUST001041,26-40,South,BR0092,17-12-2020
CUST001042,26 - 40,North,BR0008,2025-09-14
CUST001043,18-25,North,BR0057,28-10-2019
CUST001044, 18-25 ,NORTH ,BR0025,03/26/2025
CUST001045, 60+,south,BR0066,04/12/2020
CUST001046,41 - 60,EAST ,BR0097,27/02/2022
CUST001047,60+,west,BR0111,2019-02-05
CUST001048,26-40,east,BR0061,19-09-2019
CUST001049,26-40,South,BR0021,17-08-2025
CUST001050,41-60,west,BR0040,2022-01-27
CUST001051,,WEST,BR0046,31/03/2025
CUST001052,26-40,east,BR0004,22-04-2022
CUST001053, 26-40,EAST,BR0021,07/16/2025
CUST001054,60 +,West,BR0078,04-04-2016
CUST001055,41_60,NORTH ,BR0096,12/04/2024
CUST001056,41-60 ,NORTH ,BR0074,15-07-2021
CUST001057,18 - 25,east,BR0058,2022-03-16
CUST001058,41-60,east,BR0120,2024-03-19
CUST001059, 18-25 ,EAST,BR0005,03/05/2022
CUST001060,41 - 60,N,BR0072,08/07/2026
CUST001061, 60+,SOUTH,BR0056,31-05-2018
CUST001062,41_60,WEST,,2023-09-30
CUST001063,60+,S,BR0042,30/06/2019
CUST001064,41 - 60,South,BR0027,20/11/2015
CUST001065,18-25,South,BR0021,15/11/2019
CUST001066,60+,WEST,BR0096,2016-02-08
CUST001067,26_40,NORTH,BR0065,2017-09-23
CUST001068,60 +,EAST ,BR0012,2020-09-22
CUST001069,18-25, WEST ,BR0013,2016-06-18
CUST001070,41-60,NORTH ,BR0003,2022-04-02
CUST001071,,South,BR0098,15/09/2019
CUST001072,41-60 , SOUTH,BR0120,2019-01-27
CUST001073,26-40,EAST ,BR0117,22/08/2015
CUST001074,60+, SOUTH,BR0049,2018-10-22
CUST001075,26-40,NORTH,BR0060,2024-11-16
CUST001076,18-25,East,BR0070,2017-02-28
CUST001077,26-40,South,BR0011,01/05/2021
CUST001078,26-40,east,BR0060,25/12/2020
CUST001079,60+,NORTH ,BR0102,17-03-2018
CUST001080,26-40,N,BR0110,2024-02-06
CUST001081,41-60 ,E,BR0044,25/08/2022
CUST001082,60 +,E,BR0101,2017-10-31
CUST001083,18-25,East,BR0040,11/10/2016
CUST001084,26_40,South,BR0029,2022-12-09
CUST001085, 18-25 ,S,BR0021,28/01/2020
CUST001086, 26-40,West,BR0052,12/06/2024
CUST001087,26 - 40,NORTH,BR0072,2016-07-01
CUST001088,26_40, SOUTH,BR0083,29/07/2020
CUST001089,41-60,N,BR0020,06/03/2021
CUST001090, 18-25 ,N,BR0085,2025-03-11
CUST001091,41-60,NORTH ,BR0033,11/10/2018
CUST001092,60+,NORTH,BR0078,30/05/2020
CUST001093,60_plus,north,BR0094,2026-05-23
CUST001094,41-60,NORTH ,BR0064,2020-12-17
CUST001095, 60+,W,BR0119,02-06-2017
CUST001096, 18-25 ,south,BR0091,31-10-2023
CUST001097,60_plus,NORTH ,BR0081,2015-07-30
CUST001098,41-60,WEST,BR0109,2022-09-19
CUST001099,41_60,EAST ,BR0082,12-09-2019
CUST001100,41 - 60,East,BR0110,2020-02-08
CUST001101,18 - 25,West,BR0026,2022-11-12
CUST001102,41-60,EAST,BR0075,23/08/2021
CUST001103, 60+,SOUTH,BR0077,2020-11-27
CUST001104,41_60,WEST,BR0095,04-08-2021
CUST001105,41-60,North,BR0086,13/01/2020
CUST001106,26-40,,BR0032,02/11/2025
CUST001107,26_40,W,BR0050,01/03/2023
CUST001108,41-60,south,BR0010,15/07/2020
CUST001109, 18-25 ,EAST,BR0078,2020-01-09
CUST001110,18_25,W,BR0022,16/04/2016
CUST001111,26-40,north,BR0115,2026-01-03
CUST001112,26_40,west,BR0087,05/24/2026
CUST001113,41-60,north,BR0100,12-04-2024
CUST001114, 26-40,South,BR0119,2016-12-30
CUST001115,60_plus,West,BR0024,26/08/2024
CUST001116,26-40,south,BR0082,2017-02-09
CUST001117, 18-25 ,EAST,,2022-05-01
CUST001118,41-60,S,BR0069,21-06-2018
CUST001119,60 +,S,BR0105,12/09/2017
CUST001120,41-60,S,BR0116,06/25/2018
CUST001121,60 +, WEST ,BR0086,2023-03-15
CUST001122,60+,north,BR0118,20/03/2017
CUST001123,41-60 ,W,BR0037,2019-06-11
CUST001124,60_plus,WEST,BR0042,2021-11-10
CUST001125,41 - 60,North,BR0040,21-11-2018
CUST001126,18-25,West,BR0069,23-09-2024
CUST001127, 26-40,North,BR0024,20-08-2016
CUST001128,18-25,SOUTH,BR0001,06/02/2022
CUST001129,26-40,WEST,BR0077,25-06-2024
CUST001130,41-60,EAST ,BR0054,02/04/2019
CUST001131,18 - 25,NORTH ,BR0089,2017-08-02
CUST001132,18-25,south,BR0092,2021-06-04
CUST001133,18-25,SOUTH,BR0064,2015-10-20
CUST001134,26-40,SOUTH,BR0104,2023-04-27
CUST001135,18 - 25,South,BR0006,28/08/2022
CUST001136,26-40,NORTH ,BR0038,2019-05-12
CUST001137,18_25,S,BR0072,2022-02-14
CUST001138, 60+,south,BR0019,2015-02-18
CUST001139, 60+,SOUTH,BR0010,09/07/2025
CUST001140,41 - 60,West,BR0079,2025-03-16
CUST001141, 60+,South,BR0094,08/10/2020
CUST001142,18_25,SOUTH,BR0091,2024-01-09
CUST001143,26_40, WEST ,BR0057,2022-07-30
CUST001144,26-40,S,BR0112,02/25/2023
CUST001145,60+, SOUTH,BR0014,2024-03-30
CUST001146,26 - 40,West,BR0004,2018-11-12
CUST001147,26 - 40,South,BR0060,2025-11-30
CUST001148,18 - 25,NORTH,BR0118,2017-01-06
CUST001149,26 - 40,south,BR0047,2025-01-06
CUST001150,41-60,South,BR0016,20-07-2018
CUST001151,41 - 60,SOUTH,BR0019,2015-11-19
CUST001152,60_plus,N,BR0105,2019-01-29
CUST001153,60 +,EAST,BR0009,10/30/2023
CUST001154,26 - 40,north,BR0103,05/15/2024
CUST001155,41-60,NORTH ,BR0022,2021-11-16
CUST001156,41-60,WEST,BR0005,29-03-2015
CUST001157,60+, WEST ,BR0087,24/03/2023
CUST001158,60_plus,south,BR0071,11/13/2016
CUST001159,18 - 25,NORTH,BR0104,2018-12-21
CUST001160,26-40,NORTH,BR0044,03-07-2018
CUST001161,60 +,N,BR0091,2016-10-26
CUST001162,18-25,South,BR0011,2019-04-28
CUST001163, 60+,west,BR0076,2019-02-23
CUST001164,26-40,SOUTH,BR0010,2020-02-09
CUST001165,41-60 ,East,BR0106,27-02-2015
CUST001166,41-60,NORTH,BR0045,2024-08-24
CUST001167,60+,north,BR0118,23-06-2016
CUST001168,41_60,west,BR0098,2019-04-08
CUST001169,41_60,west,BR0109,2025-06-01
CUST001170,60_plus,south,BR0112,2015-04-25
CUST001171,26-40,South,BR0051,2019-06-09
CUST001172,41-60 , SOUTH,BR0064,2018-08-02
CUST001173,41-60,EAST ,BR0019,2019-11-08
CUST001174,41 - 60,E,BR0016,26-08-2022
CUST001175,26-40,,BR0048,26-04-2022
CUST001176,41 - 60,west,BR0074,11/07/2017
CUST001177,26 - 40,South,BR0061,2017-02-22
CUST001178,41-60,W,BR0094,02/05/2019
CUST001179,26-40,NORTH ,,27/12/2022
CUST001180,26-40,west,BR0069,03/22/2019
CUST001181,18-25,S,BR0037,2015-03-31
CUST001182,41-60,WEST,BR0100,27-07-2023
CUST001183,41-60,west,BR0078,2017-11-18
CUST001184,18-25,East,BR0093,27-09-2024
CUST001185,41-60 ,north,BR0097,02-04-2016
CUST001186,60+,South,BR0021,01/30/2023
CUST001187,60+, WEST ,BR0068,2018-06-23
CUST001188,26_40,East,BR0083,2020-01-22
CUST001189,26-40,S,BR0050,2015-06-07
CUST001190,18 - 25,W,BR0026,2026-01-09
CUST001191,41-60 , SOUTH,,2021-04-24
CUST001192,60+,east,BR0115,2021-05-26
CUST001193,60+,NORTH ,BR0096,12/09/2021
CUST001194,41-60,S,BR0108,2021-12-13
CUST001195,41-60,west,BR0051,2026-01-10
CUST001196,26-40,NORTH,,02/24/2021
CUST001197,60 +,SOUTH,BR0028,2023-05-13
CUST001198,18-25,north,BR0059,2019-08-04
CUST001199,18_25,NORTH,BR0059,2021-02-15
CUST001200,60+,South,BR0087,12/09/2024
CUST001201, 18-25 ,north,BR0093,19-07-2015
CUST001202,26-40,NORTH,BR0107,16/12/2025
CUST001203,18-25,EAST ,BR0070,30-04-2023
CUST001204,41 - 60,West,BR0048,2021-07-23
CUST001205,60 +,EAST ,BR0033,17-01-2023
CUST001206,26-40,S,BR0081,02/16/2018
CUST001207,60+,N,br0067,11-09-2018
CUST001208,41_60,E,BR0067,16-11-2022
CUST001209,18-25,West,BR0115,25/04/2026
CUST001210,18 - 25, SOUTH,BR0027,2019-04-14
CUST001211,18-25,NORTH,BR0016,2024-01-15
CUST001212,41_60,EAST ,BR0118,10-12-2015
CUST001213,60+,EAST ,BR0050,24-06-2024
CUST001214,41 - 60,NORTH ,BR0063,2020-08-27
CUST001215,18_25,East,BR0061,2025-02-13
CUST001216,18 - 25,N,BR0065,15/09/2023
CUST001217,18-25,West,BR0038,2022-06-07
CUST001218,18-25,SOUTH,BR0096,2023-06-14
CUST001219,41 - 60,West,BR0104,2017-04-11
CUST001220,18_25,WEST,BR0115,2017-05-21
CUST001221, 60+,NORTH,BR0113,2024-01-01
CUST001222,26-40,N,BR0026,17-05-2023
CUST001223, 26-40,North,BR0039,2015-04-02
CUST001224,18-25,E,BR0039,19/06/2020
CUST001225,26 - 40,West,BR0050,2016-08-03
CUST001226,26-40,N,BR0081,02/11/2023
CUST001227,60+,north,BR0004,2023-05-20
CUST001228,26 - 40,W,BR0066,2018-07-12
CUST001229,60+,NORTH ,BR0011,2015-11-24
CUST001230,60 +,east,BR0078,2025-07-16
CUST001231,26_40,west,BR0079,01/06/2021
CUST001232,26-40,East,BR0045,2022-07-07
CUST001233,41-60 ,S,BR0018,06-04-2019
CUST001234,41-60,SOUTH,BR0113,2022-07-26
CUST001235,60+,west,BR0059,2016-08-13
CUST001236,60+,EAST ,BR0071,2024-06-06
CUST001237,60 +,NORTH ,BR0041,08/02/2023
CUST001238,18-25,East,BR0119,24/11/2015
CUST001239,18-25,east,BR0030,12/25/2020
CUST001240,26-40,East,BR0106,05/23/2015
CUST001241,41_60, SOUTH,BR0059,
CUST001242,41_60, WEST ,BR0013,2024-12-17
CUST001243, 60+,N,BR0027,2022-09-05
CUST001244,60_plus,East,BR0077,11/10/2018
CUST001245,41-60,south,BR0049,18-07-2015
CUST001246,18_25,NORTH ,BR0047,12/27/2024
CUST001247,41-60,east,BR0022,23/05/2019
CUST001248,41-60,North,BR0090,2020-09-21
CUST001249,60+,South,BR0022,25-01-2017
CUST001250,26-40,West,BR0104,2016-09-23
CUST001251, 26-40,W,BR0093,
CUST001252,26-40,N,BR0008,2025-07-09
CUST001253,41-60 ,West,BR0091,2015-12-13
CUST001254,18-25, WEST ,BR0093,09/12/2022
CUST001255,60+,West,BR0064,24-08-2016
CUST001256,41-60, WEST ,BR0048,2015-05-12
CUST001257,26_40,south,BR0019,2024-11-05
CUST001258,60+,West,BR0007,2017-04-09
CUST001259,60_plus,WEST,BR0046,11/28/2015
CUST001260,60+,south,,2017-04-09
CUST001261,41-60,S,BR0058,2025-04-28
CUST001262,41-60,NORTH ,BR0056,2026-05-07
CUST001263,60+,west,BR0098,2023-08-11
CUST001264,,South,BR0025,2018-05-27
CUST001265,26-40,SOUTH,BR0062,09/18/2018
CUST001266,18 - 25,E,BR0048,15-10-2020
CUST001267,41 - 60,S,BR0036,2020-07-02
CUST001268,60+,EAST ,BR0052,2020-10-11
CUST001269,26-40, SOUTH,BR0119,2023-02-21
CUST001270,41-60,S,BR0119,2016-04-11
CUST001271,26_40,north,BR0016,01/12/2026
CUST001272,26_40,south,BR0103,03-05-2022
CUST001273,18-25,North,BR0064,
CUST001274,26-40,east,BR0012,2022-05-28
CUST001275,18-25,South,BR0106,15-07-2021
CUST001276,41-60,East,BR0090,08-01-2020
CUST001277,41 - 60, WEST ,BR0066,2023-12-30
CUST001278,41 - 60, SOUTH,BR0020,2017-08-22
CUST001279,26-40,east,BR0075,2024-03-11
CUST001280,41 - 60,WEST,BR0051,15/09/2015
CUST001281,60+, WEST ,BR0111,02-05-2022
CUST001282,41-60 ,SOUTH,BR0022,02/12/2025
CUST001283,18-25,west,BR0093,17-03-2015
CUST001284,,W,BR0019,2026-04-29
CUST001285,26_40,NORTH ,BR0076,2025-03-28
CUST001286, 60+,NORTH ,BR0054,03/06/2020
CUST001287,26_40,North,BR0075,2020-02-21
CUST001288,60+,WEST,BR0103,2024-05-07
CUST001289,41-60 ,W,BR0085,04/07/2020
CUST001290,41-60,SOUTH,BR0011,2025-10-06
CUST001291,41-60,EAST ,BR0055,10/03/2017
CUST001292,18-25,NORTH,BR0009,01/21/2021
CUST001293,60+,W,BR0086,28/12/2022
CUST001294,60+,EAST,BR0080,12/08/2016
CUST001295,41-60, SOUTH,BR0097,24/09/2023
CUST001296,60+,W,BR0009,01-02-2026
CUST001297,41 - 60,NORTH,BR0001,10-05-2023
CUST001298,18-25,North,BR0077,2018-01-17
CUST001299,41-60,north,BR0069,2017-05-23
CUST001300,26 - 40,West,BR0109,2023-02-28
CUST001301,41_60,east,BR0012,2017-03-31
CUST001302,41-60,North,BR0075,2021-03-15
CUST001303,18 - 25,E,BR0013,2015-11-30
CUST001304,18 - 25,North,,2025-09-12
CUST001305, 60+,S,BR0115,2018-10-11
CUST001306,18 - 25,West,BR0017,2026-06-07
CUST001307,41-60 , SOUTH,BR0008,2023-09-18
CUST001308,41-60,W,BR0032,2024-06-04
CUST001309,18-25,south,BR0074,09/09/2017
CUST001310,18-25,NORTH,BR0018,11-07-2017
CUST001311,,north,BR0019,06/10/2017
CUST001312,60_plus,EAST ,BR0110,2022-12-03
CUST001313,26_40,EAST ,BR0001,03-05-2016
CUST001314,26_40,East,BR0023,18-06-2016
CUST001315,26_40,EAST ,BR0035,2017-12-29
CUST001316,60_plus,SOUTH,BR0048,04/02/2021
CUST001317,41 - 60,N,BR0014,24/06/2020
CUST001318,26 - 40,North,BR0042,
CUST001319,26-40,EAST ,BR0103,06-01-2024
CUST001320,41-60,South,BR0110,2020-05-29
CUST001321,,NORTH,BR0018,2019-08-07
CUST001322,18-25,West,BR0028,2020-10-01
CUST001323,18-25,West,BR0119,12/08/2020
CUST001324,26-40,E,br0097,24/12/2025
CUST001325,60+,S,BR0055,22-02-2025
CUST001326,18 - 25,East,BR0021,2019-01-09
CUST001327,26-40,West,BR0005,2019-07-31
CUST001328,41 - 60,North,BR0001,05-12-2018
CUST001329,18-25,SOUTH,BR0014,2018-09-23
CUST001330,41_60, SOUTH,BR0079,2022-01-30
CUST001331,18-25,W,BR0012,11/04/2017
CUST001332, 18-25 ,SOUTH,BR0069,05/24/2020
CUST001333,18-25,north,BR0012,20/01/2018
CUST001334,60+,SOUTH,BR0080,18-10-2016
CUST001335,26 - 40,EAST,BR0002,18/07/2015
CUST001336,18-25,NORTH,BR0062,2023-05-02
CUST001337,18 - 25,east,BR0015,02/07/2021
CUST001338, 18-25 ,west,BR0117,2021-06-25
CUST001339,41_60, WEST ,BR0077,2020-07-05
CUST001340,18-25,E,BR0049,07/05/2018
CUST001341,41-60,east,BR0101,19-11-2015
CUST001342,26-40,W,BR0003,2019-02-22
CUST001343,18-25,E,BR0072,13-11-2020
CUST001344, 26-40,West,BR0049,2016-06-09
CUST001345,18-25,East,BR0083,2024-02-22
CUST001346,60 +,West,BR0100,01/12/2015
CUST001347,60+,east,BR0006,2023-04-12
CUST001348,41-60,NORTH,BR0040,2021-07-08
CUST001349,18-25,East,BR0065,2021-03-06
CUST001350, 60+,north,BR0088,2021-07-14
CUST001351,26-40,E,BR0091,04/03/2018
CUST001352, 60+,N,BR0026,2019-06-10
CUST001353,41-60,WEST,BR0011,2026-04-29
CUST001354,60+,W,BR0068,2019-02-23
CUST001355, 18-25 ,WEST,BR0108,25-06-2020
CUST001356,60+,NORTH ,BR0113,02-04-2023
CUST001357,18-25,NORTH,BR0082,2021-07-22
CUST001358,60+, SOUTH,BR0105,2026-05-06
CUST001359,41-60,NORTH,BR0005,2021-08-05
CUST001360,18-25,East,BR0051,2016-01-15
CUST001361,26_40,NORTH,BR0112,2019-07-23
CUST001362,18-25,WEST,BR0096,2019-11-26
CUST001363,18_25, SOUTH,BR0063,14-03-2018
CUST001364,41-60,NORTH,BR0115,13/01/2025
CUST001365,26_40, SOUTH,BR0030,2017-10-13
CUST001366,60 +,N,BR0073,2021-06-28
CUST001367,18 - 25,E,BR0052,08/06/2024
CUST001368,60 +,WEST,BR0038,13-08-2023
CUST001369,26-40,EAST,BR0114,05/12/2019
CUST001370,18-25,south,BR0100,2016-03-24
CUST001371,60+,NORTH ,BR0115,2019-11-04
CUST001372, 26-40,E,BR0084,08-02-2018
CUST001373,18-25,EAST ,BR0016,2024-09-26
CUST001374,26_40,E,BR0056,30-07-2023
CUST001375,, WEST ,BR0107,08/04/2019
CUST001376,41-60,south,BR0020,20/12/2021
CUST001377,18-25, SOUTH,,2026-07-11
CUST001378,60+,NORTH ,BR0010,06/07/2022
CUST001379,18-25,W,BR0083,22/08/2016
CUST001380,60_plus,S,BR0083,2023-04-06
CUST001381,18_25,EAST ,BR0092,17/01/2024
CUST001382, 26-40,N,BR0096,08/20/2025
CUST001383, 26-40,north,BR0120,07/04/2016
CUST001384,60+,south,BR0120,2024-01-01
CUST001385,,SOUTH,,2017-07-11
CUST001386,41-60,EAST ,BR0028,2021-08-27
CUST001387, 26-40, SOUTH,BR0006,2021-03-06
CUST001388,60+,NORTH ,BR0014,17-03-2026
CUST001389,,SOUTH,BR0115,2019-02-03
CUST001390,60+,EAST ,BR0088,21/07/2024
CUST001391,26-40,S,BR0041,01/31/2025
CUST001392,60_plus,NORTH ,BR0008,04/16/2020
CUST001393,26-40,NORTH ,BR0011,09-01-2020
CUST001394,26-40,EAST,BR0070,2020-12-10
CUST001395, 18-25 ,SOUTH,BR0018,30/03/2025
CUST001396,41-60,E,BR0021,03/06/2022
CUST001397,26 - 40,W,BR0033,2017-11-30
CUST001398,18 - 25,EAST ,BR0065,21-10-2015
CUST001399,41-60, WEST ,BR0026,2019-03-10
CUST001400,41_60,NORTH ,BR0069,2024-10-15
CUST001401,26-40, SOUTH,BR0005,2015-01-06
CUST001402,26-40,EAST,BR0112,18-07-2023
CUST001403, 60+,North,BR0070,2023-05-27
CUST001404,60_plus,South,BR0105,13-07-2020
CUST001405,41_60,South,BR0116,2022-08-18
CUST001406,41-60,EAST ,BR0044,2018-11-08
CUST001407,26-40,EAST,BR0065,2023-04-13
CUST001408, 60+,W,BR0079,11/06/2021
CUST001409,26-40,N,BR0010,17-10-2025
CUST001410, 26-40,E,BR0102,2019-09-18
CUST001411,41_60,East,BR0094,23/10/2019
CUST001412,18-25,west,BR0080,2017-06-12
CUST001413,18-25, SOUTH,BR0068,09-08-2025
CUST001414,,East,BR0066,2022-10-24
CUST001415,41-60 , WEST ,BR0042,26/04/2024
CUST001416,60+,South,BR0044,2021-04-09
CUST001417,60+,E,BR0065,08/30/2017
CUST001418,60+,NORTH,BR0103,2020-03-16
CUST001419,18-25,,BR0044,19-07-2024
CUST001420,18-25, WEST ,BR0092,2019-12-25
CUST001421,60 +,West,BR0017,10/05/2018
CUST001422, 18-25 ,S,BR0014,2016-05-30
CUST001423,18 - 25,NORTH,BR0002,2024-04-25
CUST001424,60+, SOUTH,BR0091,20/01/2019
CUST001425,41-60,E,BR0062,2015-09-25
CUST001426,60_plus,SOUTH,BR0071,17-09-2017
CUST001427,60 +,West,BR0084,2015-08-28
CUST001428,26 - 40,SOUTH,BR0103,09-09-2016
CUST001429,26-40,east,BR0032,2019-07-23
CUST001430,41_60, WEST ,BR0104,10-06-2015
CUST001431,41-60 ,W,BR0015,2024-11-03
CUST001432,60+,East,BR0077,01-03-2026
CUST001433,41-60,South,BR0104,08/01/2018
CUST001434, 18-25 ,NORTH,BR0071,2025-06-11
CUST001435,60+,E,BR0031,13/05/2016
CUST001436,,East,BR0083,2022-03-12
CUST001437,26-40,NORTH,BR0083,23-10-2022
CUST001438,26_40,SOUTH,BR0026,2025-07-18
CUST001439,60+,North,BR0082,2019-08-25
CUST001440,60_plus,SOUTH,BR0099,2017-07-12
CUST001441,26-40,NORTH ,BR0044,10/25/2024
CUST001442,26-40, SOUTH,BR0027,19-03-2025
CUST001443,41-60 ,East,BR0037,09-11-2023
CUST001444,41-60,East,BR0037,06-05-2019
CUST001445,41 - 60,NORTH,BR0028,2022-09-29
CUST001446,60+, SOUTH,BR0036,2022-04-29
CUST001447,26-40,EAST,BR0100,10/22/2025
CUST001448,41-60 ,S,BR0008,08-12-2024
CUST001449,60_plus,NORTH ,BR0017,2017-05-26
CUST001450,26 - 40,North,BR0111,2017-10-18
CUST001451,60_plus,west,BR0101,06-12-2024
CUST001452,41-60,South,BR0108,
CUST001453, 18-25 ,N,BR0027,02-04-2024
CUST001454,60+,NORTH ,BR0067,09/03/2017
CUST001455,60+,NORTH,BR0091,2026-05-27
CUST001456,26-40,south,BR0007,2021-03-07
CUST001457,60+,,BR0056,2022-12-20
CUST001458,41_60,,BR0026,30-06-2019
CUST001459,60+, WEST ,BR0011,24/05/2020
CUST001460,60+,EAST ,BR0013,24/07/2015
CUST001461,18_25,WEST,BR0005,2020-04-16
CUST001462,18 - 25,,BR0032,07/02/2022
CUST001463, 18-25 , WEST ,BR0068,2016-06-17
CUST001464,18_25,EAST,BR0049,2025-11-16
CUST001465, 60+,South,BR0056,24-07-2026
CUST001466, 18-25 ,NORTH,BR0117,2018-02-17
CUST001467, 60+,NORTH,BR0108,13-08-2015
CUST001468,41-60,North,BR0090,25/04/2026
CUST001469,60+,NORTH ,BR0094,07/01/2021
CUST001470, 18-25 ,east,BR0021,2022-12-26
CUST001471, 26-40,EAST ,BR0070,2020-10-26
CUST001472,41_60,South,BR0011,11/19/2016
CUST001473,60 +,East,BR0055,23-05-2025
CUST001474,60 +,EAST,BR0030,25/12/2016
CUST001475,41_60,South,BR0087,2020-01-11
CUST001476,18_25,West,BR0006,07/05/2021
CUST001477,26 - 40,WEST,BR0066,2015-04-06
CUST001478,60+,E,BR0106,2017-10-21
CUST001479,26-40,S,BR0056,2025-10-03
CUST001480, 60+,WEST,BR0009,14-07-2017
CUST001481,26-40,South,BR0014,22/02/2024
CUST001482,26-40,E,BR0052,06/29/2015
CUST001483,41-60,EAST,BR0055,03-05-2019
CUST001484,60_plus, WEST ,BR0120,04-11-2017
CUST001485, 18-25 ,NORTH ,BR0071,2024-12-06
CUST001486,18-25, SOUTH,BR0034,01-08-2020
CUST001487,60+,W,BR0115,11/09/2020
CUST001488,18-25,S,BR0008,2023-02-07
CUST001489,18-25,WEST,BR0094,2023-11-09
CUST001490,60 +,N,BR0042,2025-11-21
CUST001491,41-60,East,BR0118,22/02/2021
CUST001492,60_plus,north,BR0034,2021-12-20
CUST001493,60_plus,N,BR0040,25/04/2019
CUST001494,18_25,east,BR0113,18/02/2019
CUST001495,41-60,E,br0030,2024-07-17
CUST001496,26-40, WEST ,BR0062,2023-12-31
CUST001497,18_25,North,BR0013,16/04/2026
CUST001498,,NORTH,BR0067,02/03/2026
CUST001499,18-25,EAST ,,2021-02-16
CUST001500,60+,WEST,BR0015,2020-08-20
CUST001501,60+,E,BR0111,11/10/2022
CUST001502,41-60,south,BR0086,2026-04-17
CUST001503,41-60,west,BR0048,08/04/2018
CUST001504,18-25,South,BR0058,07-01-2026
CUST001505,18_25,West,BR0038,2018-09-24
CUST001506,60 +,NORTH ,BR0002,05-07-2016
CUST001507,26-40,SOUTH,BR0102,13/04/2026
CUST001508,26-40,EAST,BR0118,2017-04-30
CUST001509,60_plus,E,BR0108,2021-04-03
CUST001510,41-60,N,BR0069,28-08-2025
CUST001511,18-25,East,BR0016,2026-04-08
CUST001512, 60+,W,BR0100,2016-05-14
CUST001513, 60+,WEST,BR0058,2020-03-20
CUST001514,60 +,East,BR0107,2025-01-30
CUST001515,18-25,WEST,BR0105,09/18/2019
CUST001516,18 - 25,South,BR0006,
CUST001517,18 - 25, WEST ,BR0006,14-10-2025
CUST001518,18-25,WEST,BR0118,06/28/2021
CUST001519, 18-25 ,NORTH ,BR0101,2018-02-06
CUST001520,41 - 60,NORTH,BR0099,
CUST001521,41-60, WEST ,BR0043,2024-10-10
CUST001522,60_plus,NORTH,BR0051,09-12-2016
CUST001523,,W,BR0052,11/01/2021
CUST001524,18-25, SOUTH,BR0026,2024-02-02
CUST001525, 18-25 ,W,BR0115,19/11/2025
CUST001526,18-25,West,BR0109,2023-06-16
CUST001527,26-40, SOUTH,BR0098,2019-03-11
CUST001528, 18-25 ,East,BR0101,01/19/2022
CUST001529,60_plus,North,BR0050,2017-03-02
CUST001530,26-40,West,BR0023,2025-09-16
CUST001531,60+,east,BR0017,2021-08-02
CUST001532,18-25,SOUTH,BR0019,22/02/2026
CUST001533,18 - 25,West,BR0116,2016-03-08
CUST001534,26-40,West,BR0118,2021-04-12
CUST001535,26-40,West,BR0054,2023-05-15
CUST001536,41-60 ,NORTH,BR0048,27/05/2025
CUST001537,18-25,NORTH,BR0030,2024-11-18
CUST001538,26-40,NORTH ,,2025-11-07
CUST001539, 18-25 ,E,BR0090,27/02/2018
CUST001540, 60+, SOUTH,BR0077,2017-08-04
CUST001541,26_40,E,BR0116,2015-10-18
CUST001542,41-60 ,West,BR0009,2023-01-27
CUST001543,26-40, SOUTH,BR0052,2024-10-06
CUST001544, 26-40,east,BR0065,2018-12-19
CUST001545,41_60,north,BR0058,2016-02-15
CUST001546,41-60,West,br0024,2015-10-06
CUST001547,41-60,EAST,BR0077,11/13/2016
CUST001548,60+,North,BR0038,2023-09-23
CUST001549,26 - 40,East,BR0118,12-11-2016
CUST001550,18 - 25,west,BR0116,2016-05-02
CUST001551,18-25,East,BR0120,2020-10-27
CUST001552,41-60,NORTH ,BR0057,26-05-2025
CUST001553,41 - 60,EAST,BR0086,03/21/2015
CUST001554,26-40,North,BR0075,10/29/2017
CUST001555,60+,EAST,BR0039,12/19/2019
CUST001556, 26-40,south,BR0044,2016-08-01
CUST001557, 60+,NORTH,BR0055,2016-04-26
CUST001558,60_plus, SOUTH,BR0089,20-11-2019
CUST001559,41-60,East,BR0051,
CUST001560,26 - 40,NORTH,BR0049,2023-10-10
CUST001561,41-60,S,BR0020,04/06/2022
CUST001562, 18-25 ,WEST,BR0001,2024-04-14
CUST001563,26-40, WEST ,br0018,07/03/2022
CUST001564,60+,west,BR0111,2024-07-01
CUST001565,26-40,SOUTH,BR0019,2019-03-09
CUST001566,60+,SOUTH,BR0015,2018-08-20
CUST001567,18-25,SOUTH,BR0078,11/28/2022
CUST001568, 18-25 ,WEST,BR0073,2017-07-07
CUST001569,41-60,N,BR0073,2025-07-20
CUST001570, 60+,north,BR0062,2019-11-05
CUST001571, 26-40,West,BR0036,13-03-2016
CUST001572,26-40,,BR0023,10-11-2017
CUST001573,26-40,SOUTH,BR0036,28-09-2019
CUST001574,18-25,E,BR0026,2015-04-17
CUST001575,18-25,South,BR0017,07-11-2017
CUST001576,41 - 60,S,BR0043,2023-11-17
CUST001577,18-25, SOUTH,BR0046,2020-01-12
CUST001578,18 - 25,NORTH ,BR0105,2025-07-14
CUST001579,18-25,SOUTH,BR0004,2021-03-10
CUST001580,26-40,SOUTH,BR0002,04/08/2023
CUST001581,60_plus,NORTH ,BR0051,27/06/2026
CUST001582,18-25,east,BR0057,28-05-2019
CUST001583,26 - 40,,BR0083,2019-04-04
CUST001584,26_40,NORTH,BR0019,01/30/2018
CUST001585,41-60,N,BR0082,01/21/2026
CUST001586,18 - 25,West,BR0093,24-11-2016
CUST001587,60+,East,BR0093,05/03/2025
CUST001588,41 - 60,South,BR0026,2020-05-27
CUST001589,41 - 60,WEST,BR0093,10/04/2023
CUST001590,41_60, WEST ,BR0115,07/11/2022
CUST001591,26_40,west,BR0120,07/29/2023
CUST001592,26-40,south,BR0003,06/13/2022
CUST001593,41-60 ,East,BR0077,29-04-2023
CUST001594,60+,SOUTH,BR0036,2017-08-30
CUST001595,41-60,E,BR0032,26/04/2024
CUST001596,41-60,NORTH ,BR0029,05/04/2017
CUST001597,18-25,NORTH ,BR0106,2017-09-12
CUST001598,60+,east,BR0047,2018-12-14
CUST001599,60+,WEST,BR0025,27-07-2015
CUST001600,41 - 60, SOUTH,BR0017,2022-04-07
CUST001601,18-25,NORTH,BR0081,11/07/2024
CUST001602,41-60,NORTH,BR0020,2017-11-14
CUST001603,60 +,SOUTH,BR0078,08/10/2017
CUST001604, 60+,NORTH ,BR0117,25-06-2023
CUST001605, 26-40,SOUTH,BR0024,14/11/2025
CUST001606,41-60 ,South,BR0020,2024-12-05
CUST001607,26-40,West,BR0029,2016-12-14
CUST001608,60_plus,N,BR0006,02/03/2026
CUST001609,26-40,NORTH,BR0020,26/12/2019
CUST001610,26 - 40, WEST ,BR0098,2024-01-11
CUST001611,41-60,South,BR0021,19/05/2017
CUST001612,26-40,South,BR0046,2022-07-28
CUST001613,60+,West,BR0083,25-11-2023
CUST001614,,East,BR0040,2022-04-07
CUST001615,18-25, SOUTH,BR0066,21-02-2020
CUST001616,41_60,EAST ,BR0041,11/28/2018
CUST001617,41-60,EAST,BR0099,2024-08-09
CUST001618, 18-25 ,S,BR0071,
CUST001619,26-40,West,BR0010,2017-02-26
CUST001620,26-40,S,BR0092,2024-01-19
CUST001621,60_plus,West,BR0055,16/10/2016
CUST001622,26-40,WEST,BR0044,28-08-2025
CUST001623,26 - 40,East,BR0012,2021-12-04
CUST001624,41-60,SOUTH,BR0076,2022-10-30
CUST001625,41-60 ,,,06/09/2024
CUST001626,41-60, WEST ,BR0074,10/12/2021
CUST001627,26_40,WEST,BR0043,2022-12-01
CUST001628,26-40,west,BR0079,2016-10-09
CUST001629,41-60,West,BR0007,2015-03-07
CUST001630, 26-40,West,BR0031,07/03/2021
CUST001631,41-60 ,EAST ,BR0032,14/11/2020
CUST001632,41 - 60,EAST,BR0040,26/06/2020
CUST001633,41-60,East,BR0035,2018-11-04
CUST001634,41-60 ,West,BR0086,2021-01-17
CUST001635, 18-25 ,North,BR0062,04/10/2021
CUST001636,26-40,west,BR0103,2017-10-26
CUST001637,41-60,EAST ,BR0019,23/03/2016
CUST001638,41-60,North,BR0060,2022-12-28
CUST001639,26-40,WEST,BR0056,11/25/2019
CUST001640,41-60 ,east,BR0029,2023-04-28
CUST001641,26-40,South,BR0032,2019-02-09
CUST001642,18-25,W,BR0095,21/11/2023
CUST001643,18-25,East,BR0036,2016-02-15
CUST001644,18 - 25, WEST ,BR0009,2015-11-04
CUST001645,18-25,EAST,BR0105,2024-06-20
CUST001646,41 - 60,South,BR0067,2020-03-30
CUST001647,41_60,North,BR0002,2020-09-08
CUST001648,18 - 25,west,BR0002,23-09-2025
CUST001649,41-60,North,BR0048,11/18/2018
CUST001650,41_60,North,BR0118,2017-11-06
CUST001651,18-25,South,BR0017,2016-04-24
CUST001652,60+,WEST,BR0061,15/03/2022
CUST001653,26-40,E,BR0112,10-07-2025
CUST001654,18-25,N,BR0044,27-04-2021
CUST001655,26-40, SOUTH,BR0010,2016-11-23
CUST001656, 60+,E,BR0118,2016-08-28
CUST001657,60+,S,BR0014,24-08-2020
CUST001658,41 - 60,NORTH ,BR0023,12-09-2023
CUST001659,60+,east,BR0015,10-03-2022
CUST001660,60+,N,BR0026,06/12/2024
CUST001661,41-60 ,W,BR0119,20/06/2015
CUST001662,41-60 ,EAST,BR0112,2025-01-19
CUST001663,26_40,South,BR0077,2021-01-04
CUST001664,60+,south,BR0003,2022-11-01
CUST001665,26-40,South,BR0015,2024-03-16
CUST001666,41-60,West,BR0060,2024-03-01
CUST001667,41 - 60,SOUTH,BR0010,2026-07-15
CUST001668,41-60,North,BR0098,13-01-2020
CUST001669,18-25,North,BR0048,11-07-2017
CUST001670, 60+, WEST ,BR0002,2022-04-30
CUST001671,60+,SOUTH,BR0050,2026-03-02
CUST001672,26-40, WEST ,BR0112,30-08-2017
CUST001673,26-40,N,BR0120,2016-09-07
CUST001674,18-25,E,BR0015,06/18/2026
CUST001675,18-25,West,BR0053,24-03-2021
CUST001676, 26-40,,BR0029,21-06-2015
CUST001677,,South,BR0025,2017-02-28
CUST001678,41-60,S,BR0120,16/05/2024
CUST001679,18-25,West,BR0097,2020-02-04
CUST001680, 26-40,West,BR0062,2026-05-05
CUST001681,60+,North,BR0040,2016-09-01
CUST001682,26-40,SOUTH,BR0109,01/11/2022
CUST001683, 18-25 ,NORTH ,BR0062,2015-12-22
CUST001684,41-60 ,north,BR0010,12/21/2024
CUST001685,18-25,W,BR0083,06-11-2022
CUST001686,18 - 25, SOUTH,BR0090,16/08/2023
CUST001687,41-60 ,south,BR0040,2018-08-24
CUST001688,41 - 60,NORTH ,BR0114,2015-07-04
CUST001689, 26-40,EAST,BR0074,01-02-2015
CUST001690,41 - 60,E,BR0080,2021-03-09
CUST001691,41-60,south,BR0067,10-12-2023
CUST001692,18_25,north,BR0002,18/07/2026
CUST001693,41-60,North,BR0059,2016-05-16
CUST001694,41-60 ,E,,06/04/2019
CUST001695,41_60,S,BR0061,18-05-2017
CUST001696,26-40,west,,12-01-2016
CUST001697,60+,,BR0046,08/11/2020
CUST001698, 60+,EAST ,BR0007,09-06-2015
CUST001699,26_40,NORTH,BR0097,2017-10-03
CUST001700,41-60,East,BR0006,09/10/2022
CUST001701,60+,NORTH ,BR0100,20-09-2022
CUST001702,60+,West,BR0110,2022-06-10
CUST001703,41_60,EAST ,BR0116,2022-04-21
CUST001704,60+,S,BR0001,2018-01-28
CUST001705,26-40,NORTH,BR0051,01/18/2017
CUST001706,60+, SOUTH,BR0055,11-07-2020
CUST001707,41-60 ,S,BR0022,2022-01-05
CUST001708,41_60,NORTH ,BR0044,2016-01-22
CUST001709,41_60,EAST ,BR0047,2018-03-02
CUST001710,41-60,WEST,BR0039,2025-04-21
CUST001711,26-40,W,BR0029,2024-06-13
CUST001712,26-40, SOUTH,BR0066,05/12/2018
CUST001713,41-60,,BR0106,2016-05-27
CUST001714,41_60,south,BR0062,2016-02-14
CUST001715,18-25,West,BR0112,2025-09-30
CUST001716, 26-40,north,BR0105,05/10/2020
CUST001717,60+,EAST,BR0074,2015-10-30
CUST001718,41_60,N,BR0107,2018-09-03
CUST001719,60 +,East,BR0050,03-09-2021
CUST001720, 60+,S,BR0048,15-05-2022
CUST001721, 26-40,North,BR0057,29/08/2016
CUST001722,26 - 40,WEST,BR0119,09/17/2021
CUST001723,41-60, SOUTH,BR0112,2017-05-08
CUST001724,18-25,EAST ,BR0015,10/01/2026
CUST001725,,N,BR0111,29/09/2018
CUST001726,18-25, WEST ,BR0029,08-01-2022
CUST001727,18 - 25,north,BR0087,2017-09-22
CUST001728,18-25,S,BR0040,2022-11-03
CUST001729, 18-25 ,E,BR0110,2021-05-10
CUST001730,41-60, SOUTH,BR0044,2026-02-16
CUST001731,26_40,E,BR0052,05/06/2020
CUST001732,18 - 25,EAST ,BR0082,2020-07-10
CUST001733,60_plus,W,BR0045,2023-07-09
CUST001734,18 - 25, SOUTH,BR0059,06/17/2024
CUST001735,60+,south,BR0011,16/07/2016
CUST001736,18-25,west,BR0027,2021-09-20
CUST001737,41-60,North,,2018-03-15
CUST001738, 26-40,east,BR0059,27-02-2020
CUST001739, 18-25 ,NORTH ,BR0034,30-01-2015
CUST001740,41-60 ,east,BR0045,2022-05-16
CUST001741,26_40,East,BR0055,08/09/2017
CUST001742,41 - 60,North,BR0027,2016-06-16
CUST001743,60_plus,E,BR0030,2025-08-26
CUST001744,18-25,N,BR0045,05/26/2024
CUST001745,26_40,East,BR0119,27/10/2018
CUST001746, 18-25 ,EAST ,BR0001,2015-06-11
CUST001747,41-60,south,BR0100,2016-09-08
CUST001748,41-60,South,BR0070,2025-08-24
CUST001749,41-60 ,South,BR0064,2019-02-28
CUST001750,26-40,N,BR0007,2024-09-05
CUST001751,, WEST ,BR0022,2015-10-15
CUST001752,26_40,West,BR0047,2015-09-13
CUST001753,41-60,West,BR0103,2025-05-07
CUST001754,26-40,South,BR0027,04-12-2015
CUST001755,18 - 25,South,BR0103,07-04-2021
CUST001756,60+,NORTH ,BR0059,03/16/2016
CUST001757,26-40,South,BR0012,2022-09-05
CUST001758,41-60,N,BR0095,22/08/2025
CUST001759,18-25,west,BR0029,08-10-2016
CUST001760,41 - 60,south,BR0106,2022-11-13
CUST001761,18-25,north,BR0069,30/10/2018
CUST001762,60 +,west,BR0055,10-07-2026
CUST001763,60_plus,N,BR0040,2020-03-05
CUST001764, 18-25 ,NORTH ,BR0109,2021-09-29
CUST001765,26_40,South,BR0030,2024-10-20
CUST001766, 18-25 ,S,BR0053,
CUST001767,18-25,West,br0046,
CUST001768,18-25,West,BR0096,14-05-2020
CUST001769, 18-25 ,NORTH,BR0052,2017-01-26
CUST001770,26-40,West,BR0095,24-04-2025
CUST001771,60+,east,BR0108,2024-07-15
CUST001772,26-40,East,BR0016,06/24/2020
CUST001773, 18-25 ,EAST,BR0072,2022-05-25
CUST001774,41-60,south,,2023-02-21
CUST001775,41_60,west,BR0074,17/02/2021
CUST001776,26 - 40,N,BR0113,14-02-2018
CUST001777,18 - 25,South,BR0077,2015-01-10
CUST001778,26-40,NORTH ,BR0042,15-01-2023
CUST001779,41-60,south,,2016-12-15
CUST001780, 26-40,N,BR0054,2022-05-05
CUST001781,60+,NORTH ,BR0029,2015-07-12
CUST001782, 26-40,NORTH,BR0113,07-11-2017
CUST001783,60+,SOUTH,BR0034,2015-04-05
CUST001784,41-60,east,BR0006,26/12/2018
CUST001785,60+,EAST ,BR0004,2020-04-22
CUST001786,26 - 40,south,BR0072,2024-03-11
CUST001787,41-60, SOUTH,BR0024,2026-06-04
CUST001788,60+,West,BR0036,29/11/2024
CUST001789, 60+,E,BR0060,07-05-2016
CUST001790,18_25,N,BR0073,2018-04-07
CUST001791,41-60,EAST ,BR0097,2017-06-23
CUST001792,60+,East,BR0074,19-12-2023
CUST001793,41 - 60,NORTH,BR0079,2016-10-19
CUST001794,18 - 25,East,BR0076,11/04/2026
CUST001795,41-60 ,NORTH ,BR0111,16/03/2017
CUST001796,26-40,east,BR0096,2019-03-08
CUST001797,60+,WEST,BR0031,2026-05-01
CUST001798,26-40,SOUTH,BR0071,2016-02-10
CUST001799,18-25,WEST,BR0097,19/06/2025
CUST001800,18 - 25,West,BR0046,22-02-2016
CUST001801,41 - 60,east,BR0081,2024-10-24
CUST001802,26 - 40,West,BR0087,2015-01-29
CUST001803,18 - 25,NORTH ,BR0004,07/17/2025
CUST001804,26 - 40,west,BR0100,07/08/2022
CUST001805, 60+,North,,21/03/2023
CUST001806,18-25,east,BR0099,2019-03-06
CUST001807, 60+,W,BR0049,2020-10-27
CUST001808,60_plus,EAST,BR0089,07-03-2023
CUST001809,26-40,NORTH ,BR0106,10/09/2025
CUST001810,41-60,East,BR0028,25-12-2019
CUST001811,41-60 ,NORTH,BR0014,03/09/2016
CUST001812,26-40,EAST,BR0093,15-09-2023
CUST001813,26-40,East,BR0012,28/08/2017
CUST001814,60_plus, SOUTH,BR0104,2017-09-28
CUST001815,41-60,North,BR0010,23/05/2022
CUST001816,41-60 ,north,BR0020,09/01/2016
CUST001817,60+,WEST,BR0101,18/04/2023
CUST001818,60_plus,EAST,BR0004,2026-03-20
CUST001819,41 - 60, SOUTH,BR0008,11/19/2021
CUST001820,26_40,north,BR0042,2023-08-07
CUST001821,41-60,W,BR0019,30/07/2026
CUST001822,60_plus,SOUTH,BR0115,09/22/2025
CUST001823,26-40, WEST ,BR0018,02-09-2024
CUST001824,18_25,north,BR0120,2020-03-29
CUST001825,41-60,EAST,BR0107,27-06-2019
CUST001826,41-60 ,west,BR0041,2022-03-20
CUST001827, 60+, WEST ,BR0045,22-09-2016
CUST001828, 26-40, SOUTH,BR0052,2019-08-17
CUST001829,26 - 40,NORTH,BR0107,2025-12-28
CUST001830,60+,north,BR0114,06/01/2021
CUST001831,26-40,NORTH ,BR0002,2019-01-07
CUST001832, 60+,NORTH,BR0114,2021-01-09
CUST001833, 60+,NORTH ,BR0114,2016-10-20
CUST001834,18-25,north,BR0027,2019-02-12
CUST001835,26-40,West,BR0101,2015-02-13
CUST001836,18 - 25,east,BR0113,2022-04-16
CUST001837,26-40, SOUTH,BR0111,23/08/2017
CUST001838,18-25,WEST,BR0056,05/06/2022
CUST001839, 26-40,East,BR0034,2023-05-19
CUST001840,60+, WEST ,BR0097,2018-10-21
CUST001841, 18-25 ,S,BR0024,17/09/2021
CUST001842,18-25,N,BR0116,
CUST001843,26-40,North,BR0116,2016-05-01
CUST001844,26-40,North,BR0075,22-05-2021
CUST001845,26-40,south,BR0051,2017-12-19
CUST001846,41-60 ,SOUTH,BR0101,17/08/2018
CUST001847,41-60 ,SOUTH,BR0032,2016-09-08
CUST001848,41-60,NORTH ,BR0100,07/23/2019
CUST001849, 18-25 , WEST ,BR0030,2023-12-28
CUST001850,41_60,west,BR0115,2024-07-19
CUST001851,,S,BR0041,2019-04-15
CUST001852,41 - 60,,BR0013,2018-02-17
CUST001853,41-60,N,BR0063,2018-02-18
CUST001854,26-40,East,BR0012,14-09-2020
CUST001855, 18-25 ,north,BR0062,29/07/2023
CUST001856,26-40,west,BR0112,2022-08-19
CUST001857,41_60,E,BR0046,11/08/2018
CUST001858,60 +, SOUTH,BR0003,2025-10-25
CUST001859,26-40,south,BR0011,2018-07-26
CUST001860,18-25,EAST ,BR0114,2024-03-22
CUST001861,,South,BR0036,04-12-2018
CUST001862,60_plus,WEST,,08/09/2022
CUST001863,41_60,NORTH ,BR0083,2016-09-05
CUST001864,26-40,S,BR0018,2017-02-06
CUST001865,60+,WEST,BR0019,2022-03-09
CUST001866,60+,West,BR0028,2022-12-09
CUST001867,26_40,EAST ,BR0106,01-01-2020
CUST001868,26_40,east,BR0056,2017-03-23
CUST001869,41-60, SOUTH,BR0061,2023-02-13
CUST001870,18_25,south,BR0024,22/03/2021
CUST001871,60+,N,BR0003,02-02-2026
CUST001872,26-40,North,BR0029,2020-12-29
CUST001873,26-40,East,BR0050,2015-03-30
CUST001874,41 - 60, SOUTH,BR0006,2019-06-09
CUST001875,41-60,N,BR0065,2022-01-07
CUST001876,26-40,East,BR0076,24-09-2015
CUST001877,18-25,north,BR0083,2021-08-02
CUST001878,41-60,NORTH ,BR0011,18/11/2022
CUST001879,60_plus,West,BR0119,2016-07-04
CUST001880, 18-25 ,NORTH,BR0061,2017-06-20
CUST001881,41-60,WEST,BR0031,2024-08-10
CUST001882,26 - 40,EAST ,BR0032,13-11-2024
CUST001883,60_plus,N,BR0024,08/30/2025
CUST001884,,W,BR0056,23-05-2022
CUST001885,18_25,S,BR0039,21-07-2026
CUST001886,60_plus,east,BR0109,2018-02-04
CUST001887,60+,WEST,BR0052,2024-02-18
CUST001888,18-25,S,BR0087,04/20/2019
CUST001889, 26-40,N,BR0120,2018-06-14
CUST001890,26-40,WEST,BR0106,2018-11-06
CUST001891,18-25,SOUTH,BR0031,2015-06-07
CUST001892,60_plus,W,BR0079,2019-04-05
CUST001893,26-40,East,BR0090,2016-09-09
CUST001894,60_plus,NORTH ,BR0083,2017-07-22
CUST001895,18-25,E,BR0085,
CUST001896,60+,N,BR0053,2016-01-28
CUST001897, 18-25 ,NORTH ,BR0020,19-04-2024
CUST001898,41-60,EAST,BR0003,08/08/2022
CUST001899,60 +,NORTH ,BR0055,19/08/2023
CUST001900,60_plus,N,BR0018,2017-09-10
CUST001901,26_40,east,BR0042,15-02-2019
CUST001902,60+,north,BR0120,2023-05-22
CUST001903,18-25,west,BR0024,2025-02-14
CUST001904,18-25,WEST,BR0097,25/12/2017
CUST001905,41-60, SOUTH,BR0097,10/11/2024
CUST001906,, SOUTH,BR0035,2018-04-18
CUST001907,60_plus,east,BR0052,2017-11-07
CUST001908,60_plus,west,BR0017,11/13/2025
CUST001909,26-40,East,BR0050,2017-11-21
CUST001910,18_25,West,BR0045,18-06-2018
CUST001911,26-40, WEST ,BR0060,2019-03-15
CUST001912,18-25,E,BR0067,2020-07-16
CUST001913, 26-40,,BR0001,11-02-2016
CUST001914,60_plus,north,BR0085,17-05-2021
CUST001915,26-40,S,BR0064,2025-07-17
CUST001916,60 +,west,BR0101,08/28/2021
CUST001917,26-40,south,BR0004,2024-07-26
CUST001918, 18-25 ,West,BR0073,06-10-2015
CUST001919, 60+,NORTH,BR0047,22-01-2025
CUST001920, 60+,West,BR0084,
CUST001921,26-40,North,BR0010,30/01/2022
CUST001922,18_25,South,BR0045,01/09/2019
CUST001923,41-60 ,N,BR0062,2019-04-05
CUST001924,41-60,west,BR0001,2015-07-30
CUST001925,60+,EAST,,2025-07-20
CUST001926,18_25,EAST,BR0031,2022-10-14
CUST001927,26-40,N,,2022-10-08
CUST001928,18-25,west,BR0103,31-07-2020
CUST001929,60+,WEST,BR0002,14-04-2015
CUST001930,41-60,North,BR0101,29/10/2016
CUST001931, 26-40,SOUTH,BR0048,16-12-2023
CUST001932,18 - 25,North,BR0021,2023-07-28
CUST001933,26-40,EAST ,BR0008,2025-07-04
CUST001934,18_25,WEST,BR0006,2017-01-29
CUST001935,41-60,South,BR0049,08-03-2021
CUST001936,41-60,South,BR0015,08/15/2021
CUST001937,,S,,09/15/2025
CUST001938,41-60,N,BR0087,2019-05-31
CUST001939,41_60,East,BR0054,09/10/2023
CUST001940,60+,WEST,BR0002,2021-10-03
CUST001941,60+,W,BR0043,2020-04-21
CUST001942,60+,S,BR0012,07-03-2015
CUST001943,18-25,North,BR0095,2023-03-08
CUST001944,41-60,west,BR0090,07-07-2017
CUST001945,60+,WEST,BR0060,01/21/2026
CUST001946,41-60,SOUTH,BR0096,05/26/2021
CUST001947,18-25,N,BR0045,10/05/2021
CUST001948,41_60,South,BR0088,2026-02-07
CUST001949,60+,WEST,BR0108,2015-09-07
CUST001950,26_40,WEST,BR0046,2026-04-21
CUST001951,,West,BR0082,2017-02-08
CUST001952, 60+,South,BR0010,2021-11-24
CUST001953,60+,East,BR0104,27-06-2025
CUST001954,60+,N,BR0069,26/09/2021
CUST001955,26_40,N,BR0113,01-12-2020
CUST001956, 60+,EAST ,BR0024,22/09/2025
CUST001957, 18-25 ,NORTH,BR0021,2025-12-18
CUST001958,26 - 40,West,BR0018,2024-01-30
CUST001959,26-40, SOUTH,BR0115,2019-03-11
CUST001960, 26-40,South,BR0112,2018-01-24
CUST001961,18-25,NORTH,BR0025,2026-07-31
CUST001962,41_60,,BR0087,2016-11-19
CUST001963,41-60,NORTH ,BR0073,11-07-2019
CUST001964,18-25,west,BR0028,09/13/2024
CUST001965,26-40, WEST ,BR0010,10/04/2015
CUST001966,41 - 60,WEST,BR0047,2015-10-11
CUST001967,41-60,NORTH,BR0102,19/12/2017
CUST001968,60_plus,E,BR0059,20/01/2015
CUST001969,26-40, SOUTH,BR0066,19/01/2024
CUST001970,60 +,west,BR0063,11/18/2019
CUST001971,60 +,E,BR0033,2024-08-01
CUST001972,,E,BR0085,2024-10-15
CUST001973, 26-40,WEST,BR0021,03-09-2016
CUST001974,41-60 ,East,BR0001,2025-02-06
CUST001975,26-40,EAST ,BR0106,2022-08-25
CUST001976,60+,South,BR0068,2016-04-18
CUST001977,41-60,NORTH ,BR0094,2023-04-20
CUST001978,41_60,E,BR0057,2023-09-04
CUST001979,26-40,West,BR0103,01-05-2016
CUST001980,18_25,NORTH,BR0046,2026-05-12
CUST001981,60 +,west,BR0098,03/29/2017
CUST001982,60_plus,NORTH,BR0058,22/04/2024
CUST001983,41 - 60,NORTH ,BR0033,03/10/2020
CUST001984,,South,BR0117,30/06/2026
CUST001985,60+,WEST,BR0053,09/09/2021
CUST001986, 26-40,North,BR0089,2020-01-04
CUST001987,41 - 60,,BR0099,01-09-2025
CUST001988,60+,East,BR0015,2021-01-23
CUST001989,18_25, WEST ,BR0066,2022-03-21
CUST001990, 26-40,north,BR0081,2024-09-10
CUST001991,41-60,North,BR0046,2018-02-20
CUST001992,18_25,East,BR0013,2025-04-24
CUST001993,60+,north,BR0116,2018-07-26
CUST001994, 26-40,W,BR0036,27-06-2020
CUST001995,60+,E,BR0080,02/06/2024
CUST001996,26-40,West,BR0050,17-10-2019
CUST001997,18-25,NORTH ,BR0020,23/07/2023
CUST001998,41_60,NORTH ,BR0031,08-12-2019
CUST001999,18-25, SOUTH,BR0074,2024-08-10
CUST002000,60+,EAST ,BR0075,2024-12-25
CUST002001, 26-40,NORTH ,BR0060,2016-06-14
CUST002002,41-60,West,BR0071,2026-06-24
CUST002003,18-25, WEST ,BR0031,2019-01-17
CUST002004,18 - 25,N,BR0070,06/09/2023
CUST002005, 18-25 ,,BR0052,28/10/2015
CUST002006,26-40,S,BR0050,2020-01-09
CUST002007,60 +,WEST,BR0041,2025-04-28
CUST002008,26-40,WEST,BR0057,31/10/2018
CUST002009,26-40,EAST,BR0099,2015-09-26
CUST002010, 60+,S,BR0106,03/31/2023
CUST002011,18-25,EAST ,BR0084,06/02/2018
CUST002012,41-60,WEST,BR0097,03-09-2016
CUST002013,60_plus,North,BR0039,2023-01-04
CUST002014,60_plus,EAST,BR0030,08/01/2024
CUST002015,18_25,S,BR0028,03/09/2019
CUST002016,60+,S,BR0086,2017-05-05
CUST002017,26 - 40,north,BR0118,09/02/2018
CUST002018,26-40,EAST,BR0081,15/09/2024
CUST002019,60+, WEST ,BR0050,2023-01-01
CUST002020,60+,NORTH ,BR0001,2018-09-18
CUST002021, 60+,EAST,BR0098,2025-10-03
CUST002022,41-60 , WEST ,BR0095,2017-10-24
CUST002023,26-40,North,BR0110,31-08-2015
CUST002024,60 +,N,BR0054,06/20/2023
CUST002025,18-25,EAST ,BR0036,2015-09-20
CUST002026,26-40,south,BR0070,07-09-2019
CUST002027,26_40,NORTH,BR0058,2021-10-29
CUST002028,41-60,South,BR0110,11/14/2023
CUST002029,41-60,WEST,BR0050,2023-07-07
CUST002030,41 - 60,W,BR0046,2019-02-05
CUST002031,41-60,NORTH,BR0110,2022-04-03
CUST002032,41-60,south,BR0119,2023-12-16
CUST002033,,West,BR0009,24-06-2023
CUST002034,41 - 60,South,BR0015,2025-04-09
CUST002035,41-60,,BR0042,2024-10-07
CUST002036,18 - 25,E,BR0013,2020-06-15
CUST002037,18-25,north,BR0062,05/01/2017
CUST002038, 18-25 ,N,BR0081,2017-11-21
CUST002039,18_25,North,BR0106,2016-08-13
CUST002040,26-40,North,BR0024,07/09/2022
CUST002041,,East,BR0095,2018-06-10
CUST002042,18-25,east,BR0073,2024-01-05
CUST002043,26-40,south,BR0041,2017-12-04
CUST002044,41_60,NORTH,BR0095,2016-09-10
CUST002045,41-60,North,BR0023,14/08/2017
CUST002046,41-60,west,BR0028,10/09/2021
CUST002047,60_plus,south,BR0056,22-03-2016
CUST002048,41-60, WEST ,BR0111,2023-02-01
CUST002049,26-40,north,BR0050,16-06-2022
CUST002050,60_plus,East,BR0066,2024-05-04
CUST002051,41-60,East,BR0057,2023-11-01
CUST002052,26-40,West,BR0113,09-08-2022
CUST002053,26 - 40, WEST ,BR0020,2016-11-01
CUST002054,60+,south,BR0085,21-03-2026
CUST002055,18_25,W,BR0073,2016-09-24
CUST002056,26 - 40,NORTH,BR0101,2025-05-11
CUST002057,60+,WEST,BR0022,2017-02-20
CUST002058, 60+,N,BR0050,2017-08-23
CUST002059,41_60,EAST ,BR0042,2018-09-09
CUST002060,41_60,S,BR0018,2021-09-28
CUST002061,41-60 ,NORTH,BR0053,21-07-2021
CUST002062,60_plus,NORTH ,BR0071,2017-06-27
CUST002063,18-25,NORTH,BR0092,05/10/2015
CUST002064,26-40,East,BR0086,08/08/2019
CUST002065,18-25,EAST,BR0010,2019-11-09
CUST002066,18-25,E,BR0076,2015-07-24
CUST002067,26-40, WEST ,BR0052,15/08/2016
CUST002068,26-40,south,BR0096,09/11/2020
CUST002069,26-40,WEST,BR0073,2017-03-27
CUST002070,18-25,WEST,BR0114,24/07/2019
CUST002071, 18-25 ,North,br0060,2016-12-24
CUST002072,60 +, SOUTH,BR0010,2024-10-12
CUST002073,60_plus,West,BR0031,11/04/2015
CUST002074,18 - 25,N,BR0022,2022-10-24
CUST002075,26-40,south,BR0077,2019-02-28
CUST002076,41-60,East,BR0064,2015-01-17
CUST002077,60 +,W,BR0091,2023-01-19
CUST002078,26-40,N,BR0090,10/20/2022
CUST002079,26-40,East,BR0024,2025-03-21
CUST002080,41_60,EAST ,BR0061,05/08/2021
CUST002081,41-60,NORTH ,BR0054,2026-06-25
CUST002082,18-25, WEST ,BR0008,2017-04-01
CUST002083,18_25,S,BR0016,2018-08-14
CUST002084,26-40,,BR0036,2019-04-27
CUST002085,,NORTH,BR0071,2017-08-06
CUST002086,18 - 25,south,BR0106,2019-05-11
CUST002087,60+,SOUTH,BR0056,01/23/2023
CUST002088, 18-25 ,SOUTH,BR0070,2021-09-24
CUST002089,41-60,East,BR0066,2020-11-21
CUST002090,60+,S,BR0011,2020-01-04
CUST002091,41_60,North,BR0075,2017-03-08
CUST002092,60+, SOUTH,BR0002,04/01/2022
CUST002093,41-60 ,N,BR0024,26-05-2024
CUST002094,18 - 25,S,BR0070,2016-02-02
CUST002095,26-40,east,BR0006,2024-12-17
CUST002096,60 +,E,BR0008,2015-06-17
CUST002097, 60+,west,BR0059,2019-01-17
CUST002098, 18-25 ,South,BR0116,2026-06-28
CUST002099,18_25,EAST,BR0044,2017-06-03
CUST002100,60+,NORTH ,BR0064,2018-08-21
CUST002101,18-25,South,BR0080,2021-07-12
CUST002102,18-25,S,BR0006,19-02-2018
CUST002103,18_25,west,BR0077,2021-10-10
CUST002104,26-40,S,BR0052,2015-02-10
CUST002105,41-60,North,BR0065,2023-01-14
CUST002106,60+,NORTH,BR0083,2020-01-23
CUST002107,18-25,North,BR0083,2018-04-12
CUST002108,41 - 60,east,,30-01-2025
CUST002109,,East,BR0030,2025-07-06
CUST002110,18-25,EAST ,BR0108,26-08-2017
CUST002111,41-60,NORTH,BR0064,2024-08-07
CUST002112,60 +,WEST,BR0101,2022-03-15
CUST002113,18 - 25,South,BR0087,2024-11-28
CUST002114,60 +,East,BR0026,24-12-2022
CUST002115,26_40,E,BR0029,01/06/2021
CUST002116,26-40, SOUTH,BR0099,01/05/2018
CUST002117,18-25,west,BR0081,2019-09-06
CUST002118,41-60, SOUTH,BR0073,09/19/2019
CUST002119,18-25,NORTH ,BR0021,2019-02-16
CUST002120,26-40, SOUTH,BR0036,2020-08-01
CUST002121,60+,W,BR0053,01-08-2021
CUST002122,41-60 ,EAST,BR0053,08-04-2024
CUST002123,60+,EAST,BR0087,01/11/2017
CUST002124,60+,south,BR0079,09-10-2020
CUST002125,26-40,north,BR0101,2019-03-05
CUST002126,60_plus,north,BR0064,2018-01-26
CUST002127,41 - 60,WEST,BR0084,2021-07-25
CUST002128,26-40,SOUTH,BR0090,2023-11-08
CUST002129,60+,West,BR0109,2024-07-24
CUST002130,26-40,N,BR0118,04/09/2020
CUST002131,26-40, SOUTH,BR0087,2026-06-05
CUST002132,60_plus,North,BR0110,01/06/2021
CUST002133,26-40,EAST ,BR0092,2019-03-19
CUST002134, 18-25 ,EAST,BR0114,2022-06-11
CUST002135,41-60 ,N,BR0028,2015-10-20
CUST002136,18-25,SOUTH,BR0050,16/10/2019
CUST002137,18-25, SOUTH,BR0041,11-12-2015
CUST002138, 60+,west,BR0063,2020-11-18
CUST002139,18-25,NORTH ,BR0068,2019-07-31
CUST002140,18-25, WEST ,BR0067,17/07/2025
CUST002141,41-60 ,South,BR0009,13/03/2022
CUST002142,26-40,E,BR0045,2018-05-13
CUST002143,26-40,south,BR0052,2025-10-23
CUST002144,41-60 , WEST ,br0078,2019-07-17
CUST002145,41-60,West,BR0050,2019-12-24
CUST002146,41 - 60,south,BR0067,
CUST002147,60+,N,BR0119,07-03-2015
CUST002148, 26-40, SOUTH,BR0061,2017-08-07
CUST002149,41-60,W,,2016-05-18
CUST002150,26-40,south,BR0038,2016-02-29
CUST002151,60_plus,WEST,BR0075,08-03-2023
CUST002152,60_plus,west,BR0079,2020-04-05
CUST002153,18-25,East,BR0106,09-07-2023
CUST002154, 60+,South,BR0075,2015-04-19
CUST002155,41_60,WEST,BR0043,2017-07-25
CUST002156,18 - 25,NORTH,BR0107,2015-09-09
CUST002157,41-60 ,south,BR0117,2019-07-24
CUST002158,26-40,N,BR0037,17/01/2017
CUST002159,60 +,East,BR0003,05-02-2026
CUST002160,60_plus,south,BR0043,09/25/2018
CUST002161,,North,BR0051,16/06/2023
CUST002162, 18-25 ,East,BR0064,21-07-2019
CUST002163,26-40,West,BR0092,2015-04-16
CUST002164, 18-25 ,SOUTH,br0067,12/12/2021
CUST002165,18-25,south,BR0036,12-01-2019
CUST002166,26-40, SOUTH,BR0012,2018-10-27
CUST002167,18-25,W,BR0110,18/10/2021
CUST002168,41_60,East,BR0107,28-10-2022
CUST002169,26-40, WEST ,BR0078,2018-02-16
CUST002170,18 - 25,W,BR0053,24/08/2015
CUST002171,60_plus,N,BR0051,2019-11-11
CUST002172,41-60,West,BR0052,2024-07-14
CUST002173, 18-25 , SOUTH,BR0011,2022-04-15
CUST002174,18_25,south,BR0014,2025-09-09
CUST002175,41-60 ,west,BR0108,2015-07-21
CUST002176,41-60,NORTH ,BR0071,13-02-2018
CUST002177,41_60,N,BR0011,2021-12-01
CUST002178,,south,BR0091,11-01-2025
CUST002179,41 - 60,North,BR0100,2017-10-08
CUST002180,,WEST,BR0022,03-01-2024
CUST002181,26-40, SOUTH,BR0106,2023-08-16
CUST002182,60 +,south,BR0116,2018-02-11
CUST002183,60+,EAST,BR0042,23/01/2017
CUST002184,41_60,EAST ,BR0117,2023-07-14
CUST002185,26-40,east,BR0043,16/08/2024
CUST002186,60+,south,BR0101,17-02-2020
CUST002187,60 +, WEST ,BR0051,2020-05-22
CUST002188,60_plus,WEST,BR0116,29/02/2024
CUST002189,26 - 40,east,BR0094,25/07/2022
CUST002190,18 - 25,EAST,BR0093,2021-01-13
CUST002191,18-25,East,BR0098,10-01-2016
CUST002192,60+,east,BR0119,2015-02-09
CUST002193,18_25,EAST,BR0087,2015-02-09
CUST002194, 26-40,south,BR0009,09/12/2020
CUST002195,26-40,East,BR0093,2018-03-11
CUST002196,18-25, SOUTH,BR0114,26/09/2024
CUST002197,26 - 40,N,BR0029,2022-11-07
CUST002198,18-25,WEST,BR0106,2020-03-16
CUST002199,41-60,East,BR0090,2018-01-16
CUST002200,18_25, SOUTH,BR0013,12-12-2016
CUST002201,41_60, SOUTH,BR0013,2026-07-10
CUST002202,60_plus,NORTH ,BR0011,15/06/2015
CUST002203,41-60,WEST,BR0005,03/16/2018
CUST002204,60_plus,North,BR0028,2015-11-12
CUST002205,18 - 25,SOUTH,BR0078,2023-03-20
CUST002206,26 - 40,south,BR0047,2025-06-19
CUST002207,18 - 25,north,BR0025,22-07-2019
CUST002208,41-60,NORTH,BR0110,2025-11-07
CUST002209,,S,BR0087,09/29/2023
CUST002210,18_25,S,BR0055,14-03-2016
CUST002211,26-40, SOUTH,BR0010,2025-04-30
CUST002212,18-25,,BR0083,2016-10-25
CUST002213,41-60,,BR0100,22-06-2020
CUST002214,18-25,east,BR0022,24/02/2025
CUST002215,,south,BR0089,2016-07-17
CUST002216,26_40,NORTH,BR0032,2025-01-04
CUST002217,41-60,EAST ,BR0070,2017-03-18
CUST002218,26-40,SOUTH,BR0095,2023-09-04
CUST002219,60+,North,BR0087,09/28/2025
CUST002220,18_25,EAST ,BR0024,2017-11-26
CUST002221,18-25,NORTH ,BR0031,14/08/2015
CUST002222,41-60,WEST,BR0011,21-10-2016
CUST002223,41-60,EAST ,BR0019,26/09/2023
CUST002224,60_plus, SOUTH,BR0088,2026-03-28
CUST002225,60+,WEST,BR0052,2024-11-18
CUST002226,41-60,WEST,BR0109,04/06/2021
CUST002227,26-40,EAST ,BR0039,2023-07-21
CUST002228,26-40,NORTH,BR0054,27-11-2018
CUST002229,26-40,N,BR0069,2024-04-28
CUST002230,41_60,W,BR0062,2020-03-10
CUST002231,26_40, SOUTH,BR0089,23-01-2019
CUST002232,18 - 25,WEST,BR0077,2020-12-04
CUST002233, 26-40,West,BR0021,2019-04-27
CUST002234,60 +,WEST,BR0062,26/08/2020
CUST002235,41-60 ,north,BR0112,2017-06-23
CUST002236,41_60,N,BR0085,2015-03-19
CUST002237,41_60,NORTH ,BR0013,22/03/2023
CUST002238,26 - 40,WEST,BR0040,2026-05-17
CUST002239, 26-40,NORTH ,BR0022,25-08-2019
CUST002240,18_25,East,BR0090,2019-05-13
CUST002241,26-40,east,BR0097,2016-04-06
CUST002242,41 - 60,E,BR0089,04-04-2020
CUST002243,18-25,East,BR0020,2022-09-02
CUST002244, 18-25 ,south,BR0113,12/09/2020
CUST002245,26-40,South,BR0005,25-03-2020
CUST002246,41-60,east,BR0041,2020-06-08
CUST002247, 60+,E,BR0076,16/02/2023
CUST002248,60+,N,BR0079,2017-05-31
CUST002249,26-40,NORTH ,BR0009,2025-07-21
CUST002250,18_25,NORTH ,BR0091,2019-01-16
CUST002251,26 - 40,EAST,BR0068,24/02/2020
CUST002252,26-40,west,BR0002,2021-12-14
CUST002253,41-60,North,BR0032,01-03-2015
CUST002254,60+,NORTH,BR0066,2022-07-18
CUST002255,41-60,East,BR0080,2025-06-26
CUST002256,26-40,N,BR0117,15-09-2016
CUST002257,18-25,EAST ,BR0035,2018-12-08
CUST002258,26_40, WEST ,BR0120,07-10-2018
CUST002259,60+,NORTH,BR0070,14/05/2015
CUST002260,41-60,,BR0055,2019-03-19
CUST002261,41 - 60,South,BR0061,2023-07-21
CUST002262, 18-25 ,east,BR0032,30-12-2017
CUST002263,60+,N,BR0021,16-05-2023
CUST002264,60 +,S,BR0116,2021-05-10
CUST002265,18_25,north,BR0103,05/11/2015
CUST002266,41-60,West,BR0037,06-01-2024
CUST002267,60_plus,,BR0090,02/07/2015
CUST002268, 60+,E,BR0011,27/10/2019
CUST002269,60+,west,BR0094,2016-09-19
CUST002270,18 - 25,west,BR0114,16-05-2021
CUST002271,41-60 ,W,BR0003,2021-03-29
CUST002272,41_60, SOUTH,BR0006,12/05/2020
CUST002273,60+,south,BR0016,2017-12-01
CUST002274, 26-40, WEST ,BR0097,07/14/2026
CUST002275,60+,E,BR0096,29-02-2016
CUST002276,,NORTH,BR0109,19-06-2023
CUST002277,26-40,East,BR0116,08/06/2023
CUST002278,26_40,SOUTH,BR0096,2021-04-23
CUST002279, 60+,West,BR0069,2019-05-27
CUST002280,60+,NORTH ,BR0108,12/04/2021
CUST002281,60+, SOUTH,BR0051,2015-12-04
CUST002282,60_plus,west,BR0088,25/05/2021
CUST002283, 26-40, SOUTH,BR0101,08/14/2015
CUST002284,60_plus,west,BR0112,2025-10-07
CUST002285,41-60 ,south,BR0041,2019-08-31
CUST002286,18 - 25,EAST,BR0048,2018-05-13
CUST002287,41-60,EAST ,BR0044,12/02/2017
CUST002288,18 - 25,NORTH,BR0004,2016-10-06
CUST002289,41-60 ,EAST ,BR0077,14/12/2023
CUST002290, 18-25 ,E,BR0058,2024-07-24
CUST002291,60_plus,N,BR0083,2015-01-01
CUST002292,60_plus,W,BR0091,2017-12-26
CUST002293,41-60,north,BR0090,18-01-2019
CUST002294,60+,east,BR0088,12/02/2018
CUST002295,18-25,N,BR0005,2020-06-18
CUST002296,18-25,East,BR0039,2015-01-22
CUST002297,,South,BR0062,2016-11-03
CUST002298,60_plus, WEST ,BR0027,2023-03-22
CUST002299,18-25,East,BR0054,2016-10-05
CUST002300,41 - 60,NORTH ,BR0042,19/04/2016
CUST002301,18-25,west,BR0067,2017-06-25
CUST002302,26-40,N,BR0069,03-12-2015
CUST002303,18-25,south,BR0078,2018-07-10
CUST002304,41-60 ,SOUTH,BR0095,2026-07-20
CUST002305,26-40,north,BR0012,2022-12-29
CUST002306,18-25,SOUTH,,2024-11-21
CUST002307,18-25,west,BR0039,2025-03-29
CUST002308,60+,east,BR0039,14-02-2019
CUST002309, 60+,east,BR0054,2017-04-23
CUST002310,60 +,NORTH,BR0097,2017-12-20
CUST002311,18_25,W,BR0020,2026-03-13
CUST002312,26 - 40,West,BR0025,08-12-2016
CUST002313,26-40,EAST ,BR0017,2019-07-07
CUST002314,60+,West,BR0025,31-03-2018
CUST002315,41-60,north,BR0066,08-07-2015
CUST002316,60+,north,BR0023,2020-11-17
CUST002317,41_60,W,BR0006,14-11-2016
CUST002318,41_60,East,BR0116,2022-12-13
CUST002319, 60+, WEST ,BR0090,2020-04-30
CUST002320,18_25,S,BR0012,
CUST002321,41_60,EAST ,BR0011,2019-10-22
CUST002322,18 - 25,East,BR0092,2017-09-26
CUST002323,18-25,West,BR0076,2024-03-03
CUST002324,41 - 60,,BR0072,23/01/2024
CUST002325,60+,S,BR0048,01/03/2019
CUST002326,26 - 40,NORTH,BR0020,18/10/2024
CUST002327, 60+, WEST ,BR0082,2023-12-15
CUST002328,26_40,E,BR0074,2020-03-07
CUST002329,60+,E,BR0119,2021-02-27
CUST002330,41-60,north,BR0050,2018-07-05
CUST002331,18 - 25, WEST ,BR0029,2022-02-20
CUST002332,60+, WEST ,BR0055,13-02-2016
CUST002333,26-40,West,BR0011,30-08-2025
CUST002334,41-60,E,BR0028,2018-10-03
CUST002335, 18-25 ,EAST ,BR0007,05/09/2026
CUST002336,26-40,NORTH,BR0043,2020-06-05
CUST002337,60_plus,WEST,BR0042,2015-05-10
CUST002338,60+, WEST ,BR0120,2018-02-02
CUST002339,41 - 60,E,BR0014,2022-10-30
CUST002340, 26-40,North,BR0113,14-03-2022
CUST002341, 26-40,NORTH ,BR0112,2018-07-24
CUST002342, 26-40,W,BR0096,03/07/2015
CUST002343,18 - 25,N,BR0059,08-06-2018
CUST002344,41-60,south,BR0013,2018-12-27
CUST002345, 26-40,E,BR0057,28-02-2022
CUST002346,18-25,East,BR0040,23-07-2025
CUST002347, 60+,SOUTH,BR0035,2016-03-16
CUST002348,26-40,East,BR0060,2016-01-27
CUST002349,41_60,south,BR0034,19-11-2020
CUST002350,26-40,W,BR0033,2025-12-10
CUST002351,41 - 60,S,BR0020,03/24/2023
CUST002352,18 - 25,EAST ,BR0039,2026-04-01
CUST002353,18-25,EAST,BR0053,2021-10-09
CUST002354,60+,WEST,BR0064,07/04/2020
CUST002355,41 - 60,EAST,BR0028,2024-01-10
CUST002356, 26-40,NORTH,BR0045,19/11/2015
CUST002357,18_25,E,BR0070,2022-01-04
CUST002358,26-40,E,BR0031,2024-07-07
CUST002359,41-60,West,BR0087,2024-02-21
CUST002360,26-40,south,BR0028,22/05/2017
CUST002361,18-25,west,BR0082,2024-09-10
CUST002362,26-40, WEST ,BR0114,2015-07-03
CUST002363,18 - 25,West,BR0100,2018-06-10
CUST002364,26-40,West,BR0061,2016-07-13
CUST002365,60_plus,NORTH,BR0087,2018-09-23
CUST002366,26-40,WEST,BR0075,17/04/2018
CUST002367,41_60,EAST ,BR0081,08-05-2023
CUST002368,41-60,NORTH,BR0103,2022-09-07
CUST002369,60+,north,BR0027,01-04-2017
CUST002370, 60+,N,BR0036,2020-11-01
CUST002371,18-25,South,BR0035,2017-06-30
CUST002372,,N,BR0100,2025-10-30
CUST002373,60 +,WEST,BR0031,2023-05-16
CUST002374,60 +,West,BR0064,2026-07-30
CUST002375,41-60,SOUTH,BR0106,02-09-2021
CUST002376,41-60 ,EAST,BR0011,04-03-2020
CUST002377,41-60 ,WEST,BR0017,26-07-2017
CUST002378,18-25,E,BR0025,2023-10-11
CUST002379,41-60,East,BR0032,08/02/2018
CUST002380,26_40,South,BR0074,2026-06-10
CUST002381,18-25,South,BR0048,2021-09-07
CUST002382,18-25,West,BR0042,08/01/2022
CUST002383,26 - 40,NORTH,BR0095,2016-12-25
CUST002384,26-40,E,BR0075,04/08/2015
CUST002385,60+,WEST,BR0090,2024-03-19
CUST002386,41-60,WEST,BR0051,2022-03-12
CUST002387,41-60, WEST ,BR0111,2015-03-18
CUST002388,41 - 60,West,BR0082,2016-01-01
CUST002389,60 +,west,BR0064,
CUST002390,41-60 ,EAST ,BR0028,2022-09-22
CUST002391,41-60,W,BR0075,14/09/2021
CUST002392,18-25,W,BR0040,2022-11-16
CUST002393,60+,south,BR0035,23-07-2019
CUST002394,41 - 60,,BR0056,01/30/2019
CUST002395,60+, SOUTH,BR0061,06/12/2024
CUST002396, 60+,North,BR0115,2019-12-31
CUST002397,60+,NORTH,BR0098,01-12-2017
CUST002398,26 - 40,W,BR0084,2018-09-05
CUST002399,26-40,S,BR0030,31/12/2023
CUST002400, 60+,East,BR0001,2017-12-05
CUST002401,60+,EAST,BR0044,2016-02-02
CUST002402,41-60,east,BR0100,08/11/2017
CUST002403,18-25,east,BR0068,2024-12-16
CUST002404,26-40,NORTH ,BR0055,2025-01-06
CUST002405,26-40,South,BR0114,01-02-2017
CUST002406,41-60 ,West,BR0100,02-08-2025
CUST002407, 26-40,north,BR0104,2024-03-02
CUST002408,60 +,east,BR0002,
CUST002409,41-60,S,BR0044,2015-06-23
CUST002410,18-25,west,BR0035,05-03-2026
CUST002411,18-25,EAST ,BR0112,27/05/2015
CUST002412,60 +,west,BR0106,2023-12-07
CUST002413,41-60,,BR0048,02-05-2020
CUST002414,18_25,north,BR0077,2025-11-20
CUST002415,41-60 ,WEST,BR0006,18-02-2026
CUST002416,60 +,south,BR0017,2018-06-21
CUST002417,26-40,S,BR0001,08/06/2019
CUST002418, 26-40,E,BR0081,2017-10-20
CUST002419,60+,SOUTH,BR0060,15-10-2021
CUST002420,41-60,West,BR0021,2016-10-15
CUST002421,18-25, WEST ,BR0119,2025-05-05
CUST002422,41-60,East,BR0044,2025-05-16
CUST002423,60+,EAST ,BR0109,19/12/2015
CUST002424,18-25,north,BR0061,19-02-2016
CUST002425,41-60,west,BR0062,2018-10-06
CUST002426,26-40,SOUTH,BR0101,23-11-2016
CUST002427,18-25, SOUTH,BR0091,2019-02-02
CUST002428,41_60,EAST ,,05-04-2015
CUST002429, 26-40,south,BR0095,2018-09-02
CUST002430,26 - 40, WEST ,BR0062,11/06/2016
CUST002431,18-25,south,BR0100,16-12-2015
CUST002432, 18-25 ,NORTH ,BR0059,2021-12-28
CUST002433,60+,east,BR0007,2020-07-29
CUST002434,26 - 40,NORTH ,BR0047,15-01-2020
CUST002435,26 - 40,north,BR0028,09/02/2019
CUST002436, 26-40,south,BR0032,18/03/2017
CUST002437,60+,South,BR0030,2019-01-04
CUST002438,41-60,East,BR0059,2022-10-12
CUST002439,60+,south,BR0004,2022-12-30
CUST002440, 18-25 ,EAST,BR0020,09/16/2021
CUST002441,18-25,south,BR0110,15/06/2026
CUST002442, 60+,North,BR0094,2015-06-24
CUST002443,41-60 ,N,BR0061,2022-01-16
CUST002444,60_plus,S,BR0017,23/05/2015
CUST002445,60+,N,BR0115,2022-02-01
CUST002446,18_25,north,BR0020,2023-08-24
CUST002447, 60+,north,BR0028,2026-05-01
CUST002448,18-25,EAST ,BR0109,2018-05-03
CUST002449, 18-25 ,north,BR0115,14-06-2020
CUST002450,60 +,EAST,BR0088,01/10/2016
CUST002451,60+, SOUTH,BR0068,02-07-2018
CUST002452,18 - 25,north,BR0081,2024-06-02
CUST002453,26 - 40,N,BR0099,2023-04-30
CUST002454,41-60 , WEST ,BR0034,10/17/2015
CUST002455,60_plus,EAST ,BR0011,2016-01-08
CUST002456,41_60,East,BR0012,2024-11-04
CUST002457,18 - 25,E,BR0045,2019-10-19
CUST002458,60_plus,North,BR0064,10/08/2018
CUST002459,41-60 ,SOUTH,BR0019,05/30/2023
CUST002460,41-60,east,BR0005,26-10-2015
CUST002461, 26-40, WEST ,BR0066,2017-03-08
CUST002462,41-60,NORTH,BR0011,21-11-2021
CUST002463,18_25,EAST,BR0073,01/17/2022
CUST002464,60+,West,BR0067,2018-04-05
CUST002465,41 - 60,North,BR0005,2021-06-08
CUST002466,60_plus,North,BR0085,23/12/2015
CUST002467, 26-40,north,BR0052,29/07/2017
CUST002468,26_40,east,BR0079,2019-05-06
CUST002469,60_plus,east,BR0002,27-10-2020
CUST002470,60+, SOUTH,BR0010,26/08/2016
CUST002471,18 - 25,W,BR0118,29-07-2020
CUST002472,60+,WEST,BR0073,15/04/2017
CUST002473,26 - 40,W,BR0039,2019-09-28
CUST002474,26-40,North,BR0067,2017-04-28
CUST002475,41-60,South,BR0015,2015-01-19
CUST002476,,EAST,BR0116,2026-04-16
CUST002477,18-25,EAST ,BR0061,2025-04-07
CUST002478,41-60,EAST,BR0110,16-10-2020
CUST002479,60+,South,BR0091,2021-06-24
CUST002480,60+,WEST,BR0055,03/29/2020
CUST002481,18-25,West,BR0108,09-02-2024
CUST002482,18-25,WEST,BR0037,07/08/2021
CUST002483,41-60 ,E,BR0009,2020-07-11
CUST002484,18_25,NORTH,BR0098,09-01-2022
CUST002485,26-40,NORTH ,BR0015,23-05-2017
CUST002486,18-25,North,BR0035,2022-12-31
CUST002487,60+,S,BR0073,2022-09-06
CUST002488,18_25,North,br0047,2016-03-29
CUST002489,26_40,East,BR0092,17-09-2025
CUST002490,18_25,EAST ,BR0020,06/01/2018
CUST002491,41-60 ,East,BR0020,14-09-2023
CUST002492,41 - 60,south,BR0102,2023-10-05
CUST002493,18-25,NORTH ,BR0106,28/08/2017
CUST002494,26-40,south,BR0051,2025-01-16
CUST002495,41-60,S,BR0033,22-03-2017
CUST002496,60 +,south,BR0078,2022-05-21
CUST002497,,NORTH,BR0096,2024-07-06
CUST002498,60+,E,BR0011,2020-03-07
CUST002499,26 - 40,EAST ,BR0080,2024-01-30
CUST002500,26-40,E,BR0087,30-06-2020
CUST002501,41-60,N,BR0010,20/01/2018
CUST002502,26-40,west,BR0050,04/01/2020
CUST002503,60+,W,BR0065,2016-06-25
CUST002504,41-60,South,BR0086,12-02-2020
CUST002505, 26-40, WEST ,BR0023,05-05-2025
CUST002506,41-60,East,BR0054,30/03/2021
CUST002507,60 +,W,BR0114,2019-12-29
CUST002508, 18-25 ,north,BR0062,19-10-2022
CUST002509,18 - 25, SOUTH,BR0119,29-12-2022
CUST002510,18 - 25,West,BR0015,2023-11-25
CUST002511,26-40,EAST,BR0001,2025-12-25
CUST002512, 60+,EAST ,BR0041,2018-04-11
CUST002513,18-25, SOUTH,,2024-07-19
CUST002514,60_plus,south,BR0038,2019-08-31
CUST002515,18-25,SOUTH,BR0066,22-09-2018
CUST002516, 26-40,SOUTH,BR0061,2019-07-19
CUST002517,26 - 40,east,BR0020,2015-02-23
CUST002518, 18-25 ,west,BR0009,28-12-2025
CUST002519,26 - 40,North,BR0094,2015-06-09
CUST002520,18-25,E,BR0091,2018-11-17
CUST002521,,West,BR0042,2020-03-06
CUST002522,41 - 60,East,BR0043,01/10/2024
CUST002523, 18-25 , WEST ,BR0055,25/08/2023
CUST002524,41-60,north,BR0117,2023-09-27
CUST002525,60+,east,BR0043,2017-02-17
CUST002526,60 +,N,br0013,29-05-2015
CUST002527, 60+,WEST,BR0099,23-08-2018
CUST002528,26 - 40,north,BR0071,24-12-2024
CUST002529,41 - 60,EAST ,BR0023,14-06-2019
CUST002530,18-25,East,BR0041,2019-01-27
CUST002531,26_40,NORTH ,BR0076,09/17/2020
CUST002532,18 - 25,WEST,BR0056,10/12/2021
CUST002533,26-40,east,BR0047,24-04-2022
CUST002534,60_plus,W,BR0110,01/27/2025
CUST002535,26-40,EAST ,BR0019,2017-05-02
CUST002536,41-60 ,NORTH,BR0085,10/08/2017
CUST002537,,south,BR0088,21-05-2026
CUST002538,26-40,west,BR0014,30-09-2025
CUST002539,26_40,EAST ,BR0117,2019-09-27
CUST002540,41-60,W,BR0070,04/07/2020
CUST002541,26-40,NORTH,BR0064,31/08/2021
CUST002542,41-60,NORTH ,BR0116,2018-01-14
CUST002543,41-60,EAST ,BR0073,2020-10-23
CUST002544, 26-40,NORTH ,BR0091,2023-02-28
CUST002545,26 - 40,W,BR0062,11/22/2019
CUST002546,60 +,WEST,BR0108,08/02/2017
CUST002547,26-40,NORTH ,BR0028,2019-04-12
CUST002548,, SOUTH,BR0078,21-06-2022
CUST002549,26-40, SOUTH,BR0021,04/06/2022
CUST002550,60+,North,BR0017,2016-09-05
CUST002551,41-60,east,BR0089,2018-05-03
CUST002552,60+,west,BR0120,18/07/2025
CUST002553,26-40,S,BR0082,27/04/2015
CUST002554,60 +,South,BR0117,2015-08-05
CUST002555, 60+,SOUTH,BR0048,18-08-2022
CUST002556,60+,WEST,BR0063,12/27/2021
CUST002557,26_40,S,BR0008,2015-10-17
CUST002558,26_40, SOUTH,BR0073,2019-02-14
CUST002559,41-60,WEST,BR0078,2025-05-14
CUST002560,41 - 60,NORTH,BR0109,2015-09-29
CUST002561,26-40,N,BR0088,09-03-2020
CUST002562,18 - 25,W,BR0001,2025-10-10
CUST002563,60+,South,BR0084,2019-01-29
CUST002564,41-60 ,W,BR0057,2018-04-05
CUST002565,26 - 40,NORTH,BR0022,03/10/2016
CUST002566,60+,East,BR0035,08/05/2024
CUST002567,60+,east,BR0060,2020-08-14
CUST002568,41-60,EAST ,BR0060,2024-09-25
CUST002569,60+, SOUTH,BR0102,16/04/2018
CUST002570,18 - 25,west,,24/05/2019
CUST002571,60+,W,BR0102,2024-01-02
CUST002572,41 - 60,W,BR0115,2020-11-20
CUST002573,26-40,EAST,BR0102,12/02/2016
CUST002574,,WEST,BR0016,2023-12-24
CUST002575,41-60,WEST,BR0008,2021-05-23
CUST002576,41 - 60, WEST ,BR0083,2016-03-15
CUST002577, 18-25 ,NORTH ,BR0014,19-08-2015
CUST002578,18-25,E,BR0088,2018-12-09
CUST002579, 26-40,west,BR0102,02-05-2025
CUST002580,41 - 60,west,BR0096,15/09/2020
CUST002581,26_40,East,BR0011,2019-09-27
CUST002582,41-60,South,BR0100,17/12/2024
CUST002583,60 +, WEST ,BR0096,09/02/2015
CUST002584,60+,west,BR0006,2023-10-08
CUST002585,41-60 ,North,BR0103,09-05-2021
CUST002586,60+,N,BR0072,21/05/2023
CUST002587,60 +,NORTH,BR0008,08/03/2016
CUST002588, 60+,E,BR0022,2024-03-29
CUST002589,18 - 25,south,BR0109,23/11/2015
CUST002590,60+,,BR0109,05/09/2018
CUST002591, 60+,SOUTH,BR0103,23-09-2020
CUST002592,60+,East,BR0120,26-08-2020
CUST002593,26-40,NORTH ,BR0044,20/09/2022
CUST002594,26_40,W,BR0067,05/04/2025
CUST002595,41-60,west,BR0031,20-01-2018
CUST002596,26_40,north,BR0056,06/08/2016
CUST002597,41_60,NORTH,BR0036,2021-08-10
CUST002598,41_60,north,BR0103,20/05/2020
CUST002599,60+,E,BR0004,2017-04-16
CUST002600,26_40,East,BR0028,14/12/2018
CUST002601,60+,south,BR0112,28/05/2016
CUST002602,18-25,NORTH ,BR0024,01/25/2016
CUST002603,41 - 60,E,BR0043,2022-12-07
CUST002604,41-60,North,BR0071,2018-02-16
CUST002605,60_plus,E,BR0076,2021-12-15
CUST002606,26 - 40,EAST ,BR0043,10/12/2019
CUST002607,60+,South,BR0118,2023-07-24
CUST002608,26_40,W,BR0055,2022-07-31
CUST002609,60 +,North,BR0065,30/01/2020
CUST002610,,S,BR0029,2023-04-05
CUST002611,60+, SOUTH,BR0092,2022-06-01
CUST002612,60+, SOUTH,BR0082,22/09/2022
CUST002613,18-25,EAST,BR0020,2024-03-17
CUST002614, 26-40,WEST,BR0014,2016-07-20
CUST002615,41_60,West,BR0108,11-07-2023
CUST002616,41-60 ,EAST ,BR0030,07/31/2016
CUST002617,41-60,,BR0109,11/14/2020
CUST002618,41-60,NORTH ,BR0082,2016-04-29
CUST002619,18-25,S,BR0089,2026-04-26
CUST002620,60+,south,BR0080,2016-09-12
CUST002621,18-25, SOUTH,BR0104,2015-06-23
CUST002622,60+,WEST,BR0119,2023-04-04
CUST002623,41-60,E,BR0073,2022-09-07
CUST002624,60+,NORTH ,BR0066,02/06/2021
CUST002625,41-60,south,BR0120,2026-03-25
CUST002626,60 +,N,BR0024,2023-05-24
CUST002627,41-60,SOUTH,BR0086,2020-11-16
CUST002628,26-40,south,BR0031,12-10-2018
CUST002629,41-60,S,BR0099,30-06-2015
CUST002630, 18-25 ,East,BR0074,2015-08-09
CUST002631,41-60,South,,12/13/2016
CUST002632,26-40,south,BR0091,22-10-2019
CUST002633,60 +, WEST ,BR0012,2017-11-18
CUST002634,18-25,S,BR0029,06-11-2021
CUST002635, 18-25 ,N,BR0053,2019-03-23
CUST002636, 18-25 ,South,BR0072,2017-02-09
CUST002637,60 +,north,BR0092,2025-11-11
CUST002638,26 - 40,N,BR0065,2015-10-20
CUST002639,18-25,SOUTH,BR0032,2023-04-02
CUST002640,18-25, WEST ,BR0106,2018-06-11
CUST002641,60+,West,BR0004,20-04-2026
CUST002642,18-25,WEST,BR0098,2019-08-13
CUST002643,,EAST ,BR0111,04/07/2020
CUST002644,26-40,NORTH,BR0096,14/03/2015
CUST002645,18-25,West,BR0028,2024-02-10
CUST002646,60+,S,BR0022,12/02/2015
CUST002647, 26-40,E,BR0019,29-07-2022
CUST002648,18-25,N,BR0101,2021-12-21
CUST002649,26_40,S,BR0026,2019-04-27
CUST002650,18-25, SOUTH,BR0047,2021-02-18
CUST002651,41-60,WEST,BR0052,28/09/2022
CUST002652,60_plus,east,BR0001,2021-01-15
CUST002653,60+,East,BR0115,2023-07-20
CUST002654,18-25,NORTH,BR0022,2022-06-19
CUST002655,41_60,East,BR0065,09/23/2020
CUST002656,26_40,EAST,BR0113,2022-01-22
CUST002657,41 - 60,,BR0001,11-04-2024
CUST002658,60+,W,BR0035,24-12-2024
CUST002659, 60+,EAST,BR0042,06/25/2015
CUST002660,41-60,NORTH ,BR0117,2016-07-24
CUST002661,41-60,E,BR0112,2025-05-24
CUST002662,26_40,E,BR0091,2022-12-21
CUST002663,60_plus,East,BR0095,07/12/2022
CUST002664,41-60,NORTH,BR0120,01-07-2016
CUST002665,41-60,east,BR0030,06-03-2024
CUST002666,26_40,WEST,BR0088,2024-12-24
CUST002667,18-25,east,BR0010,25/01/2021
CUST002668,41-60 ,East,BR0115,2020-07-01
CUST002669, 26-40, SOUTH,BR0069,03-02-2024
CUST002670,18 - 25, SOUTH,BR0049,2025-08-05
CUST002671,26 - 40,N,BR0060,2021-03-24
CUST002672,18_25,NORTH,BR0016,2020-10-12
CUST002673,18-25,SOUTH,BR0059,09/10/2021
CUST002674,41 - 60, WEST ,BR0072,2026-02-11
CUST002675,18 - 25,South,BR0013,10-09-2015
CUST002676,26_40,N,BR0052,2024-08-26
CUST002677, 26-40,EAST ,BR0040,12/30/2017
CUST002678,18-25,WEST,BR0096,2025-01-09
CUST002679, 18-25 , WEST ,BR0075,15-10-2015
CUST002680,26-40, SOUTH,BR0039,12-12-2018
CUST002681,60+,east,BR0057,31-01-2023
CUST002682, 26-40,EAST ,,2015-11-27
CUST002683,26-40,West,BR0029,22-09-2023
CUST002684,41-60,EAST ,BR0002,09/28/2015
CUST002685,41-60,south,BR0066,2021-02-04
CUST002686,41-60, SOUTH,BR0074,13/01/2023
CUST002687,60 +,W,BR0025,11/14/2019
CUST002688,41 - 60, SOUTH,BR0101,25-02-2026
CUST002689,26-40, SOUTH,BR0094,2015-02-26
CUST002690,26 - 40,North,BR0002,30-05-2019
CUST002691, 26-40,WEST,BR0083,2015-04-14
CUST002692, 18-25 ,EAST,BR0054,16/05/2015
CUST002693,60+,east,BR0107,23-12-2025
CUST002694,26_40, SOUTH,BR0042,2025-02-05
CUST002695, 60+,south,BR0017,2015-11-08
CUST002696,60 +,South,BR0048,2026-06-08
CUST002697,60+,NORTH,BR0002,30-01-2024
CUST002698,60 +,EAST ,BR0012,2024-08-11
CUST002699,41 - 60,North,BR0024,2023-07-20
CUST002700,41-60 , SOUTH,BR0074,07-10-2020
CUST002701,41-60,east,BR0037,2023-04-03
CUST002702,60+,,BR0019,2019-07-30
CUST002703,26-40,West,BR0106,2019-08-03
CUST002704,41-60 ,NORTH ,BR0001,01-10-2015
CUST002705,60_plus,NORTH ,BR0110,10/28/2021
CUST002706,26 - 40,E,BR0036,22/04/2016
CUST002707, 18-25 ,NORTH ,BR0099,2017-05-30
CUST002708,60+, WEST ,BR0107,15-10-2019
CUST002709, 60+,East,BR0074,2024-10-17
CUST002710,26_40,EAST ,BR0076,2026-04-09
CUST002711,26-40,W,BR0028,2022-04-03
CUST002712,60+,south,BR0039,2020-08-19
CUST002713,26-40,north,BR0106,2015-02-11
CUST002714,41-60,EAST ,BR0116,2019-10-03
CUST002715,41_60,NORTH,BR0024,12/29/2015
CUST002716,60 +,E,BR0091,28-07-2016
CUST002717,18-25,EAST,BR0078,09/12/2017
CUST002718,60+,S,,2015-08-01
CUST002719,60+,NORTH,BR0114,07/08/2021
CUST002720, 18-25 ,E,BR0096,15-08-2021
CUST002721,18-25,EAST,BR0044,29/12/2019
CUST002722,60+,WEST,,24-12-2021
CUST002723,26 - 40,EAST,BR0117,2016-11-16
CUST002724,26-40,south,BR0021,2020-12-12
CUST002725,26_40,NORTH ,BR0067,
CUST002726,60+, SOUTH,BR0095,02/24/2020
CUST002727,41-60,WEST,BR0016,2016-06-03
CUST002728,26 - 40,S,BR0119,2022-04-12
CUST002729, 60+,SOUTH,BR0020,24-08-2022
CUST002730,18-25,WEST,BR0052,2021-06-18
CUST002731,18-25,North,BR0001,23/02/2021
CUST002732,18-25,WEST,BR0090,2017-04-17
CUST002733,26-40,east,BR0113,05-04-2015
CUST002734,41-60 , SOUTH,BR0051,24-10-2022
CUST002735,41-60,EAST,BR0086,2023-01-20
CUST002736,60_plus,S,BR0052,2022-09-30
CUST002737,41_60,WEST,BR0038,07-03-2022
CUST002738,60+, WEST ,BR0098,2023-12-13
CUST002739,41-60 ,EAST ,BR0077,2024-04-06
CUST002740,60+, WEST ,BR0038,01/03/2023
CUST002741,26-40,south,BR0023,30/08/2022
CUST002742,18-25,E,BR0009,2016-04-08
CUST002743,41 - 60,East,BR0025,05/02/2023
CUST002744,26-40,South,br0092,28/11/2016
CUST002745,41-60,SOUTH,BR0036,2016-09-07
CUST002746, 60+, SOUTH,BR0062,2021-10-24
CUST002747,18_25,South,BR0063,2016-10-23
CUST002748,18 - 25,south,BR0053,05/10/2024
CUST002749,41-60 ,east,BR0054,2026-04-07
CUST002750,26 - 40,West,BR0038,2022-03-22
CUST002751, 60+,S,BR0006,2023-03-14
CUST002752, 26-40,SOUTH,BR0057,01-07-2023
CUST002753,60+,WEST,BR0017,2019-08-28
CUST002754,26 - 40,E,BR0048,2023-11-20
CUST002755,18_25,north,BR0034,2017-09-24
CUST002756,41-60,west,BR0060,2019-10-16
CUST002757,60+,East,BR0032,2025-02-10
CUST002758,60+,North,BR0039,2026-02-17
CUST002759,41-60 ,N,BR0012,2024-01-19
CUST002760,26-40, SOUTH,BR0028,2019-12-04
CUST002761,41-60 ,South,BR0022,2022-03-18
CUST002762,60+,SOUTH,BR0094,24/11/2019
CUST002763,41_60,,BR0003,
CUST002764,60_plus,South,BR0071,22/01/2019
CUST002765,26-40,S,BR0069,12/11/2020
CUST002766,41 - 60,South,BR0117,30-08-2024
CUST002767,18_25,WEST,BR0070,2019-01-28
CUST002768,41-60,E,BR0072,12/08/2021
CUST002769,41-60,East,BR0112,2016-12-24
CUST002770,41-60 , SOUTH,BR0068,01-08-2022
CUST002771,41-60 ,SOUTH,BR0064,2017-05-05
CUST002772,26 - 40,West,BR0060,2025-12-12
CUST002773,60+,EAST,BR0077,07/12/2015
CUST002774,41-60,West,BR0078,28/12/2025
CUST002775,18-25,North,BR0043,2021-11-26
CUST002776,60+,SOUTH,BR0075,2023-10-31
CUST002777,41_60,north,BR0103,2017-01-03
CUST002778, 26-40,NORTH ,BR0074,2023-09-07
CUST002779,60+,South,BR0056,2016-04-13
CUST002780,60+,E,BR0014,2023-03-02
CUST002781,26-40,,BR0015,24/02/2017
CUST002782,60+,,BR0076,27-05-2026
CUST002783,60+,E,BR0045,27/09/2025
CUST002784,41-60, SOUTH,BR0114,2019-07-03
CUST002785,60 +,E,BR0112,19-12-2024
CUST002786,41-60 ,WEST,BR0108,03/03/2021
CUST002787,41 - 60,south,BR0047,15-02-2015
CUST002788,60+,east,BR0031,09-04-2021
CUST002789,,S,BR0094,2019-03-25
CUST002790,26_40,E,BR0118,2025-08-24
CUST002791,41-60,West,BR0091,2017-04-26
CUST002792,26_40,S,BR0075,07/14/2021
CUST002793,60+, WEST ,BR0032,01/23/2018
CUST002794,60+,SOUTH,BR0098,2016-07-25
CUST002795,26 - 40,NORTH ,BR0015,2017-07-30
CUST002796,41-60 ,W,BR0026,2015-06-27
CUST002797,26-40,east,BR0061,2022-08-28
CUST002798,41 - 60, SOUTH,BR0098,2025-07-20
CUST002799,18_25,North,BR0031,16/02/2017
CUST002800,26-40,east,BR0076,19-04-2017
CUST002801,26_40,WEST,BR0089,22-12-2025
CUST002802,60 +,NORTH ,BR0064,07/08/2019
CUST002803,41_60,E,,2020-09-14
CUST002804,60+,east,BR0001,2017-11-25
CUST002805,18-25,W,BR0065,30/09/2023
CUST002806,18_25,E,BR0035,08-12-2015
CUST002807,41 - 60,North,BR0081,2023-05-04
CUST002808,41-60,NORTH,BR0021,06/11/2015
CUST002809,60_plus,N,BR0022,2023-12-18
CUST002810,26-40,north,BR0102,2025-05-20
CUST002811,18-25,East,BR0118,2017-11-14
CUST002812,26 - 40,W,BR0117,16/10/2017
CUST002813,26-40,east,BR0091,2023-01-19
CUST002814,60+,south,BR0043,2017-05-09
CUST002815,26_40,S,BR0056,18/12/2022
CUST002816,41-60,EAST ,BR0100,2016-10-11
CUST002817,18-25,N,BR0094,2021-10-20
CUST002818,60+,EAST,BR0098,01/08/2017
CUST002819, 18-25 ,east,BR0038,2015-08-08
CUST002820,41-60,south,BR0066,22/05/2026
CUST002821,26_40,east,BR0108,2026-01-22
CUST002822,26-40,North,BR0058,2020-07-27
CUST002823,18-25,east,BR0077,18-12-2021
CUST002824,60+,NORTH ,BR0026,17-06-2024
CUST002825,26-40,south,BR0120,2025-01-07
CUST002826,18_25,South,BR0087,05/29/2016
CUST002827,18 - 25,EAST,BR0119,2022-08-08
CUST002828,26-40,east,BR0103,2019-10-25
CUST002829,60 +, WEST ,BR0072,2015-03-05
CUST002830,18-25,north,BR0061,29-07-2025
CUST002831,18 - 25,W,BR0051,10/06/2020
CUST002832,60+,EAST,BR0005,02-06-2019
CUST002833,41-60, SOUTH,BR0005,28-04-2020
CUST002834,60+,North,BR0086,2025-01-14
CUST002835, 18-25 ,S,BR0058,30/03/2024
CUST002836,26 - 40,SOUTH,BR0039,2021-08-05
CUST002837,60+, SOUTH,BR0109,10/05/2019
CUST002838, 60+,West,BR0101,2025-08-22
CUST002839,41-60 ,EAST ,BR0085,2020-10-08
CUST002840,41-60,east,BR0052,2021-04-05
CUST002841, 60+,west,BR0076,06/07/2016
CUST002842,26-40,South,BR0084,2018-01-22
CUST002843,26-40, SOUTH,BR0063,03/12/2016
CUST002844,18-25,west,BR0067,2020-06-26
CUST002845,41-60,EAST ,BR0084,05/05/2023
CUST002846, 60+,north,BR0109,28-09-2025
CUST002847,41-60 ,West,BR0005,2024-09-28
CUST002848,41-60,East,BR0088,23-03-2025
CUST002849,26-40,N,BR0068,27/06/2015
CUST002850,18-25,EAST,BR0081,01/03/2019
CUST002851,60_plus,South,BR0086,2021-04-05
CUST002852,18-25,NORTH ,BR0047,2020-12-29
CUST002853,41-60 ,west,BR0003,05-06-2015
CUST002854,60+,East,BR0065,21-02-2015
CUST002855,41-60,,BR0097,2018-02-20
CUST002856,60+, SOUTH,BR0058,2015-12-25
CUST002857,26_40,North,BR0053,2018-12-08
CUST002858,60+,NORTH ,BR0033,2018-05-12
CUST002859,18 - 25,WEST,br0093,12/28/2022
CUST002860, 60+,,BR0060,2018-12-27
CUST002861,60_plus,South,BR0047,25/02/2020
CUST002862,18 - 25,E,BR0075,2024-05-22
CUST002863, 60+,SOUTH,BR0030,18-11-2023
CUST002864,41 - 60,EAST,BR0019,2016-06-14
CUST002865,18-25,South,BR0100,2024-05-06
CUST002866,41_60,east,br0090,2021-04-27
CUST002867,41-60,WEST,BR0019,2021-01-17
CUST002868,26-40,S,BR0107,2025-07-22
CUST002869,41_60, WEST ,BR0048,01/26/2026
CUST002870,26-40,NORTH,BR0093,18/11/2016
CUST002871,26-40,NORTH ,BR0114,2015-08-17
CUST002872,41 - 60,west,BR0103,17/12/2022
CUST002873,41-60 ,EAST ,BR0064,2023-04-09
CUST002874,26-40,EAST ,BR0093,2018-08-04
CUST002875,60 +,NORTH,BR0066,2017-08-20
CUST002876,26_40,N,,04-07-2016
CUST002877,26-40,West,BR0045,2025-05-11
CUST002878,60+,West,BR0065,11-05-2017
CUST002879,60+, WEST ,BR0041,07/07/2017
CUST002880,26-40,North,BR0031,22/04/2025
CUST002881,26-40,west,BR0060,01-05-2024
CUST002882, 18-25 ,NORTH ,BR0034,2021-04-30
CUST002883,41-60 ,E,BR0069,14/07/2025
CUST002884,26-40,SOUTH,BR0115,2017-10-05
CUST002885, 18-25 ,W,BR0027,10-10-2019
CUST002886, 60+,EAST ,BR0066,2025-09-16
CUST002887,41-60,SOUTH,BR0087,2026-01-04
CUST002888,18-25,W,BR0076,2017-09-28
CUST002889,26-40,SOUTH,BR0059,08/03/2015
CUST002890,41 - 60,west,BR0083,26-10-2025
CUST002891, 60+,East,BR0017,2022-02-28
CUST002892,18-25,west,BR0076,2018-07-17
CUST002893,18 - 25,W,BR0048,2024-05-14
CUST002894,26-40,W,BR0106,2022-01-27
CUST002895,41-60,east,BR0008,2021-09-22
CUST002896,60+,east,BR0020,24/05/2017
CUST002897, 60+,North,BR0098,2020-07-03
CUST002898,41-60,NORTH,BR0092,2021-09-20
CUST002899,18_25, SOUTH,BR0107,2021-05-14
CUST002900,26-40,east,BR0080,
CUST002901,18_25,East,BR0050,21/08/2022
CUST002902,18 - 25,WEST,BR0032,2016-09-22
CUST002903,41-60,East,BR0081,2018-12-23
CUST002904,41 - 60,EAST ,BR0066,2024-10-12
CUST002905,41-60,South,BR0047,08/21/2022
CUST002906,18-25,E,BR0083,2025-08-14
CUST002907,41-60,E,BR0011,20-04-2017
CUST002908,41-60 ,,BR0011,12-02-2023
CUST002909, 26-40, SOUTH,BR0001,2015-09-08
CUST002910,18-25,east,BR0065,2024-01-17
CUST002911,18 - 25,West,BR0077,02/04/2025
CUST002912,18_25,E,BR0117,09-05-2018
CUST002913,18-25,N,BR0018,31/10/2018
CUST002914, 26-40,North,BR0093,2023-11-07
CUST002915,18 - 25,SOUTH,BR0041,2020-09-04
CUST002916,60+, WEST ,BR0099,10-06-2019
CUST002917,60 +, WEST ,BR0039,2026-03-13
CUST002918,18_25,south,BR0007,21/10/2015
CUST002919,18-25,West,BR0060,2021-03-15
CUST002920,18_25,S,BR0109,31-03-2020
CUST002921,26-40,N,BR0119,21-07-2023
CUST002922,26_40,W,BR0114,2021-02-24
CUST002923,41_60,SOUTH,BR0078,22-10-2016
CUST002924,26 - 40,south,BR0091,26/02/2015
CUST002925,18_25,N,BR0100,2023-12-17
CUST002926, 60+,West,BR0031,04/19/2022
CUST002927,41-60 ,east,BR0021,2022-07-20
CUST002928,26 - 40,E,BR0038,2022-12-13
CUST002929,18-25,west,BR0087,2024-08-14
CUST002930,18-25,EAST,BR0064,2018-02-26
CUST002931, 60+,WEST,BR0026,2018-11-14
CUST002932,18-25,WEST,BR0112,2020-02-28
CUST002933,60 +,East,BR0016,02/11/2022
CUST002934,60+,E,BR0027,05/13/2015
CUST002935,26-40,west,BR0075,2015-08-04
CUST002936, 18-25 , SOUTH,BR0048,2015-12-31
CUST002937,41-60,N,BR0006,2024-06-24
CUST002938, 60+,South,BR0037,2015-03-30
CUST002939,18-25,EAST ,BR0093,2017-05-05
CUST002940,18-25,WEST,BR0081,2020-04-04
CUST002941, 60+,NORTH ,BR0019,15-03-2020
CUST002942,60+, WEST ,BR0010,21-02-2026
CUST002943,60_plus,west,BR0028,2016-09-18
CUST002944, 18-25 ,S,BR0082,2026-05-13
CUST002945,41-60,east,BR0053,23-11-2016
CUST002946,26-40,NORTH ,BR0075,2015-11-25
CUST002947,18-25,E,BR0025,2022-04-18
CUST002948,26-40,east,BR0099,26-10-2016
CUST002949,18_25,EAST ,BR0002,07/02/2025
CUST002950,41-60,East,BR0115,23-10-2022
CUST002951,41-60,NORTH ,BR0118,2024-04-07
CUST002952,26 - 40,SOUTH,BR0005,
CUST002953,41-60,EAST ,BR0009,2021-08-14
CUST002954,41 - 60,north,BR0114,19-12-2021
CUST002955, 18-25 ,East,BR0017,2026-02-28
CUST002956,60_plus,NORTH,BR0060,2018-07-10
CUST002957,41 - 60,NORTH ,BR0040,30-10-2025
CUST002958,18-25,north,BR0030,2025-05-29
CUST002959,26-40,south,BR0037,2019-04-19
CUST002960,41-60,north,BR0089,10/06/2026
CUST002961,41-60 ,WEST,BR0035,2021-01-27
CUST002962,41_60,west,BR0105,2022-06-01
CUST002963,18 - 25,SOUTH,BR0044,19-07-2017
CUST002964,18 - 25,WEST,BR0032,2019-07-29
CUST002965,26-40,east,BR0111,24-06-2020
CUST002966, 26-40,south,BR0016,05-01-2022
CUST002967,41-60,WEST,BR0109,01/11/2024
CUST002968,41-60 ,W,BR0083,2017-05-22
CUST002969,41-60,South,BR0072,2022-10-20
CUST002970,41 - 60,north,BR0104,24-02-2026
CUST002971,60+,East,BR0036,2025-12-17
CUST002972,41-60 ,SOUTH,BR0037,2015-03-13
CUST002973,26_40,West,BR0086,2019-08-31
CUST002974,41 - 60,WEST,BR0018,2020-09-13
CUST002975,41-60,East,BR0006,2019-12-29
CUST002976,41_60, SOUTH,BR0047,03-05-2017
CUST002977,18 - 25,North,BR0008,2021-08-31
CUST002978,41-60,W,BR0020,13/01/2017
CUST002979,41-60 ,east,BR0040,12-12-2022
CUST002980,60 +,North,BR0025,16-06-2021
CUST002981,26_40,South,BR0120,2018-08-15
CUST002982,60 +, WEST ,BR0053,07/09/2015
CUST002983,18-25,west,BR0013,2020-03-10
CUST002984,,South,BR0078,19-07-2021
CUST002985,41-60, SOUTH,BR0116,2021-02-13
CUST002986,41 - 60, SOUTH,BR0101,05-11-2019
CUST002987,26-40,EAST,BR0018,2018-09-14
CUST002988,41 - 60,west,BR0064,2025-09-07
CUST002989,,SOUTH,BR0029,2023-02-08
CUST002990,26_40,SOUTH,BR0079,03/04/2021
CUST002991,41-60, SOUTH,BR0048,2015-08-08
CUST002992,18-25,West,BR0072,07/07/2018
CUST002993,41-60,E,BR0005,09/05/2022
CUST002994,60+,EAST ,BR0004,09/04/2016
CUST002995,41-60,North,BR0094,2015-07-16
CUST002996,60_plus,west,BR0070,07-08-2022
CUST002997,41-60,West,BR0051,2023-10-28
CUST002998,60+,north,BR0018,26-01-2020
CUST002999,41-60,EAST ,BR0063,05/04/2019
CUST003000, 26-40,NORTH ,BR0118,2023-06-21
CUST003001, 60+,W,BR0107,2023-01-27
CUST003002,18-25, WEST ,BR0055,14-01-2025
CUST003003, 60+,East,BR0007,09/10/2019
CUST003004,41-60,south,BR0120,2024-11-16
CUST003005,26_40,west,BR0075,17/02/2018
CUST003006,26 - 40, SOUTH,BR0044,2023-03-03
CUST003007,26-40,SOUTH,BR0100,29/10/2022
CUST003008,26-40,south,BR0049,07/01/2015
CUST003009, 60+,North,BR0116,07/07/2020
CUST003010,26-40,EAST ,BR0069,14/12/2024
CUST003011,18 - 25,NORTH ,BR0064,27/03/2021
CUST003012,60+,E,BR0112,2021-05-13
CUST003013,18 - 25,West,BR0090,10/11/2016
CUST003014,60+,east,BR0107,2018-05-07
CUST003015,60+, SOUTH,BR0113,10-06-2017
CUST003016,60+,E,BR0082,28-11-2019
CUST003017,26-40,NORTH,BR0106,
CUST003018,41-60 ,EAST ,BR0102,2020-12-18
CUST003019,,EAST ,BR0108,2017-03-19
CUST003020,41-60, WEST ,BR0105,12/17/2023
CUST003021,60_plus,EAST ,BR0006,21-03-2026
CUST003022, 26-40,east,BR0010,2026-02-07
CUST003023,60+,east,BR0001,11-02-2023
CUST003024, 26-40,West,BR0056,2016-05-20
CUST003025,41_60,West,BR0032,2020-10-05
CUST003026, 26-40,South,BR0115,2026-05-27
CUST003027,41-60,east,BR0041,2022-12-22
CUST003028,41-60,W,BR0033,2019-09-26
CUST003029,26 - 40,North,BR0051,09/09/2024
CUST003030, 26-40,E,BR0033,2018-02-27
CUST003031,18 - 25,NORTH ,BR0111,2025-07-21
CUST003032,26_40,East,BR0111,2025-04-06
CUST003033,18-25,North,BR0120,23-09-2016
CUST003034,41 - 60,SOUTH,BR0085,2017-11-19
CUST003035,41 - 60,north,BR0094,01/11/2021
CUST003036,60 +,NORTH,BR0055,15-04-2020
CUST003037,41-60,East,BR0050,01/18/2017
CUST003038,18 - 25,E,BR0108,2018-07-31
CUST003039,41-60,EAST,,06-10-2019
CUST003040, 26-40,WEST,,2019-07-15
CUST003041,18_25,South,BR0090,24/11/2017
CUST003042,26_40,east,BR0009,09/02/2025
CUST003043,41-60 ,EAST ,BR0024,2017-05-16
CUST003044, 26-40,S,BR0060,2016-07-19
CUST003045,18-25,South,BR0056,2022-05-31
CUST003046,60_plus,North,BR0078,05-07-2017
CUST003047,60+,east,BR0118,2019-01-20
CUST003048,60 +,SOUTH,BR0091,18-04-2022
CUST003049,41-60,East,BR0038,20-05-2024
CUST003050,26 - 40,NORTH,BR0020,2024-11-25
CUST003051,41-60,N,BR0118,2025-10-26
CUST003052,26-40,East,BR0006,2024-06-27
CUST003053,41-60 , WEST ,BR0114,2024-04-07
CUST003054,41_60,south,BR0054,09/06/2021
CUST003055, 60+,north,BR0053,2025-06-10
CUST003056, 18-25 , WEST ,BR0050,02/04/2023
CUST003057,60+,South,BR0041,12-11-2023
CUST003058,,South,BR0017,2022-08-05
CUST003059,41 - 60,South,BR0053,03/25/2018
CUST003060,18-25,WEST,BR0029,2018-03-15
CUST003061,26-40,south,BR0086,2023-04-14
CUST003062,41-60 ,S,BR0059,2022-05-14
CUST003063, 60+,EAST ,BR0088,2024-10-30
CUST003064,60_plus,W,BR0072,09-02-2015
CUST003065,41-60,south,BR0003,2019-01-20
CUST003066, 26-40, SOUTH,BR0097,2018-03-15
CUST003067,26_40,EAST ,BR0105,08/15/2025
CUST003068,41_60,south,BR0113,2023-12-03
CUST003069,41-60 ,WEST,BR0049,06/04/2026
CUST003070, 60+,east,BR0033,2023-01-29
CUST003071,41_60,south,BR0109,11/04/2020
CUST003072,18-25,south,BR0075,2019-07-25
CUST003073,26 - 40,NORTH,BR0113,2015-08-16
CUST003074,41-60,South,BR0047,2019-05-16
CUST003075,26 - 40,N,BR0011,2020-06-25
CUST003076,60_plus,North,BR0078,2020-06-29
CUST003077,60 +,NORTH,BR0089,10/10/2016
CUST003078,41-60,south,BR0068,06/12/2026
CUST003079,41-60,west,BR0015,24/04/2016
CUST003080,60+,S,BR0116,17-01-2016
CUST003081, 18-25 ,south,BR0073,2019-08-06
CUST003082,18-25,South,BR0010,2022-11-09
CUST003083,26-40,North,BR0015,08-10-2022
CUST003084,26-40,WEST,BR0097,2017-06-26
CUST003085,60 +,,BR0041,27/11/2023
CUST003086,60_plus,North,BR0079,2022-07-31
CUST003087,,SOUTH,BR0036,2022-09-08
CUST003088,41-60,East,BR0053,21/03/2020
CUST003089,60_plus,NORTH,BR0093,2025-01-30
CUST003090,18-25,south,,02/27/2026
CUST003091,60 +,West,BR0018,23/08/2017
CUST003092,,NORTH,BR0009,31/07/2024
CUST003093,18-25,north,BR0039,25-06-2016
CUST003094,41_60,NORTH ,BR0051,12-11-2024
CUST003095,60+,North,BR0101,16-01-2025
CUST003096,41 - 60,North,BR0085,2017-10-15
CUST003097,41-60, WEST ,BR0054,2022-08-03
CUST003098,18-25,SOUTH,BR0040,02/11/2025
CUST003099,18-25,,BR0091,2021-11-06
CUST003100,60_plus,East,BR0008,2019-02-04
CUST003101,60+,West,BR0022,2019-04-07
CUST003102,60 +,south,BR0105,29-12-2023
CUST003103,41_60,east,BR0059,27-02-2022
CUST003104,41-60,N,BR0054,2018-06-28
CUST003105,26-40,NORTH ,BR0008,2019-05-12
CUST003106,18-25,SOUTH,BR0089,2022-09-13
CUST003107,26_40,West,BR0025,2021-03-10
CUST003108,18 - 25,East,BR0038,2017-05-12
CUST003109,41-60,EAST ,BR0022,2021-09-17
CUST003110,41_60,north,BR0080,2024-02-24
CUST003111,26-40,East,BR0113,2020-09-05
CUST003112,26 - 40,west,BR0073,2015-01-18
CUST003113,18-25,N,BR0036,2020-04-05
CUST003114,26-40,SOUTH,BR0065,09/22/2021
CUST003115, 60+,West,BR0096,08/04/2016
CUST003116,18_25,WEST,BR0049,2024-04-08
CUST003117,41-60 ,SOUTH,BR0063,
CUST003118,18-25,,BR0014,10-02-2018
CUST003119,,EAST,BR0062,27/04/2024
CUST003120,26 - 40,SOUTH,BR0114,2021-08-16
CUST003121, 60+,W,BR0082,2020-11-10
CUST003122,18-25,East,BR0002,2025-12-14
CUST003123,60+,E,BR0067,2021-02-16
CUST003124,60 +,W,BR0076,2026-03-11
CUST003125,26_40,NORTH ,BR0081,25-11-2019
CUST003126,,East,BR0031,28/07/2015
CUST003127, 60+, WEST ,BR0110,22-11-2021
CUST003128,60+,EAST,BR0012,2017-11-27
CUST003129,60+,EAST,BR0113,29-09-2022
CUST003130,41-60 ,EAST ,BR0044,2020-06-23
CUST003131,41-60,west,BR0042,26-08-2020
CUST003132,41 - 60,south,BR0022,2021-07-07
CUST003133,18-25,East,BR0110,05-12-2018
CUST003134,60+,S,BR0033,2016-03-08
CUST003135,41-60,NORTH,BR0098,11/03/2016
CUST003136, 60+,west,BR0089,11-07-2019
CUST003137,60_plus,East,BR0054,28-09-2024
CUST003138, 18-25 ,NORTH ,BR0027,2016-07-18
CUST003139,60+, SOUTH,BR0078,26-11-2019
CUST003140,18 - 25,NORTH ,BR0114,2020-07-01
CUST003141,26-40,east,BR0068,2024-08-22
CUST003142,18 - 25,SOUTH,BR0117,21-07-2018
CUST003143,26_40, WEST ,BR0101,2024-05-01
CUST003144,60+,east,BR0008,2026-04-23
CUST003145,41-60,NORTH,BR0018,2022-01-25
CUST003146, 18-25 ,South,BR0025,2019-08-13
CUST003147,18-25,east,BR0004,2020-08-13
CUST003148,60+,EAST,BR0016,2026-05-16
CUST003149,60+,south,BR0059,2025-03-04
CUST003150,41-60,EAST ,BR0045,19-02-2020
CUST003151,41-60 , WEST ,BR0021,2020-12-06
CUST003152, 18-25 ,E,BR0011,04-07-2016
CUST003153,41-60,west,BR0056,
CUST003154,41-60,south,BR0113,2023-06-05
CUST003155,41_60,N,BR0098,2016-01-05
CUST003156,60_plus, SOUTH,BR0098,31-12-2015
CUST003157,18-25,EAST,BR0116,2026-02-09
CUST003158,60+,NORTH ,BR0085,10/11/2017
CUST003159,60+,East,BR0037,07/07/2019
CUST003160,60_plus,EAST,BR0088,2023-10-11
CUST003161,41-60,north,BR0054,2024-06-13
CUST003162,41-60,West,BR0053,2023-04-24
CUST003163,18-25,EAST ,BR0024,2016-09-03
CUST003164,60+,North,BR0055,30-12-2021
CUST003165, 60+,E,BR0097,28-02-2024
CUST003166,60+, SOUTH,BR0034,2019-02-09
CUST003167,18_25,SOUTH,BR0018,2015-03-23
CUST003168, 18-25 ,West,BR0088,20-02-2023
CUST003169,60+,South,BR0053,16-08-2019
CUST003170,60+,East,BR0067,06/09/2021
CUST003171,18-25, SOUTH,BR0028,27-11-2018
CUST003172,60+,East,BR0030,2016-10-24
CUST003173,26-40,NORTH ,BR0087,04-05-2026
CUST003174,26 - 40,East,BR0086,08-02-2017
CUST003175,18_25,North,BR0055,2021-10-24
CUST003176,26-40,E,,07/06/2019
CUST003177,18 - 25,EAST,BR0063,10-06-2019
CUST003178,26-40,East,BR0058,16/02/2025
CUST003179,41-60,SOUTH,BR0065,2016-07-03
CUST003180,60+,E,BR0065,2026-05-02
CUST003181,26-40,north,BR0076,06-01-2021
CUST003182,18_25, WEST ,BR0018,01-01-2018
CUST003183,60+,east,BR0073,09-12-2017
CUST003184,41-60 ,south,BR0041,06/03/2024
CUST003185, 26-40,west,BR0003,06-10-2015
CUST003186,18 - 25,EAST ,BR0066,03/06/2023
CUST003187,26_40,N,BR0012,2024-04-23
CUST003188,41 - 60,N,BR0006,06-01-2015
CUST003189,26 - 40,NORTH,BR0098,19/11/2023
CUST003190,26_40,North,BR0029,01/08/2020
CUST003191,,N,BR0001,2022-04-24
CUST003192, 26-40,WEST,BR0051,2020-06-21
CUST003193, 18-25 ,east,BR0115,28-05-2020
CUST003194,41-60 ,W,BR0109,2017-02-13
CUST003195,26_40,West,BR0064,25-09-2015
CUST003196,41-60,EAST ,BR0041,2015-04-17
CUST003197,18-25,east,BR0118,06-12-2021
CUST003198, 60+,N,BR0014,02/17/2022
CUST003199, 18-25 ,North,BR0045,04-09-2020
CUST003200,41 - 60,N,BR0026,28-04-2015
CUST003201,41-60,E,BR0080,13/02/2020
CUST003202,60 +, WEST ,BR0005,16/09/2018
CUST003203,41-60,EAST,BR0073,2019-11-20
CUST003204,26-40, SOUTH,BR0089,15-01-2025
CUST003205,60+,NORTH ,BR0120,2022-04-22
CUST003206,18-25,WEST,BR0107,2026-01-24
CUST003207,26-40,North,BR0057,2015-10-02
CUST003208,26-40,North,BR0049,26-06-2017
CUST003209,41-60 , SOUTH,BR0097,2024-01-30
CUST003210,60+,north,BR0058,11-12-2024
CUST003211,41 - 60,south,BR0054,02-02-2016
CUST003212,41-60,NORTH,BR0056,2020-03-17
CUST003213,41_60, WEST ,BR0084,03/17/2015
CUST003214,26-40,south,BR0090,2022-03-06
CUST003215,26 - 40,EAST ,BR0031,2018-05-19
CUST003216,41-60,EAST ,BR0010,25-07-2022
CUST003217,26_40,North,BR0035,2018-04-05
CUST003218,60+,W,BR0095,01/13/2019
CUST003219,60+,east,BR0097,2019-02-27
CUST003220,26-40,South,BR0036,12/10/2018
CUST003221, 26-40,NORTH ,BR0031,02/15/2017
CUST003222,41-60,south,BR0068,
CUST003223,26-40,North,BR0021,2019-04-12
CUST003224,18-25,west,BR0055,17-10-2024
CUST003225,26 - 40,N,BR0109,2022-01-14
CUST003226,26-40,N,BR0069,24/10/2018
CUST003227, 26-40,EAST ,BR0113,2016-10-01
CUST003228,41_60,West,BR0115,04/14/2020
CUST003229,60+,EAST ,BR0011,2020-05-16
CUST003230,26 - 40,NORTH,BR0089,2023-06-02
CUST003231, 26-40,east,,2022-06-06
CUST003232,60+,EAST,BR0014,2024-07-29
CUST003233,60 +,North,,24-05-2024
CUST003234,60+,East,BR0082,08/07/2023
CUST003235,41-60,NORTH ,BR0063,22/07/2025
CUST003236,26-40,North,BR0036,2019-05-17
CUST003237,18_25,NORTH,BR0097,2015-07-16
CUST003238,18-25,NORTH ,BR0013,27-12-2019
CUST003239,60+,east,BR0104,2018-09-20
CUST003240,,S,BR0116,2019-01-22
CUST003241,41-60, WEST ,BR0016,2024-08-24
CUST003242,41-60,South,BR0118,2021-08-16
CUST003243,26-40, SOUTH,BR0051,17-05-2020
CUST003244,41-60, SOUTH,BR0046,2020-12-19
CUST003245,41 - 60,South,BR0067,2017-02-25
CUST003246,26-40,N,BR0003,02/09/2021
CUST003247,60 +,north,BR0017,2018-10-27
CUST003248,60+,W,BR0073,2017-10-19
CUST003249,18-25,east,BR0087,2023-11-20
CUST003250,26_40,E,BR0049,2019-12-01
CUST003251,41_60,SOUTH,,2024-10-14
CUST003252,26-40,S,br0075,05-11-2019
CUST003253,,W,BR0043,20-12-2017
CUST003254,41-60 ,SOUTH,BR0052,2022-01-25
CUST003255,18-25, WEST ,BR0021,2026-07-22
CUST003256,18-25,East,BR0018,2023-11-28
CUST003257,41-60,West,BR0111,18/12/2025
CUST003258,41-60, SOUTH,BR0005,23-11-2015
CUST003259, 18-25 ,west,BR0058,14-09-2015
CUST003260,41-60, SOUTH,BR0109,2016-02-24
CUST003261,41-60,west,BR0082,17/08/2025
CUST003262,18 - 25, WEST ,BR0087,2017-04-06
CUST003263,26-40,EAST,BR0034,2024-05-30
CUST003264,26_40,West,BR0009,2017-08-21
CUST003265,41 - 60,N,BR0004,19-10-2022
CUST003266,41-60,SOUTH,BR0036,2019-07-23
CUST003267,60_plus,NORTH ,BR0107,2017-02-21
CUST003268,18-25,EAST,BR0048,2017-10-04
CUST003269,18_25,West,BR0068,16-04-2026
CUST003270,41-60,south,BR0076,07/05/2018
CUST003271,60 +, WEST ,BR0113,2023-03-20
CUST003272,26 - 40,NORTH,BR0042,2018-03-16
CUST003273,18_25, WEST ,BR0042,2017-05-25
CUST003274,18-25,south,BR0102,07/05/2019
CUST003275,60_plus, SOUTH,BR0001,17-01-2025
CUST003276,60+,,BR0112,2025-04-14
CUST003277,18 - 25,NORTH ,BR0053,07/10/2018
CUST003278,26 - 40,SOUTH,BR0030,12/06/2021
CUST003279,60+,north,BR0060,03-01-2016
CUST003280,18_25,north,BR0090,2019-02-22
CUST003281,41-60,West,BR0018,30/03/2016
CUST003282,60_plus,east,BR0042,2021-03-25
CUST003283,18 - 25,East,BR0090,09/28/2024
CUST003284,18-25,North,BR0067,2020-01-12
CUST003285, 60+,west,BR0107,2022-01-26
CUST003286,41 - 60,WEST,BR0021,2023-12-09
CUST003287,41-60,south,BR0076,25-09-2024
CUST003288,41-60 , SOUTH,BR0056,2019-03-13
CUST003289,41-60,west,BR0075,13-08-2020
CUST003290,26_40,east,BR0043,25-06-2016
CUST003291,26-40,EAST ,BR0051,2022-03-05
CUST003292,60+,South,BR0102,2025-01-31
CUST003293,18-25,North,BR0057,2021-02-10
CUST003294,41-60,E,BR0118,05/09/2017
CUST003295,18_25,SOUTH,BR0067,2015-04-08
CUST003296, 18-25 ,North,BR0092,01-10-2015
CUST003297,18-25,south,BR0067,08-11-2015
CUST003298,26-40,W,BR0003,2016-09-07
CUST003299,41_60,west,BR0015,11-10-2022
CUST003300,60+,E,BR0072,14-03-2022
CUST003301,60+,SOUTH,BR0011,2024-09-14
CUST003302,41_60,NORTH ,BR0063,2017-03-01
CUST003303,41-60,west,BR0051,2023-08-25
CUST003304,41-60,South,BR0003,30/01/2021
CUST003305,60_plus, SOUTH,BR0028,2023-02-22
CUST003306,60+,north,BR0026,2015-10-24
CUST003307,41-60,W,BR0073,2018-11-09
CUST003308,41_60,south,BR0077,2025-04-13
CUST003309,26_40,North,BR0030,14-08-2019
CUST003310,41-60,W,BR0100,04/01/2018
CUST003311,60_plus,NORTH ,BR0038,29-12-2017
CUST003312,41-60,East,BR0113,14-07-2020
CUST003313,26-40,N,BR0085,14/02/2016
CUST003314,60 +,West,BR0092,2016-05-18
CUST003315,41-60,,BR0011,01/09/2025
CUST003316,26-40,East,BR0028,2017-11-28
CUST003317,60_plus, SOUTH,BR0047,09/12/2018
CUST003318,41-60,E,BR0005,01-03-2020
CUST003319, 60+,East,BR0003,2021-05-26
CUST003320,26-40,EAST ,BR0008,25-06-2020
CUST003321,41-60,North,BR0120,31-05-2024
CUST003322, 60+, WEST ,BR0068,2024-09-29
CUST003323,18-25,E,BR0100,11-01-2018
CUST003324,41 - 60,south,BR0007,2019-10-18
CUST003325,26_40,west,BR0073,04-06-2025
CUST003326,26-40,NORTH,BR0013,23-02-2024
CUST003327,60+,EAST ,BR0044,17-12-2015
CUST003328,18 - 25,,BR0092,19-07-2026
CUST003329,41-60,west,BR0093,2024-07-01
CUST003330,41-60 ,north,BR0016,2022-06-11
CUST003331,41-60,south,BR0056,2025-11-09
CUST003332,26_40,E,BR0042,2015-03-16
CUST003333, 60+,NORTH ,BR0010,02/02/2019
CUST003334,60+,NORTH ,BR0051,31-03-2024
CUST003335,41_60,NORTH ,BR0120,2023-04-05
CUST003336,26 - 40,south,BR0050,04-05-2023
CUST003337,41-60 , WEST ,,05-02-2017
CUST003338, 26-40,EAST ,BR0035,2016-08-12
CUST003339,41-60 , SOUTH,BR0031,13/12/2018
CUST003340,41_60,East,BR0098,2022-07-22
CUST003341,26-40,West,BR0092,2016-03-16
CUST003342,41-60,WEST,BR0108,03-08-2019
CUST003343,26 - 40,S,BR0120,29/08/2018
CUST003344,60_plus,north,BR0067,2015-10-30
CUST003345, 60+,north,BR0071,2025-09-22
CUST003346,26-40,North,BR0051,2020-11-14
CUST003347,26_40,EAST,BR0062,2016-07-06
CUST003348,41-60,EAST ,BR0061,2023-03-06
CUST003349,26-40,East,BR0042,2024-10-21
CUST003350,26-40,S,BR0103,2024-11-03
CUST003351,41 - 60,E,BR0039,12/12/2021
CUST003352,60+,EAST,BR0020,03/22/2015
CUST003353,41 - 60,N,BR0052,12/11/2022
CUST003354,41-60 ,north,,2024-06-06
CUST003355,41-60,N,BR0069,2024-07-28
CUST003356,41_60,South,BR0105,02/28/2024
CUST003357, 60+,South,BR0120,2018-10-26
CUST003358,, SOUTH,BR0071,06/19/2021
CUST003359,26-40,north,BR0001,2024-05-06
CUST003360,60+,east,BR0063,2024-03-10
CUST003361,41-60 ,NORTH ,BR0063,2024-10-10
CUST003362,41-60 ,E,BR0088,2023-02-15
CUST003363,41-60,WEST,BR0032,2022-08-08
CUST003364,60+,SOUTH,BR0065,2023-04-13
CUST003365, 18-25 ,west,BR0076,2019-12-15
CUST003366,18 - 25,north,BR0041,2024-10-29
CUST003367,41-60,N,BR0039,26/10/2017
CUST003368,60+,S,BR0114,2024-02-12
CUST003369,26 - 40,west,BR0106,11/18/2023
CUST003370,26 - 40,WEST,BR0072,2025-07-22
CUST003371,26 - 40, SOUTH,BR0055,2025-07-07
CUST003372,26_40,WEST,BR0085,04/23/2022
CUST003373,18 - 25,east,BR0057,07/10/2018
CUST003374,18 - 25,W,BR0024,2022-12-23
CUST003375,41-60,north,BR0086,2026-03-18
CUST003376,41-60,West,BR0082,29-04-2025
CUST003377,41-60,East,,23-05-2019
CUST003378,60+,S,BR0005,2015-07-16
CUST003379,18_25,West,BR0017,08-06-2020
CUST003380,26_40,East,BR0113,2017-07-03
CUST003381,26-40,WEST,BR0001,24-04-2019
CUST003382,41-60 ,W,BR0118,14/07/2024
CUST003383,18_25,S,BR0044,2023-12-14
CUST003384,41-60 ,south,,2024-11-29
CUST003385,41-60,south,BR0103,2026-04-06
CUST003386,41-60,South,BR0065,07-08-2025
CUST003387,18-25,NORTH,BR0011,17-10-2021
CUST003388,60+,NORTH ,BR0106,24-03-2023
CUST003389,18-25,north,BR0084,2021-12-29
CUST003390,26-40,NORTH ,BR0074,2023-08-16
CUST003391,26-40,E,BR0118,2023-10-31
CUST003392,41_60,south,BR0099,2025-11-13
CUST003393,26-40,East,BR0083,2024-02-16
CUST003394,18-25,east,BR0117,16-02-2021
CUST003395,60_plus,EAST,BR0088,2024-10-24
CUST003396,60+,N,BR0015,2017-04-20
CUST003397,41_60,S,BR0007,11/09/2020
CUST003398,26-40,North,BR0029,10-01-2024
CUST003399,26-40,EAST ,BR0082,2021-04-13
CUST003400,60+,South,BR0044,2024-07-07
CUST003401,60+,EAST ,BR0054,20/11/2020
CUST003402,60+,E,BR0019,30-05-2021
CUST003403,18 - 25,North,BR0105,2026-05-08
CUST003404, 18-25 , SOUTH,BR0051,03/01/2022
CUST003405,60+,west,BR0016,2021-01-22
CUST003406,18-25,East,BR0044,20/03/2018
CUST003407,26-40,EAST,BR0047,2022-11-20
CUST003408,41-60,EAST,BR0116,06/14/2026
CUST003409,, SOUTH,BR0051,19-02-2019
CUST003410,18 - 25, SOUTH,BR0058,2024-03-08
CUST003411,60_plus,E,BR0111,27/07/2021
CUST003412,60 +,E,BR0074,08/05/2019
CUST003413,60+,West,BR0107,2024-03-03
CUST003414,18 - 25, WEST ,BR0083,2015-09-18
CUST003415,26-40,north,BR0006,2019-12-21
CUST003416,41 - 60,,BR0051,2015-04-03
CUST003417,18-25,S,BR0089,03/13/2023
CUST003418,41-60,S,BR0117,31/10/2020
CUST003419,18-25,WEST,BR0109,2022-12-03
CUST003420,26_40,South,BR0064,03/30/2018
CUST003421,18 - 25, SOUTH,BR0013,2022-07-26
CUST003422,18-25,NORTH,BR0062,02/18/2026
CUST003423,26 - 40,NORTH,BR0079,2024-06-24
CUST003424,41-60, SOUTH,BR0098,2018-09-05
CUST003425,26_40,N,BR0059,08-06-2019
CUST003426, 18-25 ,SOUTH,BR0044,2023-10-10
CUST003427,60+,EAST ,BR0106,2018-11-08
CUST003428, 26-40,East,BR0101,04-03-2025
CUST003429,41-60,E,BR0087,2021-08-19
CUST003430,41-60,west,BR0035,31/08/2025
CUST003431,26 - 40,West,BR0077,2022-11-10
CUST003432,,E,BR0064,18-03-2026
CUST003433,18 - 25,West,BR0113,02/18/2023
CUST003434,18-25,SOUTH,BR0048,2020-12-07
CUST003435,41_60,South,BR0001,27/11/2018
CUST003436,26-40,East,BR0052,2017-08-16
CUST003437,26-40,NORTH ,BR0058,2021-08-14
CUST003438,41-60,N,BR0074,2015-04-06
CUST003439,41_60,south,BR0054,2023-04-12
CUST003440,26-40,North,BR0004,2023-06-11
CUST003441,60_plus,WEST,BR0075,2024-12-30
CUST003442,41-60 ,WEST,BR0025,23-01-2026
CUST003443,41-60,north,BR0117,2017-08-02
CUST003444,26-40,north,BR0015,2020-11-25
CUST003445,41-60, WEST ,BR0118,09/01/2016
CUST003446,41-60,NORTH ,BR0042,2016-03-14
CUST003447,18-25,NORTH,BR0052,2015-08-25
CUST003448,18-25, SOUTH,BR0029,2016-12-20
CUST003449,26-40,west,BR0055,06-06-2016
CUST003450,41-60,WEST,BR0112,01/05/2018
CUST003451,60+,south,BR0091,2017-09-27
CUST003452,41-60,West,BR0097,26-05-2016
CUST003453,41-60,NORTH ,BR0034,2022-10-19
CUST003454,26-40, WEST ,BR0009,2024-07-11
CUST003455,26-40,E,BR0002,2021-06-17
CUST003456,26_40,North,BR0038,06-06-2020
CUST003457,18_25,NORTH ,BR0074,26-02-2025
CUST003458,26-40,east,BR0063,2020-05-04
CUST003459,60+,WEST,BR0055,20/02/2023
CUST003460,60+,N,BR0003,06-05-2022
CUST003461,60+,East,BR0042,2022-12-12
CUST003462, 26-40,EAST ,BR0050,11-08-2019
CUST003463,26-40,NORTH,BR0111,2023-07-21
CUST003464, 18-25 ,NORTH ,BR0026,2017-08-22
CUST003465, 26-40,South,BR0011,
CUST003466, 26-40,WEST,BR0089,2020-11-09
CUST003467,26_40,West,BR0041,28/12/2025
CUST003468,18 - 25,SOUTH,BR0024,2025-10-16
CUST003469,60+,East,BR0111,18-01-2018
CUST003470,41-60,N,BR0089,2026-01-10
CUST003471,26_40, SOUTH,BR0075,2017-03-26
CUST003472,18-25,North,BR0014,14-05-2020
CUST003473,18_25,EAST,BR0034,20-06-2021
CUST003474,26-40,South,BR0022,2020-08-04
CUST003475,60+,East,BR0107,03-12-2022
CUST003476,26_40,North,BR0015,2019-03-03
CUST003477, 18-25 , SOUTH,BR0014,27/01/2025
CUST003478,,west,BR0057,2017-10-07
CUST003479,60+,EAST ,BR0108,10/11/2024
CUST003480,18-25,south,BR0065,01-12-2020
CUST003481, 18-25 ,S,BR0030,21-01-2018
CUST003482,60_plus,south,BR0095,2023-04-29
CUST003483,41-60,NORTH ,BR0049,2026-01-25
CUST003484,60+,SOUTH,BR0101,02/03/2017
CUST003485,41-60,N,BR0027,25-09-2020
CUST003486, 60+,WEST,BR0028,2019-09-27
CUST003487,26-40,east,BR0006,2023-10-10
CUST003488,41-60,EAST ,BR0047,11/05/2016
CUST003489, 26-40,north,BR0029,22-11-2024
CUST003490,18_25,N,BR0071,05/07/2015
CUST003491,41-60,N,BR0103,2020-11-24
CUST003492,60 +,NORTH ,BR0024,03/30/2016
CUST003493,18-25,EAST ,,2018-11-28
CUST003494,60+,SOUTH,BR0004,2016-10-04
CUST003495,18_25,N,BR0033,2024-09-20
CUST003496,,EAST,BR0092,25-08-2020
CUST003497,26-40,west,BR0053,09/03/2018
CUST003498,26-40,NORTH,BR0068,07-06-2022
CUST003499,18-25,NORTH ,BR0088,2017-08-20
CUST003500,18-25,EAST,BR0108,2026-02-25
CUST003501,41_60, WEST ,BR0105,23-11-2015
CUST003502,26 - 40, WEST ,BR0021,2017-03-27
CUST003503,41-60,west,BR0083,2019-01-14
CUST003504,26-40,NORTH,BR0102,2017-11-06
CUST003505,41_60,S,BR0092,12/20/2020
CUST003506,41-60,EAST ,BR0098,2024-02-02
CUST003507,26 - 40,,BR0062,2025-09-15
CUST003508,60+,north,BR0110,27/03/2017
CUST003509,60+,west,BR0104,24/12/2023
CUST003510, 18-25 ,south,BR0108,2019-09-22
CUST003511,60+,EAST ,BR0058,29/05/2023
CUST003512,26 - 40, WEST ,BR0039,09/16/2025
CUST003513,18-25, WEST ,BR0008,30-05-2015
CUST003514,41-60,N,BR0113,2022-04-06
CUST003515,26_40,E,BR0044,2025-08-14
CUST003516,60+,east,BR0001,08/05/2015
CUST003517,26-40, SOUTH,BR0061,2018-03-16
CUST003518,60+,East,BR0083,2015-07-07
CUST003519,18 - 25, WEST ,BR0040,2021-05-27
CUST003520,18_25,WEST,BR0029,22-06-2025
CUST003521,41_60,E,BR0076,09-08-2024
CUST003522,60+,south,BR0050,2025-09-07
CUST003523,26-40,NORTH,BR0026,27/11/2021
CUST003524,26-40,west,BR0107,09/12/2018
CUST003525,41-60,NORTH ,BR0082,2017-08-23
CUST003526,41_60,North,BR0014,2017-02-12
CUST003527,41-60,SOUTH,BR0106,05/02/2016
CUST003528,60_plus,East,BR0119,30-08-2019
CUST003529,41-60,EAST ,BR0093,2022-04-12
CUST003530,26_40,SOUTH,BR0074,2018-07-21
CUST003531,41-60, WEST ,BR0019,05-11-2021
CUST003532,26 - 40,W,BR0098,24-05-2020
CUST003533,41-60 ,S,BR0057,2020-10-07
CUST003534,18-25, WEST ,BR0110,2023-07-18
CUST003535,41-60,West,BR0066,2015-06-15
CUST003536,18_25,North,BR0103,2020-07-28
CUST003537,26_40,north,BR0029,08-10-2016
CUST003538,18 - 25,north,BR0048,20/01/2017
CUST003539,18 - 25,NORTH ,BR0025,2023-01-23
CUST003540,,NORTH ,BR0028,2015-12-29
CUST003541,18-25,E,BR0021,07/18/2018
CUST003542,41-60,WEST,BR0049,07/24/2024
CUST003543,41-60,East,BR0093,2025-07-25
CUST003544,18-25,EAST,BR0041,10-07-2017
CUST003545,60+, SOUTH,BR0100,22/02/2021
CUST003546,60_plus,WEST,BR0033,2022-06-15
CUST003547,41-60,South,BR0111,28-11-2020
CUST003548,60+,west,BR0113,08/03/2026
CUST003549,18-25,NORTH ,BR0072,13-03-2026
CUST003550,41_60, SOUTH,BR0071,2016-01-18
CUST003551,18-25,East,BR0119,2024-01-26
CUST003552,18 - 25,NORTH,BR0016,04/23/2024
CUST003553, 60+,WEST,BR0033,2026-04-29
CUST003554,18_25,NORTH ,BR0006,2020-12-08
CUST003555,60+,S,BR0101,08-05-2017
CUST003556,18_25,EAST,BR0064,2025-04-03
CUST003557,18-25,W,BR0065,2025-03-29
CUST003558,60_plus,NORTH ,BR0017,29/07/2018
CUST003559,26-40,north,BR0082,2023-02-16
CUST003560,41-60 ,South,BR0107,21/03/2016
CUST003561,18-25,north,BR0104,08-06-2025
CUST003562,18-25,south,BR0103,2024-04-22
CUST003563,18-25,NORTH,BR0112,07-12-2023
CUST003564,26-40,E,BR0016,2016-09-21
CUST003565,60+,West,BR0007,2023-06-05
CUST003566,26-40,south,BR0047,2015-06-10
CUST003567, 60+,West,BR0116,04/03/2017
CUST003568,26 - 40,NORTH,,2023-09-26
CUST003569,41-60,SOUTH,BR0036,09/01/2022
CUST003570,18 - 25,WEST,BR0073,2025-07-19
CUST003571,41-60,north,BR0106,2015-05-01
CUST003572,18-25,west,,2016-01-27
CUST003573,18-25,EAST ,BR0062,2015-01-02
CUST003574,41-60,S,BR0001,2020-01-07
CUST003575, 26-40,east,BR0015,2025-07-01
CUST003576,60 +,EAST,BR0016,13/09/2017
CUST003577, 18-25 ,north,BR0003,2015-01-27
CUST003578,18-25,EAST,BR0075,07/11/2019
CUST003579,60 +,W,BR0118,2026-06-17
CUST003580, 18-25 ,East,BR0078,2023-03-26
CUST003581,18_25,EAST,BR0027,2016-12-10
CUST003582, 18-25 , WEST ,BR0112,2024-08-03
CUST003583,18 - 25,E,BR0036,2017-08-19
CUST003584,41-60,West,BR0119,28/09/2025
CUST003585,26 - 40,,BR0020,24-12-2019
CUST003586,26-40,WEST,BR0042,2018-06-11
CUST003587,18-25, WEST ,BR0039,2018-06-05
CUST003588,60+, WEST ,BR0065,2025-11-21
CUST003589,26-40,N,BR0012,2018-10-22
CUST003590,60+,West,BR0073,14/04/2024
CUST003591, 26-40,NORTH ,BR0074,13/12/2023
CUST003592,18-25,north,BR0021,2020-12-21
CUST003593,18_25,NORTH ,BR0021,03/27/2025
CUST003594,26-40,N,BR0072,03/10/2022
CUST003595, 60+,E,BR0033,06/17/2023
CUST003596,26_40,North,BR0065,23-06-2024
CUST003597,18-25,west,BR0004,12/03/2015
CUST003598,26 - 40, SOUTH,BR0054,2026-02-19
CUST003599,18-25,EAST ,BR0082,2024-11-10
CUST003600,26-40,EAST ,BR0035,2020-08-26
CUST003601, 60+,SOUTH,BR0111,2018-01-09
CUST003602,18_25,west,BR0098,2021-08-07
CUST003603, 18-25 ,W,BR0108,02/02/2022
CUST003604,41-60, WEST ,BR0079,2025-05-22
CUST003605,60_plus,NORTH ,BR0013,2017-05-03
CUST003606, 26-40,South,BR0103,2023-10-03
CUST003607,41_60,West,BR0115,2020-01-31
CUST003608,41 - 60,East,BR0119,2018-08-11
CUST003609,41-60,NORTH,BR0020,26/05/2021
CUST003610, 18-25 ,north,BR0005,2015-02-22
CUST003611,60+,east,BR0040,2016-03-23
CUST003612,41_60,west,BR0084,02/04/2015
CUST003613,26-40,West,BR0100,03/26/2024
CUST003614, 60+,NORTH ,BR0069,22/06/2016
CUST003615,18-25,EAST,BR0046,2021-01-18
CUST003616,60+,EAST ,BR0118,2022-12-27
CUST003617,26-40,west,,2026-05-27
CUST003618,41-60,west,BR0082,05-02-2022
CUST003619,18-25,east,BR0102,11/09/2018
CUST003620,18_25,East,BR0085,01-01-2018
CUST003621,41-60,East,BR0092,2021-12-07
CUST003622,60_plus,EAST,BR0110,2017-11-26
CUST003623,60 +,West,BR0102,2021-08-20
CUST003624,60_plus,NORTH,BR0074,24-11-2018
CUST003625,26-40,East,BR0065,10/27/2022
CUST003626,18-25,NORTH,BR0047,2016-12-26
CUST003627,41-60,EAST ,BR0015,2020-01-01
CUST003628,41-60,WEST,BR0003,08/05/2016
CUST003629,41-60 ,south,BR0070,16/01/2021
CUST003630,60+,North,BR0010,2019-02-03
CUST003631,18 - 25,east,BR0064,17/11/2019
CUST003632,60+,EAST,BR0080,13-06-2015
CUST003633,60 +, WEST ,BR0033,2019-07-15
CUST003634,26-40,W,BR0033,07-07-2026
CUST003635,26_40, WEST ,BR0021,30/09/2024
CUST003636, 18-25 ,east,BR0087,01/14/2020
CUST003637,60 +,S,BR0104,2017-04-04
CUST003638,18-25,East,BR0037,01/30/2026
CUST003639,41 - 60,SOUTH,BR0058,06/08/2016
CUST003640,41_60,WEST,BR0055,2023-07-06
CUST003641,18-25,North,BR0055,01/01/2023
CUST003642,60+,EAST,BR0042,13/03/2016
CUST003643,26-40,north,BR0114,2019-09-02
CUST003644,26 - 40,west,BR0102,11/12/2023
CUST003645,60+,north,BR0034,2026-01-13
CUST003646,60+,SOUTH,BR0084,01/01/2021
CUST003647,60 +,West,BR0086,01/03/2018
CUST003648,18-25, SOUTH,BR0001,18/06/2017
CUST003649,18 - 25,North,BR0069,2015-06-05
CUST003650,41-60,EAST ,BR0117,10-01-2024
CUST003651,18-25,north,br0001,2019-02-27
CUST003652,60_plus,west,BR0083,2023-11-09
CUST003653,26 - 40, WEST ,BR0011,2024-09-18
CUST003654,26-40,EAST ,BR0024,11/07/2015
CUST003655,60+,West,,28/07/2019
CUST003656, 26-40,W,BR0115,2019-07-17
CUST003657,60+,NORTH ,BR0108,29-11-2023
CUST003658,60+,north,BR0059,2025-07-11
CUST003659,26-40,EAST ,BR0073,2016-02-03
CUST003660,60+,S,BR0066,2025-12-28
CUST003661,60_plus,south,BR0059,2023-10-14
CUST003662,26_40,,BR0100,2024-11-15
CUST003663,60+,EAST,BR0025,2019-11-06
CUST003664,18-25, WEST ,BR0067,07/29/2018
CUST003665,41_60,North,BR0054,31-03-2021
CUST003666,26 - 40,West,BR0069,2016-05-28
CUST003667,18 - 25,NORTH,BR0057,2021-11-05
CUST003668,41 - 60,north,BR0098,2018-06-29
CUST003669,18 - 25,N,BR0021,2016-03-21
CUST003670,60 +,W,BR0107,14/08/2024
CUST003671,60+,West,br0036,2025-07-07
CUST003672,41 - 60,E,,2025-10-04
CUST003673,41 - 60,EAST,BR0008,2024-04-11
CUST003674,60+,E,BR0120,03-04-2017
CUST003675,41-60 ,south,BR0074,2024-01-19
CUST003676,26-40, WEST ,BR0042,2018-09-17
CUST003677,41 - 60,south,BR0101,2015-02-04
CUST003678,41_60,EAST,BR0048,02/17/2023
CUST003679,26-40, SOUTH,BR0065,2020-06-07
CUST003680,26-40,South,BR0033,03-08-2019
CUST003681, 60+,EAST ,BR0001,2023-05-21
CUST003682,41 - 60,E,BR0115,2021-07-25
CUST003683, 26-40,east,BR0096,2025-02-18
CUST003684,26 - 40,West,BR0068,25/12/2017
CUST003685,26-40,NORTH ,BR0048,2023-04-20
CUST003686,60 +,south,BR0107,2024-12-14
CUST003687,60 +,West,BR0012,2025-08-07
CUST003688,41-60,North,BR0084,03/10/2023
CUST003689,41-60, WEST ,BR0037,05/08/2022
CUST003690,,south,BR0107,13-12-2017
CUST003691,60+,NORTH ,BR0087,13-09-2024
CUST003692, 26-40,EAST,BR0050,29-05-2018
CUST003693, 26-40,WEST,BR0024,10/02/2026
CUST003694,18-25,SOUTH,BR0077,04/24/2024
CUST003695,18 - 25,EAST,BR0041,14-01-2015
CUST003696,60+,NORTH,BR0037,01-08-2019
CUST003697, 60+,E,BR0037,12/09/2019
CUST003698,18-25, WEST ,BR0028,07/01/2020
CUST003699,18 - 25,north,BR0115,08-07-2025
CUST003700, 60+,East,BR0016,22/06/2016
CUST003701,60+,North,BR0021,
CUST003702,18-25,North,BR0068,2015-05-19
CUST003703,26_40,NORTH,BR0079,2019-11-27
CUST003704,60+,West,BR0012,21-03-2015
CUST003705,18-25,NORTH ,BR0108,2020-01-22
CUST003706,26-40,NORTH,BR0058,15/01/2017
CUST003707,18-25,WEST,BR0031,2025-06-09
CUST003708,26-40,east,BR0092,24-09-2024
CUST003709,41-60,south,BR0052,04/20/2022
CUST003710,41_60,West,BR0115,2022-07-31
CUST003711,26-40,West,BR0111,
CUST003712,41-60,south,BR0088,21-04-2020
CUST003713,60+,EAST ,BR0029,2026-04-24
CUST003714,41-60, WEST ,BR0012,29-05-2020
CUST003715,41-60,North,BR0099,2023-02-03
CUST003716,41_60,East,BR0065,2015-06-24
CUST003717,18_25,N,BR0120,10/05/2015
CUST003718,60+,EAST,BR0096,2025-05-08
CUST003719,18-25,West,BR0087,05/13/2021
CUST003720,60+,,,2025-11-26
CUST003721,26_40,East,BR0049,15/07/2021
CUST003722,60+,west,BR0009,2023-04-05
CUST003723,18-25,NORTH ,BR0045,2022-01-25
CUST003724,26_40,East,BR0012,23-07-2015
CUST003725,41-60,north,BR0086,2019-06-11
CUST003726,18_25,WEST,BR0047,15-07-2019
CUST003727,41 - 60,West,BR0070,09/16/2021
CUST003728,41 - 60,West,BR0058,05-01-2021
CUST003729,60+,S,BR0080,02/09/2018
CUST003730,41_60,SOUTH,BR0049,02/03/2024
CUST003731,60+,EAST ,BR0116,2022-12-01
CUST003732,41-60,south,BR0002,2018-10-29
CUST003733, 26-40,EAST,BR0068,2022-06-25
CUST003734,60+,N,BR0016,17/10/2015
CUST003735, 26-40,north,BR0056,18/01/2020
CUST003736,41-60, WEST ,BR0052,17-06-2016
CUST003737,,WEST,BR0005,07/30/2021
CUST003738,41 - 60,W,BR0015,13/03/2025
CUST003739,41-60,east,BR0055,11-05-2025
CUST003740,26 - 40, SOUTH,BR0034,2015-12-18
CUST003741, 18-25 ,north,BR0098,06/13/2017
CUST003742,26-40, WEST ,BR0110,2026-05-16
CUST003743,18 - 25,WEST,BR0104,
CUST003744,41-60,West,BR0094,2016-01-06
CUST003745,41-60,south,BR0062,2018-03-16
CUST003746,41_60,SOUTH,BR0033,19-02-2020
CUST003747,41-60,west,BR0120,11/03/2017
CUST003748,41-60 ,West,BR0093,2021-01-08
CUST003749,18-25,EAST ,BR0114,2024-09-21
CUST003750,18 - 25,EAST,BR0080,2017-11-29
CUST003751, 26-40, SOUTH,BR0027,2025-04-05
CUST003752,26-40,SOUTH,BR0025,27-05-2018
CUST003753,18-25,SOUTH,BR0083,20-03-2021
CUST003754,60+,E,BR0062,18-02-2024
CUST003755,26 - 40,South,BR0104,2016-09-07
CUST003756,26-40,SOUTH,BR0012,2024-02-26
CUST003757,41-60,W,BR0002,2015-04-28
CUST003758,41-60 ,north,BR0032,2016-09-02
CUST003759,26_40,S,BR0043,19/04/2016
CUST003760,26_40,north,BR0045,16-06-2024
CUST003761,26-40,south,BR0054,2022-08-22
CUST003762,26-40, WEST ,BR0009,2026-01-07
CUST003763,18-25,north,BR0014,2018-07-22
CUST003764,60+,west,BR0052,19-07-2024
CUST003765,26-40, WEST ,BR0054,11-06-2022
CUST003766, 60+,NORTH ,BR0061,18-08-2020
CUST003767,60_plus,South,BR0107,12/02/2016
CUST003768,41-60, WEST ,BR0114,03/15/2021
CUST003769,60+, SOUTH,BR0070,07/04/2019
CUST003770,60+,east,BR0024,19-02-2026
CUST003771, 60+,E,BR0117,07-06-2017
CUST003772,60 +,S,BR0029,2015-09-11
CUST003773,18 - 25,N,BR0041,07/04/2024
CUST003774,60+,S,BR0087,2021-10-26
CUST003775,41-60 ,EAST,BR0052,2022-03-01
CUST003776,26 - 40,NORTH,BR0086,27/01/2015
CUST003777,41-60,EAST,,23-08-2015
CUST003778,18_25,north,BR0011,2018-09-09
CUST003779, 60+,N,BR0028,06/09/2023
CUST003780,41_60,east,BR0003,2019-01-19
CUST003781, 26-40,E,BR0056,2016-02-16
CUST003782, 18-25 ,E,BR0037,2019-04-30
CUST003783,41-60 ,EAST,BR0096,29/05/2020
CUST003784,26-40,SOUTH,BR0089,28-07-2016
CUST003785,26-40,east,BR0078,2015-12-02
CUST003786, 60+,SOUTH,BR0027,2019-06-11
CUST003787,41-60,north,BR0052,07/08/2023
CUST003788,26 - 40,south,BR0050,2024-06-16
CUST003789, 60+,SOUTH,BR0040,2018-08-30
CUST003790,41-60, SOUTH,BR0058,2017-09-18
CUST003791,60+,W,BR0075,2025-09-28
CUST003792,18-25,south,BR0096,09-03-2016
CUST003793,41_60,WEST,BR0047,2018-05-18
CUST003794, 18-25 ,West,BR0036,10/01/2017
CUST003795,18-25,North,BR0022,2015-09-11
CUST003796,18 - 25,E,,2025-07-14
CUST003797, 26-40,EAST ,BR0058,21-09-2025
CUST003798,60+, WEST ,BR0052,10-11-2024
CUST003799,60+,South,BR0051,2020-06-03
CUST003800,60+,west,BR0033,17-03-2021
CUST003801,41-60,East,BR0073,2017-12-16
CUST003802,26-40,NORTH,BR0111,09/17/2020
CUST003803,18-25,SOUTH,BR0110,2022-12-17
CUST003804, 60+,N,BR0028,2022-02-02
CUST003805,41-60,west,BR0035,2024-06-28
CUST003806,18 - 25, WEST ,BR0094,05/06/2019
CUST003807,41_60,,BR0071,2025-01-15
CUST003808,60 +,S,BR0117,2024-04-17
CUST003809, 18-25 ,West,BR0082,2019-10-03
CUST003810,41 - 60,east,BR0009,2016-05-19
CUST003811,41 - 60,West,BR0039,04-07-2026
CUST003812,18-25,East,BR0105,09-09-2022
CUST003813,60+,WEST,BR0066,2026-05-14
CUST003814,41-60,EAST,BR0035,2022-02-12
CUST003815,26 - 40,east,BR0054,2016-05-02
CUST003816,60+,E,BR0082,2015-01-09
CUST003817,41_60,east,BR0098,2022-03-09
CUST003818,26 - 40,N,BR0119,2026-02-19
CUST003819,41 - 60,NORTH,BR0035,09/10/2019
CUST003820,26_40,east,BR0048,01/08/2023
CUST003821,41-60 ,west,BR0057,23-02-2020
CUST003822,41-60,EAST,BR0065,2024-11-12
CUST003823,18 - 25,EAST ,BR0112,2024-12-30
CUST003824, 18-25 ,west,BR0076,2021-07-23
CUST003825,18_25,EAST ,BR0041,2025-06-28
CUST003826,26_40,west,BR0106,19-09-2015
CUST003827,41 - 60,north,BR0115,05/18/2025
CUST003828,18 - 25,E,BR0064,2018-05-05
CUST003829,41-60,SOUTH,BR0011,2015-01-04
CUST003830,26_40,S,BR0084,08/31/2020
CUST003831,18 - 25, WEST ,BR0036,17-12-2025
CUST003832,26_40,East,BR0091,
CUST003833,60+,South,BR0021,01/05/2016
CUST003834,18 - 25,west,BR0005,2021-08-28
CUST003835,26-40,South,BR0039,2021-04-19
CUST003836,18_25,West,BR0059,2018-09-09
CUST003837,18-25,S,BR0085,16-01-2016
CUST003838,60+,west,BR0112,2023-04-23
CUST003839,18-25, SOUTH,BR0112,08/04/2021
CUST003840,18-25, SOUTH,BR0070,2018-08-22
CUST003841,18-25,South,BR0028,2018-11-27
CUST003842,18-25, WEST ,BR0034,26/09/2024
CUST003843,18_25,south,BR0061,2019-07-16
CUST003844,41-60 ,West,BR0029,09/03/2016
CUST003845,41-60 ,N,BR0066,2016-10-09
CUST003846,18-25,SOUTH,BR0041,2025-11-06
CUST003847,60+,NORTH,BR0116,03/07/2025
CUST003848,26-40,East,BR0062,2017-07-27
CUST003849,18_25,west,BR0095,08/08/2025
CUST003850,41_60,East,BR0038,2022-02-14
CUST003851,60 +,S,BR0050,14-01-2020
CUST003852,26 - 40,NORTH,BR0093,21-05-2016
CUST003853,18-25,N,BR0049,2019-12-28
CUST003854,41_60,south,BR0054,23-09-2022
CUST003855,26-40,EAST,BR0119,2015-05-22
CUST003856,18-25, WEST ,BR0107,2016-04-20
CUST003857,26-40,E,BR0032,2026-03-09
CUST003858,26-40,east,BR0055,03-01-2026
CUST003859,60+,S,BR0018,2021-10-08
CUST003860, 26-40,NORTH ,BR0072,2022-01-01
CUST003861,26_40,West,BR0111,2017-02-26
CUST003862,60_plus,,BR0103,2020-08-28
CUST003863,60+,south,BR0079,2017-07-29
CUST003864,60+,North,BR0085,2022-05-08
CUST003865,41-60,EAST ,BR0043,2025-11-14
CUST003866, 60+,S,BR0016,2026-02-10
CUST003867,41-60 ,South,BR0047,2017-08-30
CUST003868,26-40,EAST,BR0090,23/05/2017
CUST003869,18-25,EAST ,BR0073,13-10-2016
CUST003870,26-40,E,,2017-03-22
CUST003871,26_40,north,BR0065,06/02/2015
CUST003872,60+,EAST,BR0001,2018-08-03
CUST003873,60+,west,BR0038,2020-06-30
CUST003874,26_40,West,BR0119,2023-08-19
CUST003875,60+,north,BR0004,2026-06-21
CUST003876,18-25, SOUTH,BR0070,29-09-2025
CUST003877,26-40,SOUTH,BR0008,06-07-2024
CUST003878,26-40, WEST ,BR0051,2016-07-20
CUST003879, 18-25 ,,BR0100,03-01-2018
CUST003880,41-60,West,BR0099,04-10-2018
CUST003881,60 +,east,BR0007,02/25/2020
CUST003882,41_60,S,BR0034,26/07/2026
CUST003883,60+,north,BR0117,01-06-2015
CUST003884,60+,N,BR0055,08-07-2018
CUST003885,18-25,E,BR0010,2017-09-18
CUST003886,41-60,E,BR0035,28-12-2015
CUST003887, 26-40,west,BR0108,02/27/2019
CUST003888,18-25,NORTH,BR0064,2022-03-21
CUST003889,26-40,EAST ,BR0090,2015-04-19
CUST003890,18-25,West,BR0024,27/05/2021
CUST003891,18-25,EAST,BR0006,2018-02-12
CUST003892,60+,EAST ,BR0115,2025-09-30
CUST003893,26-40,south,BR0086,13/02/2017
CUST003894,18 - 25,West,BR0059,2016-10-21
CUST003895,26-40,,BR0100,2022-09-21
CUST003896, 60+,S,BR0049,2023-01-05
CUST003897, 60+,W,BR0093,12/30/2020
CUST003898,26 - 40,WEST,BR0007,2020-11-09
CUST003899,26-40,East,BR0082,2021-06-15
CUST003900,18 - 25,EAST,BR0096,2025-10-26
CUST003901,41 - 60,N,BR0051,20/11/2024
CUST003902,41-60,South,BR0014,2018-05-28
CUST003903,60_plus,,BR0014,2025-05-02
CUST003904,60+,N,BR0078,2020-10-16
CUST003905,41_60,south,BR0050,05-10-2019
CUST003906,60 +, WEST ,BR0094,2021-07-27
CUST003907,60 +,NORTH ,BR0095,2022-03-16
CUST003908,60+,west,BR0117,10/09/2021
CUST003909,60_plus,E,BR0013,2017-01-11
CUST003910,26_40,N,BR0031,2017-06-12
CUST003911,41-60,South,BR0048,2019-01-23
CUST003912,60+,West,BR0060,04/21/2017
CUST003913, 26-40,South,BR0008,01-10-2020
CUST003914, 26-40,,BR0081,2021-08-27
CUST003915,60+,West,BR0047,19-01-2024
CUST003916,60+,East,BR0093,02/09/2020
CUST003917,18_25, SOUTH,BR0047,2021-12-30
CUST003918,18 - 25,South,BR0084,2020-10-02
CUST003919,41-60,WEST,br0029,14-03-2023
CUST003920,26_40,South,BR0065,24-05-2024
CUST003921,26-40,EAST ,BR0048,14-06-2018
CUST003922,60+,W,BR0006,14-12-2025
CUST003923,, SOUTH,BR0001,2021-10-26
CUST003924,41-60,EAST,BR0087,2022-04-01
CUST003925,18 - 25,W,BR0102,2018-09-03
CUST003926,18-25,NORTH ,BR0009,20/08/2024
CUST003927,18 - 25,West,BR0011,14/01/2017
CUST003928,26-40,S,BR0018,22-03-2024
CUST003929,,south,BR0039,2018-07-03
CUST003930,26-40,NORTH,BR0025,2018-11-04
CUST003931,41 - 60,N,BR0073,2022-07-12
CUST003932,41_60, WEST ,BR0036,2021-03-01
CUST003933,60+, WEST ,BR0047,2021-03-03
CUST003934,60+,West,BR0031,03/18/2019
CUST003935,41_60, SOUTH,BR0096,2024-08-18
CUST003936,41-60 , WEST ,BR0026,2021-09-29
CUST003937,18-25,South,BR0021,2019-06-01
CUST003938, 26-40,East,BR0028,2023-08-19
CUST003939,41-60,north,BR0022,28-02-2019
CUST003940,41_60,N,BR0083,02/01/2020
CUST003941,41-60,S,BR0026,2017-07-14
CUST003942,41-60 ,South,BR0058,11/03/2023
CUST003943,18-25,N,BR0035,2022-10-01
CUST003944,26-40,West,BR0095,2015-02-16
CUST003945, 18-25 ,E,BR0051,2022-11-07
CUST003946,41-60 ,EAST ,BR0006,22-01-2018
CUST003947,18 - 25,south,BR0082,26/04/2017
CUST003948,18-25,West,BR0010,2024-12-30
CUST003949,18 - 25,EAST,BR0073,2020-07-27
CUST003950,26-40,East,BR0020,2020-01-17
CUST003951,18-25,EAST,BR0116,2019-08-29
CUST003952,41-60,N,BR0087,20-07-2020
CUST003953,41-60,North,BR0047,2024-01-05
CUST003954, 60+, WEST ,BR0086,2026-05-10
CUST003955,26-40,NORTH ,BR0095,2015-10-28
CUST003956,41-60 ,EAST ,BR0039,2026-06-03
CUST003957,18-25,NORTH,BR0100,25-04-2019
CUST003958,41-60 ,north,BR0027,2021-06-26
CUST003959,26-40,north,BR0027,23/04/2023
CUST003960,41 - 60,W,BR0050,12/23/2024
CUST003961,18-25,south,BR0043,2017-09-13
CUST003962,60_plus,SOUTH,BR0030,2022-07-06
CUST003963,60+,WEST,BR0097,2017-07-05
CUST003964,,EAST ,BR0041,2015-10-23
CUST003965,18-25,West,BR0005,13/03/2022
CUST003966,41-60,WEST,BR0055,01/03/2020
CUST003967,,SOUTH,BR0076,11/01/2021
CUST003968,18-25,WEST,BR0076,2019-02-22
CUST003969,41 - 60,E,BR0046,02/06/2022
CUST003970,60+,West,BR0091,31/10/2023
CUST003971,18-25,North,BR0094,30/04/2018
CUST003972,60_plus, SOUTH,BR0065,15-06-2026
CUST003973, 18-25 ,south,BR0089,03/06/2017
CUST003974,26-40, SOUTH,BR0107,2015-05-13
CUST003975, 26-40,EAST,BR0049,19/04/2016
CUST003976, 60+,NORTH,br0003,14-05-2020
CUST003977,26 - 40, WEST ,BR0028,2024-05-12
CUST003978, 26-40,EAST,BR0090,2024-08-08
CUST003979,41-60,NORTH,BR0118,2019-11-22
CUST003980,26-40,north,BR0048,27/12/2021
CUST003981,41-60,East,BR0051,15-01-2019
CUST003982,18_25,N,BR0115,2019-09-21
CUST003983,18-25,NORTH ,BR0073,01/09/2017
CUST003984,41-60,north,BR0064,2017-05-11
CUST003985,26-40,N,BR0072,2016-04-27
CUST003986,60_plus, WEST ,BR0110,06/09/2016
CUST003987,60+,,BR0014,02/01/2016
CUST003988,26_40,,BR0082,2026-04-11
CUST003989,,N,BR0063,2022-12-06
CUST003990,,west,BR0115,24-06-2021
CUST003991,60 +,South,BR0060,2017-12-19
CUST003992,41 - 60,North,BR0003,12/10/2021
CUST003993,41-60 ,N,BR0050,11/08/2020
CUST003994,26-40,west,BR0113,2015-12-16
CUST003995,60_plus,east,BR0094,11/23/2024
CUST003996, 18-25 ,N,BR0044,2021-11-11
CUST003997, 18-25 ,East,,05/27/2021
CUST003998, 60+,East,BR0038,2016-10-04
CUST003999,26-40, WEST ,BR0001,2024-03-03
CUST004000,60+,W,BR0091,2024-06-15
CUST004001, 26-40,EAST,BR0039,26-05-2015
CUST004002,60+,south,BR0050,09/08/2017
CUST004003,60+,west,BR0024,01/01/2020
CUST004004,26-40,W,BR0014,2026-02-16
CUST004005,18-25,South,BR0036,05-05-2018
CUST004006,41-60,N,BR0100,28-10-2021
CUST004007,41-60,NORTH ,BR0040,11/01/2016
CUST004008,18 - 25,NORTH ,BR0058,2015-01-05
CUST004009,41_60,WEST,BR0051,2023-09-23
CUST004010,41_60,EAST,BR0095,2024-10-17
CUST004011,41-60 ,south,BR0054,2024-12-13
CUST004012,41 - 60,SOUTH,BR0009,2015-08-30
CUST004013, 18-25 ,NORTH,BR0094,16/06/2026
CUST004014,41-60 ,West,BR0032,2025-08-17
CUST004015,41-60,EAST ,BR0037,2025-02-17
CUST004016, 26-40, SOUTH,BR0103,2022-09-01
CUST004017,60_plus, SOUTH,BR0033,2015-04-24
CUST004018, 26-40,east,BR0085,24-01-2019
CUST004019,41_60,east,BR0051,04-07-2019
CUST004020,18-25, WEST ,BR0112,2016-05-26
CUST004021,41 - 60,WEST,BR0046,01-02-2021
CUST004022,41-60,West,BR0040,2021-04-15
CUST004023,41-60 ,EAST ,BR0050,2016-01-19
CUST004024,26-40, SOUTH,BR0057,2022-11-15
CUST004025, 60+,WEST,BR0052,2019-09-30
CUST004026,18-25,West,BR0003,09-09-2016
CUST004027,60_plus,NORTH ,BR0096,2024-09-05
CUST004028,26 - 40,South,BR0073,2017-10-28
CUST004029,60_plus,WEST,BR0057,2023-01-22
CUST004030, 60+,South,BR0020,01/08/2015
CUST004031,18-25,south,BR0017,02/24/2017
CUST004032,41-60 ,SOUTH,BR0106,24/01/2017
CUST004033,60+, WEST ,BR0078,2019-09-13
CUST004034,41-60,South,BR0038,08/03/2015
CUST004035,26-40,SOUTH,BR0021,2024-01-19
CUST004036,18-25,E,BR0097,19-02-2017
CUST004037,41_60,south,BR0024,2019-11-08
CUST004038,26_40, SOUTH,BR0031,09/26/2021
CUST004039,41-60 ,NORTH,BR0120,02/04/2024
CUST004040,26 - 40,north,BR0075,22/02/2018
CUST004041,26-40,south,BR0078,2018-10-20
CUST004042, 26-40,NORTH,BR0003,2026-05-02
CUST004043,18-25,north,BR0039,30-09-2024
CUST004044, 60+,SOUTH,BR0110,30-04-2022
CUST004045,,SOUTH,BR0116,2024-05-03
CUST004046,41-60,NORTH,BR0045,01-12-2017
CUST004047, 60+,N,BR0114,2016-06-28
CUST004048,60 +,SOUTH,BR0106,30/07/2019
CUST004049,18-25,NORTH,BR0044,11/11/2019
CUST004050,60+,east,BR0026,2026-01-20
CUST004051,60+,East,BR0103,2015-08-26
CUST004052,41_60,E,BR0110,23/05/2015
CUST004053,60+,E,BR0043,07-03-2017
CUST004054,26-40,north,BR0082,2021-06-27
CUST004055,26-40,NORTH,BR0083,22/11/2023
CUST004056,60 +,East,BR0065,24/04/2026
CUST004057,18-25,S,,19-07-2026
CUST004058,26-40,EAST ,BR0026,2016-01-05
CUST004059,60_plus,North,BR0071,2021-11-10
CUST004060,18_25,W,BR0025,30-10-2022
CUST004061,41-60,N,BR0091,
CUST004062,41-60 ,EAST,BR0099,25-04-2019
CUST004063,18-25,east,BR0042,2023-08-22
CUST004064,60+,North,BR0092,2024-12-28
CUST004065, 18-25 ,SOUTH,BR0076,2024-09-03
CUST004066,41-60 ,south,BR0005,01/15/2018
CUST004067,18-25,W,BR0012,2016-05-09
CUST004068,26-40,NORTH,BR0075,09-04-2023
CUST004069,60+, SOUTH,BR0013,26/10/2023
CUST004070,18 - 25,north,BR0066,2015-04-22
CUST004071, 18-25 ,East,BR0009,2018-06-02
CUST004072,26-40,West,BR0119,12-05-2023
CUST004073,41 - 60,north,BR0012,2023-04-04
CUST004074,26 - 40,SOUTH,BR0017,10/03/2025
CUST004075,18 - 25,S,BR0119,19/01/2022
CUST004076,26 - 40,north,BR0108,2020-06-23
CUST004077,60+,SOUTH,BR0114,2019-12-05
CUST004078,26-40,east,BR0037,06-04-2026
CUST004079,41-60,South,BR0061,2024-08-02
CUST004080,60_plus,W,BR0067,2022-11-19
CUST004081,41-60,EAST,BR0089,2023-07-13
CUST004082,60+,W,BR0006,2021-05-04
CUST004083,41 - 60,NORTH,BR0114,09-03-2015
CUST004084,41-60 ,South,BR0071,2019-10-05
CUST004085,18_25,west,BR0117,2015-11-21
CUST004086,41-60,north,BR0116,05/06/2016
CUST004087,41 - 60,WEST,BR0039,27-12-2018
CUST004088,41 - 60, SOUTH,BR0036,08/10/2022
CUST004089,18-25,WEST,BR0105,2021-11-18
CUST004090,60+,East,BR0120,2019-08-06
CUST004091,18-25, WEST ,BR0069,14-10-2018
CUST004092,26-40,west,BR0057,30-05-2023
CUST004093,26 - 40,N,BR0116,2026-02-11
CUST004094,26-40,east,BR0077,28-04-2025
CUST004095,60_plus,east,BR0027,2025-11-16
CUST004096,41-60,south,BR0014,2023-01-06
CUST004097,41-60,East,BR0108,2022-12-19
CUST004098,60+,East,BR0020,2018-06-14
CUST004099,,E,BR0059,05/20/2016
CUST004100,18 - 25, WEST ,BR0053,2018-10-26
CUST004101,26-40,EAST ,BR0080,26-05-2023
CUST004102,41-60,WEST,BR0099,2020-09-07
CUST004103,26_40,EAST,BR0096,2018-10-29
CUST004104,60_plus,EAST,BR0053,02/03/2017
CUST004105,60+, WEST ,BR0023,2022-07-26
CUST004106,18-25,south,BR0023,2021-06-07
CUST004107,18_25,South,BR0033,06/16/2022
CUST004108,60_plus,S,BR0005,26-07-2025
CUST004109, 26-40,NORTH,BR0104,11-11-2018
CUST004110, 26-40,South,BR0064,2015-09-03
CUST004111,26-40,W,BR0005,2018-10-19
CUST004112,41-60, SOUTH,BR0026,2016-04-01
CUST004113,41 - 60,W,BR0098,2023-07-11
CUST004114,60 +,east,BR0076,2020-12-12
CUST004115,18-25, WEST ,BR0005,10/04/2024
CUST004116,26_40,EAST ,BR0099,2023-11-29
CUST004117,41-60,NORTH ,BR0051,05-03-2019
CUST004118,18-25,W,BR0024,2025-03-09
CUST004119,18_25,South,BR0109,2020-07-14
CUST004120,60+, WEST ,BR0052,02-08-2018
CUST004121,41-60 , SOUTH,BR0064,2021-05-04
CUST004122,26_40,WEST,BR0082,2024-04-19
CUST004123, 18-25 ,W,BR0043,08/03/2019
CUST004124,41-60,WEST,,26-06-2018
CUST004125,26_40,East,BR0028,2018-12-17
CUST004126,26 - 40,W,BR0112,09/03/2026
CUST004127, 26-40, SOUTH,BR0112,2021-12-09
CUST004128, 18-25 ,NORTH ,BR0086,09/05/2026
CUST004129,,South,BR0023,2021-10-11
CUST004130,60+, SOUTH,BR0103,2025-11-11
CUST004131,18-25,South,BR0100,17/03/2019
CUST004132,60+,NORTH ,BR0090,2024-06-19
CUST004133,41-60 ,North,BR0055,25/08/2022
CUST004134,26 - 40,west,BR0062,2026-06-26
CUST004135,,South,BR0016,11/25/2020
CUST004136,41-60, SOUTH,BR0086,06/02/2016
CUST004137,60 +,E,BR0097,07/03/2023
CUST004138,60_plus,South,BR0036,17-10-2022
CUST004139,26_40,East,BR0033,28/04/2017
CUST004140,26-40,west,BR0035,04-03-2019
CUST004141,18 - 25,West,BR0012,08/20/2015
CUST004142,26-40,NORTH,BR0076,2022-05-02
CUST004143,26-40,north,BR0095,2019-11-18
CUST004144,26 - 40,SOUTH,BR0010,12/06/2016
CUST004145,26-40,north,BR0111,05/07/2026
CUST004146,41-60,W,BR0019,12/05/2023
CUST004147,41-60,North,BR0120,14-05-2024
CUST004148, 18-25 ,NORTH ,BR0048,2019-05-21
CUST004149,26 - 40,North,BR0067,2020-01-02
CUST004150,60+,WEST,BR0031,09/11/2025
CUST004151,26_40, SOUTH,,05/29/2023
CUST004152,26-40,EAST,BR0050,2024-07-23
CUST004153,18-25,West,BR0009,16/06/2023
CUST004154,60+,west,,16-08-2017
CUST004155,41-60,NORTH ,BR0042,2017-04-22
CUST004156, 26-40,EAST,BR0112,2025-09-10
CUST004157, 60+,EAST,BR0046,2022-11-28
CUST004158,18-25,East,BR0067,2019-09-18
CUST004159,60_plus,East,BR0069,04/06/2017
CUST004160,60_plus,E,BR0091,2018-03-07
CUST004161,41-60,West,BR0023,08/05/2025
CUST004162,60+,E,BR0045,14/04/2023
CUST004163,41-60 ,S,BR0053,10-05-2025
CUST004164,41 - 60,NORTH ,BR0090,2019-12-02
CUST004165,18-25,north,BR0093,2024-01-02
CUST004166,41-60,EAST ,BR0040,25-07-2018
CUST004167,60+,EAST ,BR0120,02/14/2016
CUST004168, 60+,west,,2015-08-19
CUST004169, 18-25 ,NORTH ,BR0103,2024-02-26
CUST004170,41-60,NORTH ,BR0020,21/03/2018
CUST004171, 26-40,S,BR0006,2021-10-25
CUST004172,60+,north,BR0042,19-03-2019
CUST004173,60+,east,BR0070,2023-07-28
CUST004174,26 - 40,EAST ,BR0074,11-07-2021
CUST004175,26-40,NORTH,BR0007,17-09-2020
CUST004176,18-25,south,BR0016,2019-05-12
CUST004177,26 - 40,WEST,BR0105,2018-07-31
CUST004178,18_25,South,BR0119,18-07-2017
CUST004179, 18-25 ,North,BR0031,12/14/2023
CUST004180,18 - 25,EAST ,BR0041,2021-12-11
CUST004181, 18-25 ,south,BR0100,2023-10-06
CUST004182,60+,North,BR0090,2016-04-16
CUST004183,41-60 ,EAST,BR0077,11/03/2023
CUST004184, 60+,East,BR0082,2017-01-04
CUST004185,60+, SOUTH,BR0041,2021-08-17
CUST004186,26 - 40, WEST ,BR0074,2023-02-15
CUST004187,26-40,north,BR0039,2021-12-14
CUST004188,60+,N,,27-03-2019
CUST004189,60_plus,North,BR0033,29-05-2020
CUST004190,,EAST,BR0030,2016-07-07
CUST004191,60+,west,BR0114,2019-10-25
CUST004192, 60+,South,BR0102,2025-06-22
CUST004193,26-40,west,BR0013,05-03-2023
CUST004194,26 - 40,EAST ,BR0051,02-11-2018
CUST004195, 18-25 ,east,BR0039,2024-11-05
CUST004196, 60+,south,BR0120,08/10/2024
CUST004197,60_plus,EAST ,BR0001,03/12/2023
CUST004198, 60+,west,BR0009,2015-02-12
CUST004199,41_60,north,BR0055,16-03-2026
CUST004200,18-25,WEST,BR0081,2019-02-12
CUST004201,41-60,,BR0103,2018-07-17
CUST004202,26-40,S,BR0093,07/29/2023
CUST004203,26_40,EAST,BR0038,27-07-2025
CUST004204,18-25,east,BR0104,2022-01-09
CUST004205,26-40,E,BR0108,2016-06-29
CUST004206,41 - 60,East,BR0092,
CUST004207,18-25,west,BR0059,2016-10-13
CUST004208,26-40,N,BR0092,20-01-2022
CUST004209,41-60 ,N,BR0116,18/08/2015
CUST004210,60+,south,BR0038,2018-10-08
CUST004211,26-40,EAST,BR0024,2024-02-17
CUST004212, 60+,east,BR0048,16-09-2017
CUST004213,60+,WEST,BR0110,03-07-2023
CUST004214,60+,W,BR0028,08/11/2018
CUST004215,26_40,east,BR0047,21-05-2025
CUST004216,26-40,north,BR0087,2015-08-23
CUST004217,26_40,NORTH,BR0029,2018-01-31
CUST004218,41-60,W,BR0100,11/11/2020
CUST004219,60+,E,BR0089,2016-11-27
CUST004220,60 +,NORTH,BR0012,2016-12-17
CUST004221, 60+,South,BR0035,2024-12-01
CUST004222,18-25,W,BR0032,02/12/2015
CUST004223,26 - 40,SOUTH,BR0019,2021-04-28
CUST004224,26-40,W,BR0100,23-09-2020
CUST004225,18-25,E,BR0002,2019-03-07
CUST004226,41-60,N,BR0084,2017-02-22
CUST004227,41-60,SOUTH,BR0095,13-06-2022
CUST004228,60+,E,BR0053,2016-01-20
CUST004229, 26-40,W,BR0048,2016-10-28
CUST004230,18 - 25,SOUTH,BR0014,02/04/2025
CUST004231,60+,East,BR0107,01/07/2020
CUST004232,18-25,E,BR0118,2022-04-26
CUST004233, 18-25 ,east,BR0117,2024-11-06
CUST004234,26 - 40,north,BR0101,2017-06-01
CUST004235, 26-40,north,BR0042,2020-10-19
CUST004236,41_60,north,BR0021,23/06/2026
CUST004237,60+,N,BR0115,2016-11-04
CUST004238,26-40,North,BR0090,2022-08-19
CUST004239,26_40, SOUTH,BR0047,2020-10-09
CUST004240,18 - 25,south,BR0024,02/24/2020
CUST004241,26-40,N,BR0028,01/03/2016
CUST004242, 26-40, WEST ,BR0048,08/29/2022
CUST004243,60+, SOUTH,BR0021,22/04/2021
CUST004244,41-60,E,BR0089,2017-02-03
CUST004245,41-60,W,br0018,2020-09-21
CUST004246,41-60,East,BR0073,2024-12-22
CUST004247, 18-25 ,South,BR0036,19/09/2015
CUST004248,18 - 25,West,BR0025,2020-02-06
CUST004249,60+,W,BR0074,31/08/2017
CUST004250,26-40,W,BR0007,14/04/2026
CUST004251,60+,E,BR0005,2016-09-23
CUST004252,26-40, WEST ,BR0046,04/06/2016
CUST004253,18-25,EAST,BR0060,2017-11-01
CUST004254,41_60,,BR0050,2022-10-28
CUST004255,60 +,EAST ,BR0105,16/01/2021
CUST004256,18_25,North,BR0076,2019-04-22
CUST004257,60+,NORTH,BR0085,08/12/2019
CUST004258,18-25, SOUTH,BR0005,12-08-2021
CUST004259,41-60,S,BR0037,07/20/2022
CUST004260,41_60,NORTH ,BR0039,2016-03-14
CUST004261,41 - 60,East,BR0027,2020-09-25
CUST004262,60 +, SOUTH,BR0062,15-11-2024
CUST004263,41-60,south,BR0022,2024-07-28
CUST004264,41-60,NORTH ,BR0062,2023-12-06
CUST004265,41-60 ,SOUTH,BR0006,2022-09-12
CUST004266,41-60,north,BR0024,07-07-2015
CUST004267, 60+,N,BR0071,2020-05-27
CUST004268,41-60, SOUTH,BR0034,25-01-2025
CUST004269,60+,East,BR0083,2021-10-20
CUST004270,60+,E,BR0114,2025-02-28
CUST004271,60_plus,East,BR0066,01/24/2024
CUST004272,41-60,South,BR0053,2018-06-18
CUST004273,60+,North,BR0080,2023-08-26
CUST004274,60+,East,BR0006,2016-09-17
CUST004275,18-25,west,BR0014,2021-06-25
CUST004276,60_plus,NORTH ,BR0093,2020-12-20
CUST004277,60+,North,BR0063,2020-12-06
CUST004278, 18-25 , SOUTH,BR0082,2018-03-19
CUST004279,60+,NORTH,BR0052,2024-12-04
CUST004280,60+,South,BR0087,2016-08-07
CUST004281, 18-25 , SOUTH,BR0064,02/20/2015
CUST004282,26 - 40,W,BR0112,2022-02-23
CUST004283,18-25,NORTH ,BR0102,12/02/2015
CUST004284, 60+,WEST,BR0015,30/10/2016
CUST004285,60+,South,BR0073,2022-05-22
CUST004286,60_plus,,BR0101,05/10/2021
CUST004287,41-60,south,BR0021,03/08/2018
CUST004288,41 - 60,EAST ,BR0080,2018-10-29
CUST004289,26_40,East,BR0085,2026-04-15
CUST004290,,NORTH ,BR0027,2015-04-28
CUST004291,60_plus,west,BR0114,21-12-2025
CUST004292, 26-40,E,BR0005,2024-05-12
CUST004293,60+,North,BR0091,29/12/2021
CUST004294,18-25,WEST,BR0039,10/06/2020
CUST004295,41 - 60,west,BR0092,2025-02-05
CUST004296,26_40,South,BR0109,22/11/2018
CUST004297,60+,East,BR0040,06/30/2021
CUST004298,41 - 60,North,BR0004,31/03/2017
CUST004299,60+,east,BR0026,2019-10-28
CUST004300,41 - 60,EAST ,BR0104,25/04/2024
CUST004301,41-60,SOUTH,BR0029,2015-01-06
CUST004302,60 +,north,BR0062,20/12/2021
CUST004303,18-25,NORTH ,BR0028,2021-02-17
CUST004304,41-60 ,west,BR0100,22/01/2025
CUST004305,41_60,SOUTH,BR0048,2017-01-27
CUST004306,41-60,North,BR0029,2023-05-31
CUST004307,26_40,,BR0082,06/08/2019
CUST004308,60_plus,NORTH,BR0011,17/02/2020
CUST004309,60+,East,BR0115,09/09/2015
CUST004310,41 - 60,north,BR0065,10/05/2026
CUST004311,60+,S,BR0107,2016-02-23
CUST004312,60+,EAST ,BR0018,11/11/2025
CUST004313,41-60,W,BR0076,2021-06-15
CUST004314,18 - 25,East,BR0002,2023-12-17
CUST004315,60_plus,east,BR0095,2022-10-08
CUST004316,60_plus,W,BR0101,05/30/2020
CUST004317,18-25,south,BR0026,10/02/2019
CUST004318,26_40,West,BR0105,23/12/2025
CUST004319,18 - 25,NORTH ,BR0063,2019-05-26
CUST004320,26-40,EAST ,BR0040,2025-09-01
CUST004321,26-40,south,BR0086,04/07/2016
CUST004322,41-60 ,south,BR0093,09/07/2024
CUST004323,26-40,SOUTH,BR0079,01-09-2025
CUST004324,60_plus,East,BR0057,10/11/2024
CUST004325,41-60,W,BR0088,01/14/2022
CUST004326,41-60 ,EAST,BR0106,2016-11-17
CUST004327,41-60, SOUTH,BR0017,22-03-2015
CUST004328,60+,EAST,BR0111,2016-12-29
CUST004329,18-25,NORTH ,BR0031,2024-10-26
CUST004330,41 - 60,east,BR0026,22/07/2021
CUST004331,60 +,EAST,BR0038,08/10/2022
CUST004332,18_25,south,BR0101,2024-09-21
CUST004333,41_60, WEST ,BR0059,2022-07-20
CUST004334,60_plus,W,BR0046,2018-04-27
CUST004335, 60+,east,BR0095,2020-09-17
CUST004336,41-60,EAST,BR0108,2021-05-11
CUST004337,,N,,2026-07-09
CUST004338, 26-40,N,BR0087,2025-09-10
CUST004339, 26-40,N,BR0113,2022-06-16
CUST004340,18_25, WEST ,BR0014,01-09-2024
CUST004341,41 - 60,West,BR0101,2020-01-16
CUST004342,60_plus,NORTH ,BR0026,05/03/2025
CUST004343,18-25, WEST ,BR0101,07/16/2020
CUST004344,41-60,south,BR0113,2017-06-22
CUST004345,60+,east,BR0025,2019-05-19
CUST004346,41-60,,BR0061,2026-04-30
CUST004347,41_60,east,BR0015,2025-12-15
CUST004348,26-40,east,BR0063,24/11/2015
CUST004349,26-40,south,BR0049,2024-04-29
CUST004350,60 +,west,BR0114,2016-12-11
CUST004351,26-40,NORTH,BR0100,2024-12-28
CUST004352,60+,NORTH ,BR0081,2020-03-24
CUST004353,60_plus,NORTH,BR0115,21-07-2019
CUST004354, 18-25 ,NORTH,BR0118,2020-07-04
CUST004355,26_40,NORTH ,BR0094,2016-03-10
CUST004356,60_plus,west,BR0065,2026-05-26
CUST004357, 60+,east,BR0081,2022-12-22
CUST004358,18-25,NORTH ,BR0078,03/19/2016
CUST004359,26-40,EAST,BR0111,07/31/2019
CUST004360,60_plus,W,BR0078,2015-05-26
CUST004361,60+,SOUTH,BR0118,10/02/2021
CUST004362,60_plus,North,BR0023,2023-05-19
CUST004363,60 +,N,BR0081,2025-09-19
CUST004364, 26-40, WEST ,BR0089,2026-01-04
CUST004365,26-40,EAST ,BR0036,2017-09-14
CUST004366,26 - 40,East,BR0009,2016-02-18
CUST004367,18-25,North,BR0087,2020-08-22
CUST004368,60 +,North,BR0082,2024-11-12
CUST004369,60_plus,NORTH ,BR0061,08-08-2021
CUST004370,26-40,NORTH ,BR0115,24-10-2016
CUST004371,60+,W,BR0011,09-05-2016
CUST004372,41-60 ,N,BR0090,24-01-2017
CUST004373,60+,WEST,BR0041,21/09/2024
CUST004374,26_40, WEST ,BR0114,23-06-2016
CUST004375,26 - 40,NORTH ,BR0096,
CUST004376,26 - 40,West,BR0040,
CUST004377,18-25,W,BR0006,2021-06-07
CUST004378,41 - 60,W,BR0106,2026-06-19
CUST004379,26 - 40,S,BR0049,2026-03-29
CUST004380,26_40,W,BR0110,02/09/2023
CUST004381,26-40,west,BR0117,2018-05-14
CUST004382,41-60,South,BR0040,
CUST004383,41-60,West,BR0099,2024-07-04
CUST004384,41_60,North,BR0020,2016-05-01
CUST004385,18-25,west,BR0059,23-09-2023
CUST004386, 26-40,S,BR0026,2026-06-29
CUST004387, 60+,south,BR0058,09/22/2024
CUST004388,60+,South,BR0063,2020-04-14
CUST004389,26 - 40,SOUTH,BR0067,09/25/2020
CUST004390,18 - 25,south,BR0117,2022-11-14
CUST004391,26 - 40,West,BR0115,31-03-2025
CUST004392,60_plus,S,BR0069,2016-01-07
CUST004393,41_60,South,BR0028,2024-07-09
CUST004394,60+,South,BR0072,2023-09-27
CUST004395,41-60 , WEST ,BR0019,05/05/2020
CUST004396,26-40,S,BR0061,2022-03-29
CUST004397,41-60,E,,2026-06-17
CUST004398,26 - 40,EAST,BR0009,2021-12-18
CUST004399,26-40,west,BR0108,04/07/2020
CUST004400,60+, WEST ,BR0074,2018-03-12
CUST004401,60+,WEST,BR0042,2015-10-07
CUST004402,26_40,NORTH ,BR0104,20/07/2025
CUST004403, 26-40,EAST,BR0031,2015-03-22
CUST004404,18-25,NORTH ,BR0001,10/24/2016
CUST004405,41-60 ,South,BR0033,2022-08-06
CUST004406,18-25,east,BR0025,19-05-2023
CUST004407, 60+,SOUTH,BR0011,2015-12-07
CUST004408, 60+,NORTH,BR0106,06-07-2017
CUST004409, 26-40,EAST,BR0065,04/12/2019
CUST004410, 26-40,east,BR0057,2023-11-23
CUST004411,26-40,S,BR0047,2016-01-23
CUST004412,26 - 40,North,BR0007,09-12-2022
CUST004413,60+,N,BR0035,2020-06-03
CUST004414,60+,WEST,BR0024,26-02-2016
CUST004415,60+,north,BR0020,23/01/2016
CUST004416, 18-25 ,east,BR0112,2017-03-08
CUST004417,26-40,west,BR0056,2023-01-28
CUST004418, 18-25 ,EAST ,BR0063,06-09-2025
CUST004419, 18-25 ,East,BR0113,2019-04-12
CUST004420,60+,North,BR0117,2021-12-02
CUST004421,26-40,N,BR0056,2017-12-30
CUST004422,18-25,SOUTH,BR0069,04/19/2023
CUST004423,18-25,South,BR0024,10/06/2018
CUST004424, 60+,north,BR0006,11/04/2022
CUST004425, 26-40,west,BR0007,2021-01-17
CUST004426,41_60,NORTH ,BR0117,23/05/2017
CUST004427,18-25,north,BR0053,2022-08-26
CUST004428,18-25,west,BR0019,2023-02-13
CUST004429,41-60,West,BR0103,25-11-2022
CUST004430,26-40,South,BR0072,2019-02-20
CUST004431,41-60 ,WEST,BR0114,2024-01-22
CUST004432,18 - 25,South,BR0047,2019-06-02
CUST004433,18_25, SOUTH,BR0061,2019-04-18
CUST004434, 26-40,NORTH ,BR0010,19-02-2024
CUST004435,41-60 ,East,BR0082,2026-02-11
CUST004436,41_60,West,BR0020,2025-12-04
CUST004437, 60+,NORTH ,BR0115,2018-05-08
CUST004438, 18-25 ,east,BR0115,2017-05-05
CUST004439,60+,EAST,BR0055,2025-02-15
CUST004440,60+,north,BR0028,03/11/2022
CUST004441,41_60,EAST ,BR0014,2016-09-19
CUST004442,26_40,EAST,BR0012,2026-01-08
CUST004443,18_25,EAST ,BR0085,2017-04-12
CUST004444,41-60 ,east,BR0025,2023-08-09
CUST004445,60+,WEST,BR0067,2016-07-15
CUST004446,26_40,SOUTH,BR0078,28-12-2021
CUST004447,,NORTH,BR0001,15-10-2017
CUST004448, 18-25 ,SOUTH,BR0064,10/02/2018
CUST004449,26-40, SOUTH,BR0042,04/12/2018
CUST004450,18-25,EAST ,BR0027,19/05/2024
CUST004451,41-60,north,BR0073,05/11/2021
CUST004452,41-60 ,East,BR0082,28-07-2015
CUST004453,60+,north,BR0084,2023-09-04
CUST004454,18 - 25,EAST ,BR0007,05-07-2018
CUST004455,26_40,West,BR0083,2019-04-01
CUST004456, 60+,S,BR0041,2018-10-01
CUST004457,60+,East,BR0080,2023-03-20
CUST004458,41_60, SOUTH,BR0055,
CUST004459,26-40,South,BR0120,29/12/2022
CUST004460,41-60,E,BR0102,09/06/2022
CUST004461, 26-40,S,BR0047,2019-10-29
CUST004462,41 - 60,East,BR0046,05/06/2021
CUST004463,18_25,south,BR0046,2017-05-13
CUST004464,18-25,North,BR0014,08/02/2022
CUST004465,18_25,South,BR0072,11/14/2020
CUST004466,60+,West,BR0034,2017-05-21
CUST004467,41-60, WEST ,BR0057,22/09/2015
CUST004468,18 - 25,North,BR0069,03-12-2018
CUST004469,41-60,W,BR0027,2019-03-23
CUST004470,41_60,West,BR0091,2022-08-23
CUST004471,60_plus,,BR0024,2021-05-17
CUST004472,26-40,W,BR0011,21-10-2025
CUST004473, 60+,S,BR0073,06-07-2021
CUST004474,60+,South,BR0011,2015-10-23
CUST004475,41-60,E,BR0116,2025-02-28
CUST004476,26_40, WEST ,BR0065,11/04/2023
CUST004477,41-60,West,BR0008,14/12/2022
CUST004478,41 - 60,West,BR0120,05-07-2021
CUST004479,41-60,NORTH,BR0088,2018-03-24
CUST004480, 18-25 ,E,BR0058,2021-09-18
CUST004481,26-40,east,BR0013,2024-09-19
CUST004482, 18-25 ,N,BR0035,2017-08-03
CUST004483,41 - 60,north,BR0072,06-06-2020
CUST004484,41 - 60,West,BR0033,2024-03-28
CUST004485,41 - 60,south,BR0077,2021-06-27
CUST004486,18_25,East,BR0031,2023-12-23
CUST004487,26_40,W,BR0003,2017-04-16
CUST004488,60_plus,East,BR0069,2015-01-14
CUST004489, 60+,West,BR0117,19-02-2022
CUST004490,41 - 60,NORTH ,BR0086,2020-05-13
CUST004491,60+, SOUTH,BR0118,2023-04-01
CUST004492,26-40,East,,2019-03-07
CUST004493,60+,EAST,BR0116,2023-01-01
CUST004494, 26-40,East,BR0084,15/10/2021
CUST004495,18-25,E,BR0010,2022-09-07
CUST004496,60_plus, SOUTH,BR0113,14-11-2016
CUST004497,26-40,South,BR0042,22-06-2026
CUST004498, 60+,E,BR0046,05/19/2020
CUST004499,26-40,WEST,BR0050,2021-06-20
CUST004500,18-25,south,br0059,24/02/2025
CUST004501,60+,North,BR0074,16-05-2015
CUST004502,60+,west,BR0120,02/10/2024
CUST004503,41-60, WEST ,BR0099,27-09-2025
CUST004504,26_40,,BR0101,2019-12-13
CUST004505,26-40,North,BR0054,2023-08-19
CUST004506,41-60 ,EAST,BR0059,29-04-2024
CUST004507,41-60 , SOUTH,BR0054,07/15/2018
CUST004508,41 - 60,EAST,BR0073,08-04-2023
CUST004509,26-40,W,BR0117,2015-12-21
CUST004510,18 - 25,south,BR0062,2016-08-06
CUST004511,60+,South,BR0081,31-05-2022
CUST004512, 26-40,NORTH ,BR0026,03-05-2023
CUST004513, 26-40,EAST,BR0016,24/02/2026
CUST004514, 26-40,W,BR0071,10/24/2024
CUST004515,,East,BR0099,2024-02-26
CUST004516,41-60 ,west,BR0115,2023-07-28
CUST004517,41-60 ,N,BR0057,2026-07-12
CUST004518, 18-25 ,S,BR0038,09/08/2017
CUST004519, 60+,SOUTH,BR0001,09-04-2021
CUST004520,41-60, SOUTH,BR0108,2015-02-18
CUST004521,41-60,WEST,BR0076,29/02/2024
CUST004522, 18-25 ,EAST,BR0084,2020-05-24
CUST004523,18 - 25,EAST,BR0061,17/04/2024
CUST004524,41-60,south,BR0102,16/11/2016
CUST004525, 60+,NORTH ,BR0100,2026-03-23
CUST004526,26-40,NORTH,BR0114,04/07/2017
CUST004527,41 - 60,N,BR0011,2016-03-11
CUST004528,26-40,East,BR0082,2026-06-04
CUST004529,18-25,North,BR0044,2023-12-14
CUST004530,18-25,W,BR0060,27/02/2021
CUST004531,60+,S,BR0064,2016-01-10
CUST004532,41_60,N,BR0067,20-07-2017
CUST004533,26-40,north,BR0003,25-07-2023
CUST004534,41-60,West,BR0120,06/24/2015
CUST004535, 60+,South,BR0001,2023-03-02
CUST004536,18-25, WEST ,BR0001,12-09-2023
CUST004537,41_60,SOUTH,BR0067,2016-08-03
CUST004538, 60+,east,BR0008,2021-12-07
CUST004539,18-25,West,BR0052,2016-09-01
CUST004540,41-60 ,EAST,BR0090,2015-08-23
CUST004541,60_plus,West,BR0018,21/02/2023
CUST004542,41-60 ,north,BR0100,2025-03-29
CUST004543,26_40,EAST ,BR0089,2022-01-28
CUST004544,18-25,NORTH,BR0018,2017-05-06
CUST004545,41 - 60,south,BR0063,2024-03-06
CUST004546,41-60,WEST,BR0092,2020-04-30
CUST004547,41-60 ,WEST,BR0087,16/04/2019
CUST004548,26-40,S,BR0086,2019-11-12
CUST004549,18-25,S,BR0106,2021-04-17
CUST004550,60+,NORTH,BR0006,2015-01-04
CUST004551,60+,N,BR0008,2015-02-26
CUST004552, 18-25 ,N,BR0099,2019-03-18
CUST004553,60+, SOUTH,BR0086,03/19/2025
CUST004554, 26-40,East,BR0080,05/13/2025
CUST004555,18 - 25,North,BR0107,2025-08-05
CUST004556,60+,north,BR0034,2016-10-20
CUST004557,60_plus,EAST,BR0114,2019-07-04
CUST004558,41 - 60,SOUTH,BR0036,2021-12-11
CUST004559, 26-40,,BR0050,23-10-2024
CUST004560,41_60,South,BR0021,2016-01-24
CUST004561,26-40,east,BR0065,03/01/2019
CUST004562, 18-25 ,W,BR0063,2019-03-22
CUST004563, 18-25 ,EAST ,BR0009,2023-05-08
CUST004564,26 - 40,West,BR0089,2015-10-03
CUST004565, 60+,east,BR0103,2021-02-24
CUST004566,60 +,EAST ,BR0064,2019-03-16
CUST004567,41-60 ,S,BR0042,02-02-2020
CUST004568,18 - 25,North,BR0094,03/05/2019
CUST004569,60_plus, WEST ,BR0119,2022-04-17
CUST004570,18-25, SOUTH,BR0072,16/10/2015
CUST004571,60 +,west,BR0087,06/11/2023
CUST004572,26-40,south,BR0088,2023-02-23
CUST004573,26 - 40,south,BR0071,2020-05-24
CUST004574,41-60, WEST ,BR0057,30-12-2024
CUST004575,18-25,West,BR0112,24/03/2016
CUST004576,60_plus,East,BR0043,2022-04-11
CUST004577,60+,NORTH ,BR0099,29/01/2024
CUST004578,41-60,north,BR0087,23-10-2017
CUST004579, 60+,W,BR0101,17/10/2024
CUST004580,,E,BR0054,2022-07-05
CUST004581,26_40,south,BR0116,07-02-2023
CUST004582,26-40,,BR0105,21-05-2025
CUST004583, 18-25 ,SOUTH,BR0077,2020-09-11
CUST004584,41-60,West,BR0083,19/02/2020
CUST004585,26 - 40,N,BR0082,21-11-2020
CUST004586, 18-25 ,West,BR0101,13/02/2021
CUST004587,60+, SOUTH,BR0019,2021-03-16
CUST004588, 18-25 ,WEST,BR0060,2024-05-06
CUST004589,41_60,E,BR0119,12/24/2018
CUST004590,41_60,SOUTH,BR0068,18-12-2015
CUST004591,41-60 ,N,BR0088,01/28/2019
CUST004592,18-25,EAST,BR0066,05-06-2017
CUST004593,26-40,N,BR0058,17/03/2016
CUST004594,26 - 40,West,BR0112,2020-05-18
CUST004595,41-60 ,East,BR0008,2018-02-23
CUST004596,41-60, WEST ,BR0096,2018-11-26
CUST004597,41-60,W,BR0035,2016-10-16
CUST004598,41-60 ,S,BR0027,2020-12-29
CUST004599,41_60, WEST ,BR0059,08/03/2019
CUST004600,41-60,west,BR0057,2017-06-21
CUST004601, 60+,SOUTH,BR0017,2021-08-19
CUST004602,60+,EAST ,BR0048,13/04/2015
CUST004603,41-60 ,West,BR0088,2022-11-06
CUST004604, 18-25 ,East,BR0001,04/11/2024
CUST004605,18_25,west,BR0064,07-01-2022
CUST004606, 18-25 ,East,BR0092,28-03-2019
CUST004607,26-40,N,br0088,2018-02-20
CUST004608,41-60,SOUTH,BR0031,2016-02-08
CUST004609,41_60,WEST,BR0002,2019-01-25
CUST004610,41-60 ,NORTH,BR0025,2024-05-23
CUST004611,41_60,North,BR0118,08/05/2020
CUST004612,26 - 40,EAST,BR0026,05/13/2016
CUST004613,41-60,EAST,BR0055,2022-01-15
CUST004614,60_plus,EAST ,BR0016,
CUST004615,18 - 25,west,BR0066,22/05/2015
CUST004616,26-40,south,BR0085,2020-01-03
CUST004617,26 - 40,South,BR0006,2025-07-23
CUST004618,60_plus,,BR0045,2017-10-01
CUST004619,41_60,S,BR0027,2016-11-29
CUST004620,60+,east,BR0087,2026-04-16
CUST004621,41_60,SOUTH,BR0098,01/17/2018
CUST004622,41-60,EAST,BR0026,2026-05-12
CUST004623,41-60,East,BR0021,2022-04-01
CUST004624,60+,WEST,BR0055,2022-10-05
CUST004625,60+,SOUTH,BR0069,2025-10-11
CUST004626,18_25,EAST,BR0079,2023-01-23
CUST004627,18-25,S,BR0111,2025-10-13
CUST004628,26-40,SOUTH,BR0042,2023-06-19
CUST004629, 26-40,W,BR0088,04-03-2022
CUST004630,26-40,E,BR0120,2018-11-14
CUST004631,26-40,,BR0103,2025-04-26
CUST004632,26-40,NORTH,BR0045,05/20/2020
CUST004633,26_40, SOUTH,BR0104,2019-09-14
CUST004634,26-40,N,BR0085,2026-01-05
CUST004635,18-25,SOUTH,BR0063,2026-03-04
CUST004636,41-60,N,,2016-05-24
CUST004637,18-25,SOUTH,BR0071,2015-03-07
CUST004638,26 - 40,north,BR0072,2018-05-13
CUST004639,26-40, WEST ,BR0042,2021-12-16
CUST004640,18-25,South,BR0043,06/12/2025
CUST004641,18-25,N,BR0087,17/06/2026
CUST004642,26 - 40,WEST,BR0069,2023-06-29
CUST004643,60_plus,NORTH ,BR0074,06/04/2025
CUST004644,60 +,EAST ,BR0102,2024-07-07
CUST004645,60 +, WEST ,BR0028,2026-05-16
CUST004646,41-60,W,BR0084,09/04/2020
CUST004647,26-40,EAST,BR0093,2026-03-20
CUST004648,18_25,east,BR0001,2018-06-27
CUST004649,26-40,SOUTH,BR0066,03/10/2018
CUST004650,18-25,S,BR0045,2026-03-19
CUST004651, 18-25 , SOUTH,BR0005,14/07/2016
CUST004652,18_25,north,BR0029,07-10-2016
CUST004653,60+,E,BR0063,2018-07-21
CUST004654,41-60 ,East,BR0107,01/21/2016
CUST004655,60+, WEST ,BR0002,2026-01-17
CUST004656,26-40,EAST ,BR0008,2016-09-19
CUST004657,18-25,E,BR0077,07/09/2025
CUST004658,18-25,SOUTH,BR0075,2015-10-14
CUST004659,18 - 25,south,BR0062,2016-12-21
CUST004660,41-60,North,BR0111,03-03-2023
CUST004661,41 - 60,EAST ,BR0004,2020-03-21
CUST004662,,west,BR0042,2015-01-12
CUST004663,60+,,BR0051,2025-10-06
CUST004664,26-40,East,BR0110,28/02/2021
CUST004665,41-60,,BR0034,13/09/2016
CUST004666,60+,EAST ,BR0100,2025-03-22
CUST004667,18-25,East,BR0034,13-03-2017
CUST004668,18-25,NORTH ,BR0031,25-05-2018
CUST004669,60+,South,BR0055,2017-09-07
CUST004670,26 - 40,North,BR0096,2015-08-06
CUST004671, 18-25 ,south,BR0054,2025-02-04
CUST004672,60+,NORTH,BR0079,2020-04-26
CUST004673,41-60 ,south,BR0116,04-10-2018
CUST004674,60 +,east,BR0082,18-08-2015
CUST004675,60 +,W,BR0086,2017-11-19
CUST004676,26-40,West,BR0001,22-05-2021
CUST004677,60+,South,BR0018,2019-06-27
CUST004678,26_40,North,BR0014,11/18/2025
CUST004679,60+,east,BR0090,2019-10-26
CUST004680,41_60,NORTH ,BR0024,14-07-2020
CUST004681,41 - 60,south,BR0016,02/28/2022
CUST004682,60_plus,EAST ,BR0070,2025-02-07
CUST004683,26-40,NORTH,BR0023,2025-01-22
CUST004684,41-60 ,south,BR0075,2022-10-25
CUST004685,26-40,W,BR0007,2016-01-21
CUST004686,60 +,N,BR0115,2017-11-25
CUST004687,18 - 25,East,BR0045,2016-11-02
CUST004688, 60+,North,BR0003,2018-10-06
CUST004689,26-40,south,BR0089,2019-10-01
CUST004690,26-40,EAST,BR0110,2015-09-21
CUST004691,18_25,EAST,BR0070,2015-04-21
CUST004692,41-60 ,N,BR0046,2026-06-11
CUST004693,18-25,west,BR0118,2017-06-19
CUST004694,18-25,West,BR0090,25/06/2015
CUST004695, 60+,south,BR0090,2024-11-26
CUST004696,60+,S,BR0115,08/04/2022
CUST004697,41_60,WEST,BR0012,2016-01-21
CUST004698,60+,SOUTH,BR0061,04/08/2022
CUST004699,41-60 , WEST ,BR0119,06-02-2021
CUST004700,18_25,east,BR0116,21-03-2026
CUST004701,41-60 ,N,BR0091,2022-07-13
CUST004702,60 +,E,BR0029,2020-12-01
CUST004703,18 - 25,NORTH,BR0001,2018-09-10
CUST004704,26-40,E,BR0041,2026-03-28
CUST004705,41-60,W,BR0037,01/12/2015
CUST004706,41-60,E,BR0027,2021-02-12
CUST004707,18-25,W,BR0079,2019-11-05
CUST004708,26-40, SOUTH,BR0037,30-04-2020
CUST004709,18-25,NORTH ,BR0067,2017-06-22
CUST004710,60+,E,BR0108,29-10-2019
CUST004711,41-60,S,BR0068,2024-09-30
CUST004712,41-60 ,EAST ,BR0014,2024-03-15
CUST004713,18-25,West,BR0011,2019-11-21
CUST004714,18_25,South,BR0023,2017-07-22
CUST004715,18-25, WEST ,BR0047,02/02/2025
CUST004716,41-60, WEST ,BR0102,12/02/2018
CUST004717,60_plus,North,BR0039,17-11-2024
CUST004718,41-60,north,BR0116,06/30/2016
CUST004719,41-60,north,BR0083,2024-06-25
CUST004720,41-60,west,BR0116,14/11/2019
CUST004721,18_25, WEST ,BR0090,2021-09-03
CUST004722,26-40,EAST ,,14/10/2022
CUST004723,26-40,NORTH ,BR0030,15-06-2024
CUST004724, 18-25 , SOUTH,BR0100,2020-02-19
CUST004725,18-25,West,BR0044,2019-07-30
CUST004726,18-25,East,br0118,2017-11-14
CUST004727,26 - 40,NORTH,BR0111,06/03/2021
CUST004728,60_plus,NORTH ,BR0119,2023-05-08
CUST004729,18-25,south,BR0023,2025-05-02
CUST004730,41-60 ,South,BR0073,2024-04-22
CUST004731,60+,S,BR0007,2017-02-26
CUST004732,,SOUTH,BR0106,2022-07-17
CUST004733,18-25,EAST,BR0070,2019-05-17
CUST004734,18_25,N,BR0035,15/03/2023
CUST004735, 60+,West,BR0053,2025-11-21
CUST004736,26-40,west,BR0057,
CUST004737,26-40,South,BR0058,2021-12-23
CUST004738,26 - 40,EAST,BR0080,08/02/2018
CUST004739,41-60, SOUTH,BR0002,06-10-2019
CUST004740,60_plus,SOUTH,BR0092,2017-02-04
CUST004741,26-40,N,BR0004,2023-10-20
CUST004742,26 - 40,E,BR0050,25-12-2023
CUST004743, 26-40,East,BR0082,28/02/2020
CUST004744,18-25,South,BR0068,2015-07-02
CUST004745,60+,west,BR0074,07-09-2018
CUST004746,60+,south,BR0031,06/23/2016
CUST004747,41 - 60,N,BR0021,29-01-2021
CUST004748,41_60,E,BR0046,2021-12-17
CUST004749,41-60,EAST ,BR0096,06-07-2023
CUST004750,26-40,north,BR0069,26-04-2021
CUST004751,26-40,east,BR0095,21/04/2018
CUST004752,18-25,NORTH ,BR0057,05/08/2016
CUST004753, 60+,south,BR0051,09/16/2022
CUST004754, 18-25 ,S,BR0067,2016-11-17
CUST004755,41-60,E,BR0042,2023-10-10
CUST004756,18-25,W,BR0099,2016-08-07
CUST004757,60+,south,BR0065,2021-11-03
CUST004758,41-60,E,BR0044,2021-08-22
CUST004759, 26-40,east,BR0001,2018-02-19
CUST004760,41-60 ,North,BR0046,2020-04-02
CUST004761,26 - 40,SOUTH,BR0119,2026-03-18
CUST004762,60+,W,BR0071,2024-03-02
CUST004763,, WEST ,BR0089,2024-03-08
CUST004764,,North,BR0047,2017-08-26
CUST004765,26_40, WEST ,BR0060,05/13/2022
CUST004766,18-25,E,BR0016,05/31/2022
CUST004767,,east,BR0030,11/04/2022
CUST004768,18-25,,BR0067,2016-03-16
CUST004769,41-60 ,S,BR0072,2023-09-15
CUST004770,18-25,East,BR0037,2015-09-20
CUST004771,60+,NORTH ,BR0120,2015-05-27
CUST004772,41 - 60,NORTH,BR0085,2022-11-03
CUST004773,41-60,W,BR0030,01/07/2026
CUST004774,41-60 ,north,BR0004,30/10/2018
CUST004775, 60+,north,BR0040,21-02-2015
CUST004776,60_plus,EAST,BR0052,01-01-2018
CUST004777,26_40,NORTH,BR0068,18/09/2025
CUST004778,26-40,EAST ,BR0077,19-01-2022
CUST004779, 26-40, WEST ,BR0108,2022-07-16
CUST004780,60 +,W,BR0054,2023-06-23
CUST004781,18-25,E,BR0113,2026-01-31
CUST004782,41_60,EAST ,BR0035,2022-04-13
CUST004783,18-25,SOUTH,BR0074,2016-09-19
CUST004784,26-40,west,BR0090,27-08-2025
CUST004785,41-60,North,BR0023,2018-06-16
CUST004786, 18-25 ,WEST,BR0060,2025-01-23
CUST004787,41-60,south,BR0008,04-06-2017
CUST004788,41_60,SOUTH,BR0090,13/12/2017
CUST004789,18 - 25,WEST,BR0053,14/10/2021
CUST004790, 26-40,EAST,BR0073,07/06/2019
CUST004791,41_60,North,,2018-06-12
CUST004792,26 - 40,E,BR0014,30/07/2021
CUST004793,18-25,EAST,BR0115,28/12/2023
CUST004794,60+,South,,2015-05-14
CUST004795,,W,BR0035,2019-07-18
CUST004796,26-40,NORTH ,BR0027,14/11/2019
CUST004797,26-40,South,BR0018,16/10/2023
CUST004798,18-25,E,BR0022,2019-04-19
CUST004799,41_60,WEST,BR0073,07/02/2017
CUST004800,26-40, SOUTH,BR0089,2019-01-02
CUST004801,41-60,South,BR0092,07/28/2026
CUST004802,60+,South,BR0079,2015-09-18
CUST004803,41 - 60, SOUTH,BR0109,
CUST004804,26-40, WEST ,BR0056,02/25/2023
CUST004805,60_plus,EAST ,BR0029,2026-04-01
CUST004806,18-25,EAST,BR0077,2025-04-14
CUST004807,26_40,North,BR0116,2023-12-28
CUST004808,41-60, SOUTH,BR0015,2025-01-06
CUST004809,18-25,east,BR0051,2025-10-06
CUST004810,60_plus,east,BR0102,14/12/2015
CUST004811,18 - 25,W,BR0095,29/05/2015
CUST004812,26-40,NORTH,BR0029,05/10/2025
CUST004813,41 - 60,North,BR0025,06/06/2026
CUST004814,26-40,North,BR0029,13/04/2023
CUST004815,41-60 ,N,BR0090,2025-05-16
CUST004816,26_40,S,BR0103,2023-11-19
CUST004817,18_25,EAST ,BR0072,27/11/2015
CUST004818, 60+,E,BR0006,16/02/2024
CUST004819,41-60,N,BR0006,2018-09-25
CUST004820,41-60,SOUTH,BR0065,2018-01-15
CUST004821,26-40,West,BR0117,17/09/2022
CUST004822,26-40,north,BR0009,2020-03-30
CUST004823,60+,West,BR0060,2021-03-03
CUST004824,41_60,EAST ,BR0098,2020-03-17
CUST004825,60 +,WEST,BR0038,20-07-2018
CUST004826,60_plus,WEST,br0097,2016-06-11
CUST004827,18_25,W,BR0113,05-07-2018
CUST004828,41-60,WEST,BR0024,2026-07-22
CUST004829,26-40,east,BR0034,12/05/2021
CUST004830,26_40,W,BR0038,04/23/2025
CUST004831,41-60,W,BR0073,26/10/2017
CUST004832,60+,W,BR0112,30/11/2016
CUST004833,26-40,W,BR0009,12/14/2018
CUST004834,60+,north,BR0010,2023-09-20
CUST004835, 18-25 ,EAST ,BR0099,2020-02-26
CUST004836, 26-40,North,BR0090,2020-07-04
CUST004837, 18-25 ,North,BR0118,09/01/2024
CUST004838,26-40,NORTH ,BR0096,05/11/2019
CUST004839,18-25,E,BR0095,2023-07-17
CUST004840, 18-25 ,EAST,BR0001,2024-07-26
CUST004841,41-60,EAST,BR0052,13-10-2022
CUST004842,26 - 40,NORTH,BR0047,2025-08-17
CUST004843,41_60,EAST,BR0023,21-08-2017
CUST004844,26_40,east,BR0073,2015-04-08
CUST004845,41-60 ,EAST ,BR0057,27-11-2024
CUST004846,18_25,NORTH ,BR0001,30-10-2025
CUST004847,18_25,South,BR0093,2015-05-04
CUST004848,41-60,S,BR0079,15-04-2022
CUST004849,41-60,E,BR0017,2024-01-03
CUST004850,26-40,NORTH ,BR0113,2024-02-10
CUST004851,18-25,WEST,BR0085,2020-02-18
CUST004852,60+,NORTH ,BR0119,2015-10-01
CUST004853,41_60,north,BR0076,2019-01-10
CUST004854,60+,East,BR0076,22/06/2026
CUST004855, 60+,west,BR0074,19-05-2026
CUST004856,41 - 60,SOUTH,BR0058,2021-07-31
CUST004857,60 +,WEST,BR0082,20-05-2026
CUST004858,41_60,South,BR0091,04-08-2016
CUST004859,41-60,NORTH,BR0045,2018-08-18
CUST004860, 18-25 ,East,BR0104,2022-04-22
CUST004861,18_25,EAST ,BR0088,05/07/2019
CUST004862,41-60,S,BR0093,2016-12-29
CUST004863,26-40,E,BR0065,25-11-2018
CUST004864,60_plus,south,BR0058,14-10-2015
CUST004865,18-25,South,BR0052,2015-04-18
CUST004866,60+,NORTH ,BR0019,2024-04-14
CUST004867,41-60,North,BR0113,2019-07-08
CUST004868,26_40, WEST ,BR0117,21-01-2018
CUST004869, 26-40,NORTH ,BR0006,2021-08-02
CUST004870,26-40,west,br0063,2019-07-15
CUST004871,26-40,East,BR0064,2025-12-28
CUST004872,26_40,EAST,BR0072,2023-08-16
CUST004873,26-40,West,BR0017,29/07/2018
CUST004874,60+,east,BR0003,2016-10-25
CUST004875,41-60,E,BR0001,2023-03-08
CUST004876,18-25,east,BR0085,2022-01-08
CUST004877,18-25,S,,2025-02-20
CUST004878,60+,SOUTH,BR0118,2015-10-05
CUST004879,60+,NORTH,BR0071,14-10-2022
CUST004880,60 +,South,BR0008,2020-12-21
CUST004881,18-25, WEST ,BR0094,24/03/2024
CUST004882,60+,E,BR0019,03/20/2019
CUST004883,41-60,East,BR0060,20-05-2019
CUST004884,60_plus,South,BR0028,2021-11-19
CUST004885,60+,EAST,BR0101,2025-03-20
CUST004886,26-40,north,BR0053,2015-09-02
CUST004887,41 - 60,N,BR0022,11/05/2017
CUST004888,18 - 25,east,BR0005,13/03/2016
CUST004889,26-40,WEST,BR0068,2024-01-25
CUST004890,60+,East,BR0024,2022-11-20
CUST004891,60+,S,BR0064,2019-09-18
CUST004892,60_plus,East,BR0098,2023-08-24
CUST004893,41-60,north,BR0058,28-06-2015
CUST004894,41_60,W,BR0023,2020-07-03
CUST004895,26_40,SOUTH,BR0044,2025-06-22
CUST004896,60_plus,SOUTH,BR0092,2022-12-26
CUST004897,60+,W,BR0009,2025-12-22
CUST004898,26 - 40,E,BR0118,30-12-2021
CUST004899,26_40,WEST,BR0059,2016-10-05
CUST004900,41-60,NORTH ,BR0104,02/01/2024
CUST004901,60+,NORTH,BR0094,03/26/2025
CUST004902,26_40,north,BR0022,2016-05-08
CUST004903,18-25, WEST ,BR0044,31/05/2018
CUST004904,26 - 40,N,BR0039,11-01-2015
CUST004905,26_40,NORTH ,BR0017,2018-02-21
CUST004906,18-25,north,BR0033,2016-10-30
CUST004907,18 - 25,EAST ,BR0105,31/08/2023
CUST004908,18 - 25,W,BR0027,10/01/2021
CUST004909,26-40,SOUTH,br0038,2026-03-16
CUST004910,26-40,north,BR0001,13/09/2020
CUST004911,60 +,East,BR0089,06/21/2022
CUST004912,41-60 ,West,BR0105,11-08-2020
CUST004913,41-60,North,BR0057,2015-02-17
CUST004914,18_25,West,BR0058,2021-05-13
CUST004915,18 - 25,NORTH ,BR0039,05/03/2015
CUST004916,26-40,east,BR0093,2020-09-29
CUST004917,41-60, SOUTH,BR0044,2025-03-26
CUST004918, 60+,South,BR0043,2019-12-17
CUST004919,26_40,EAST ,BR0001,14/01/2026
CUST004920,60+, WEST ,BR0018,08/05/2018
CUST004921,18 - 25,South,BR0036,2016-01-22
CUST004922,60 +,east,BR0108,2016-03-21
CUST004923,60+, WEST ,BR0036,2022-08-07
CUST004924,41-60 ,W,BR0042,07-12-2019
CUST004925,41-60,South,BR0064,26-01-2022
CUST004926, 26-40,WEST,BR0054,2021-09-18
CUST004927, 18-25 ,east,BR0049,2025-06-01
CUST004928,41 - 60,north,BR0112,2026-01-30
CUST004929,26_40,E,BR0059,2017-04-10
CUST004930,41_60,South,BR0077,2017-06-08
CUST004931,26 - 40,SOUTH,BR0039,2024-07-29
CUST004932,41 - 60,North,BR0118,2021-09-11
CUST004933, 60+,S,BR0048,06/04/2017
CUST004934,26_40,East,BR0067,19-10-2016
CUST004935,60_plus,EAST ,BR0056,2019-06-22
CUST004936,18-25,east,BR0085,03/04/2026
CUST004937,60 +,north,BR0074,2015-06-21
CUST004938, 18-25 ,E,BR0041,09/27/2017
CUST004939,60+, SOUTH,BR0038,2018-09-25
CUST004940,26 - 40,NORTH,BR0045,16-12-2016
CUST004941,18-25,south,BR0107,2018-05-19
CUST004942,60+,SOUTH,br0007,2024-10-02
CUST004943,41 - 60,EAST ,BR0028,2023-09-09
CUST004944,26-40,E,BR0063,2016-10-06
CUST004945,41-60 ,EAST,BR0011,2023-07-07
CUST004946,26_40,West,BR0029,2019-09-15
CUST004947,60+,WEST,BR0056,2021-04-14
CUST004948,41-60 ,NORTH,BR0033,2021-04-09
CUST004949,41_60,NORTH ,BR0065,2024-04-11
CUST004950,41-60,E,BR0044,2015-12-04
CUST004951, 18-25 ,South,BR0003,11/27/2023
CUST004952,60 +,East,BR0108,2023-10-25
CUST004953,18 - 25,NORTH ,BR0056,2015-06-24
CUST004954,18 - 25,EAST ,BR0042,17-12-2019
CUST004955,26_40,North,BR0019,2018-12-12
CUST004956,41-60, SOUTH,BR0074,2015-09-09
CUST004957,26_40,North,BR0043,19-11-2019
CUST004958,,S,BR0107,21/06/2018
CUST004959,,east,br0113,2022-03-21
CUST004960,60 +,NORTH,BR0078,24-03-2024
CUST004961, 26-40,W,BR0031,11/22/2019
CUST004962,26_40, SOUTH,BR0093,2024-04-14
CUST004963,41_60,E,BR0015,21-06-2021
CUST004964,26-40,N,BR0065,10-09-2022
CUST004965,26 - 40,NORTH,BR0005,09/06/2016
CUST004966,26-40, SOUTH,BR0095,2015-10-11
CUST004967,41-60,south,BR0035,2025-11-23
CUST004968,41-60,E,BR0096,2017-12-05
CUST004969,18-25,EAST ,BR0077,20-05-2020
CUST004970,26-40,NORTH,BR0111,2018-03-28
CUST004971,60+,West,BR0072,05/07/2025
CUST004972,60 +,WEST,BR0119,12-03-2019
CUST004973,18-25,west,BR0070,04-02-2017
CUST004974,18-25,south,BR0082,2022-09-23
CUST004975,26-40,East,BR0107,2015-12-11
CUST004976,18-25,north,BR0065,30-06-2022
CUST004977,18-25,north,BR0108,13-11-2024
CUST004978,41-60,South,BR0067,2020-03-23
CUST004979,18-25,NORTH,BR0096,09/05/2020
CUST004980,26-40,NORTH ,BR0040,2023-04-20
CUST004981,26-40,WEST,BR0049,2021-04-09
CUST004982,18 - 25,south,BR0086,08-06-2024
CUST004983,26-40,North,BR0006,2022-08-08
CUST004984,18-25,East,BR0110,2018-05-30
CUST004985,18 - 25,E,BR0073,2020-05-21
CUST004986,26-40,S,BR0111,25/08/2022
CUST004987,,north,BR0091,2018-06-07
CUST004988,26-40,EAST ,BR0070,2017-03-25
CUST004989,26-40,EAST,BR0076,2021-02-27
CUST004990,60+,WEST,BR0004,11/12/2019
CUST004991,60+,West,BR0048,28/05/2020
CUST004992,41-60,East,BR0120,02/23/2019
CUST004993,18 - 25,North,BR0026,2016-11-16
CUST004994,18-25,,BR0086,12/13/2025
CUST004995,41-60,EAST,BR0120,04/08/2018
CUST004996,18 - 25,S,BR0039,30/03/2021
CUST004997,26_40,W,BR0105,2018-05-19
CUST004998,18-25,WEST,BR0105,2020-03-07
CUST004999,41-60 , SOUTH,BR0038,01/17/2026
CUST005000,41 - 60,S,BR0003,2015-03-02
CUST005001,18 - 25,west,BR0074,2018-10-10
CUST005002,26-40,East,BR0043,09/27/2025
CUST005003, 18-25 ,S,BR0082,2023-11-03
CUST005004, 18-25 ,NORTH ,BR0107,2017-09-26
CUST005005,41-60,EAST ,BR0105,2024-12-15
CUST005006,26-40,South,BR0040,2018-02-25
CUST005007,18-25,E,BR0024,2016-02-17
CUST005008,26-40,N,BR0036,22-04-2022
CUST005009,41-60, SOUTH,BR0082,13-01-2016
CUST005010,41_60,North,BR0019,12/05/2018
CUST005011,60+,east,BR0102,14/10/2018
CUST005012,41 - 60,E,BR0034,2022-12-05
CUST005013, 18-25 ,west,BR0019,25-03-2019
CUST005014,41-60,EAST,BR0014,18/01/2019
CUST005015,41 - 60,EAST ,BR0114,05/15/2018
CUST005016,60+,West,BR0109,2020-03-04
CUST005017,41_60,WEST,BR0008,16/08/2019
CUST005018,60+,NORTH,BR0046,2026-02-24
CUST005019,41-60 , WEST ,BR0019,2020-07-17
CUST005020,60+,S,BR0117,2023-10-10
CUST005021,26-40,EAST ,BR0014,2024-05-07
CUST005022, 18-25 , SOUTH,BR0008,2017-01-25
CUST005023,26-40, WEST ,BR0076,2020-12-13
CUST005024,18-25, SOUTH,BR0050,09-04-2017
CUST005025,60+,East,BR0085,2019-12-14
CUST005026,26-40,NORTH ,BR0097,2024-05-23
CUST005027, 18-25 ,NORTH ,BR0083,2025-09-15
CUST005028,18-25,West,BR0100,2015-01-17
CUST005029,41_60,S,BR0083,2017-03-23
CUST005030,26 - 40,N,BR0114,2023-08-06
CUST005031,60 +, WEST ,BR0049,2017-11-15
CUST005032,18_25,,BR0072,2026-06-12
CUST005033,18-25,East,BR0083,10-07-2025
CUST005034,60 +,WEST,BR0023,2024-04-16
CUST005035, 26-40,S,BR0022,2021-09-30
CUST005036,18 - 25,NORTH ,BR0047,09/02/2019
CUST005037,60+,S,BR0026,06/08/2019
CUST005038,41-60,North,BR0114,18-09-2020
CUST005039,60+,south,BR0034,2025-04-01
CUST005040,41-60,N,BR0035,05/05/2022
CUST005041,60_plus,EAST ,BR0078,2024-08-18
CUST005042,26 - 40,NORTH,BR0118,2024-01-04
CUST005043,18-25,North,BR0056,2026-06-23
CUST005044,41-60,EAST,BR0034,2024-01-02
CUST005045,26 - 40,North,BR0105,2020-08-31
CUST005046,60+,south,BR0013,28-04-2024
CUST005047,60+,EAST,BR0084,06/20/2026
CUST005048,41 - 60,SOUTH,BR0085,2017-03-24
CUST005049,18_25,South,BR0047,2021-07-03
CUST005050,18_25,N,BR0029,2016-05-05
CUST005051,60+, SOUTH,BR0070,20-08-2023
CUST005052, 60+,North,BR0019,08-11-2025
CUST005053,26 - 40,west,BR0089,2022-08-24
CUST005054, 26-40,North,BR0116,2026-01-26
CUST005055,18-25,north,BR0105,15-05-2024
CUST005056,41 - 60,north,BR0027,02/10/2015
CUST005057,60+,South,BR0034,2020-02-20
CUST005058,18-25,west,BR0041,16-10-2018
CUST005059,41-60,WEST,BR0025,2020-01-27
CUST005060, 60+,EAST ,BR0090,2021-02-21
CUST005061,26 - 40,EAST ,BR0035,2025-12-22
CUST005062,60+,South,BR0092,22/04/2017
CUST005063, 18-25 ,South,BR0026,10/09/2016
CUST005064,60+,EAST,BR0066,08-09-2018
CUST005065,60+,south,BR0018,26-11-2024
CUST005066,41-60,W,BR0016,2018-06-19
CUST005067,41-60 ,west,BR0118,03/29/2016
CUST005068,41-60,SOUTH,BR0090,2019-10-04
CUST005069,41_60,W,BR0079,2021-01-05
CUST005070, 26-40,NORTH,BR0109,12-04-2022
CUST005071,60+,east,BR0006,2020-11-09
CUST005072,18_25,East,BR0071,22-06-2021
CUST005073,41-60,WEST,BR0050,16-03-2023
CUST005074,26-40,North,BR0102,2019-05-09
CUST005075,18-25,S,BR0026,2025-06-05
CUST005076, 60+,S,BR0091,25-01-2025
CUST005077,26-40,South,BR0067,31/10/2020
CUST005078,18-25,West,BR0023,2017-07-07
CUST005079,41-60,E,BR0002,22-02-2024
CUST005080,18_25,NORTH,BR0032,2025-12-25
CUST005081,41-60,WEST,BR0111,2015-11-22
CUST005082,41-60,NORTH,BR0057,08/09/2019
CUST005083,26_40,east,BR0011,2020-05-10
CUST005084, 60+, WEST ,BR0050,02/04/2026
CUST005085,26-40,SOUTH,BR0067,2022-12-15
CUST005086,18 - 25,NORTH,BR0049,10/04/2016
CUST005087,60 +,south,BR0060,11/02/2021
CUST005088,41-60,N,BR0094,09-12-2020
CUST005089,60 +, WEST ,BR0020,11-09-2018
CUST005090,26-40,NORTH ,BR0052,2024-01-25
CUST005091,26_40,EAST,BR0093,2018-10-07
CUST005092,60 +,south,BR0081,2016-08-01
CUST005093,18-25,West,BR0057,21-09-2021
CUST005094,26-40, SOUTH,BR0020,2016-03-24
CUST005095,18 - 25,south,BR0051,03/25/2015
CUST005096,26-40,W,BR0037,2020-01-12
CUST005097,26-40,south,BR0066,14/12/2018
CUST005098,60+, SOUTH,BR0021,2025-05-09
CUST005099,41 - 60,N,BR0110,2017-09-24
CUST005100,60+,EAST,BR0061,05/04/2022
CUST005101,41-60 ,West,BR0010,14-10-2023
CUST005102,60+,SOUTH,BR0015,04-08-2015
CUST005103,41_60,NORTH,BR0075,16/05/2015
CUST005104,26-40,WEST,BR0099,04/09/2019
CUST005105,41_60,south,BR0029,25-08-2018
CUST005106,41-60 ,West,BR0046,2018-02-04
CUST005107,41-60,EAST,BR0003,2024-02-20
CUST005108, 18-25 ,south,BR0082,07/22/2022
CUST005109,26-40,EAST ,BR0015,2023-10-04
CUST005110,18-25,S,BR0012,11/01/2023
CUST005111,18 - 25,north,BR0087,12/08/2023
CUST005112,18-25,South,BR0050,2021-11-08
CUST005113,60 +,North,BR0019,06/01/2021
CUST005114,60 +,NORTH,BR0120,23/09/2016
CUST005115,60+,EAST ,BR0109,2016-09-15
CUST005116,60+,EAST ,BR0058,2015-08-22
CUST005117,26_40,N,BR0055,2021-11-01
CUST005118,26-40,EAST ,BR0075,2020-12-22
CUST005119,41-60,NORTH ,BR0036,16/06/2025
CUST005120,41 - 60,West,BR0009,19-02-2025
CUST005121,60 +,north,BR0011,31/01/2020
CUST005122,60+,NORTH ,BR0100,2026-03-14
CUST005123,60_plus,west,BR0053,2017-06-14
CUST005124,60+,EAST,BR0014,23/11/2024
CUST005125,18-25,EAST ,BR0106,2016-04-23
CUST005126, 18-25 ,West,BR0054,2025-10-10
CUST005127,26-40, SOUTH,BR0063,2018-11-29
CUST005128,18-25,NORTH ,BR0089,2025-04-15
CUST005129, 60+,EAST ,BR0002,09/28/2019
CUST005130,41 - 60,NORTH ,BR0004,2015-12-12
CUST005131,60+,East,BR0034,03/06/2026
CUST005132,41-60 ,South,BR0007,09-10-2022
CUST005133,60 +,north,BR0082,2015-01-21
CUST005134,26-40,West,BR0064,2024-08-15
CUST005135,18 - 25,NORTH ,BR0019,2025-11-04
CUST005136,41_60, SOUTH,br0078,2017-02-25
CUST005137,18-25,West,BR0020,2015-11-12
CUST005138,18-25,north,BR0074,2020-11-01
CUST005139,41-60 ,,BR0087,31-10-2020
CUST005140, 60+,East,BR0037,23/06/2025
CUST005141,60+,West,BR0022,
CUST005142,60_plus,South,BR0051,02/07/2015
CUST005143,60 +,north,BR0094,10/19/2019
CUST005144,18-25,NORTH ,BR0061,06-11-2016
CUST005145,41-60,NORTH,BR0047,2018-08-04
CUST005146,60_plus, WEST ,BR0024,09/27/2023
CUST005147, 26-40,NORTH,BR0073,2019-03-10
CUST005148,26 - 40,east,BR0096,03/12/2016
CUST005149,26 - 40,N,BR0050,2023-09-03
CUST005150,26-40,E,BR0029,25-07-2017
CUST005151,41_60,EAST,BR0008,2024-04-13
CUST005152, 18-25 ,North,BR0067,2019-05-27
CUST005153,18 - 25,WEST,BR0056,2019-03-11
CUST005154,26_40,,BR0034,12/08/2016
CUST005155,18 - 25,North,BR0024,2023-08-03
CUST005156,60+,North,BR0038,2024-05-15
CUST005157,26-40,SOUTH,BR0118,29-01-2020
CUST005158, 26-40,EAST,BR0103,15-07-2016
CUST005159,26-40,SOUTH,BR0060,01/08/2025
CUST005160,60+,north,BR0030,24/04/2026
CUST005161,18-25, WEST ,BR0037,30-03-2025
CUST005162, 60+,south,BR0099,03/22/2019
CUST005163,41-60,west,BR0087,21/09/2017
CUST005164,41-60,south,BR0023,05/10/2026
CUST005165,18-25,SOUTH,BR0001,2021-02-18
CUST005166,41-60 ,west,BR0051,22-01-2025
CUST005167,41-60, WEST ,BR0066,02/02/2025
CUST005168,41-60,W,BR0108,27/08/2017
CUST005169,60+,EAST ,BR0026,28/12/2016
CUST005170,41 - 60,west,BR0092,01/28/2021
CUST005171,60+,South,BR0049,2015-04-23
CUST005172,41-60,south,BR0108,2019-11-21
CUST005173,41_60,N,BR0025,2019-07-28
CUST005174,26-40,EAST,BR0029,29-02-2024
CUST005175,41-60,south,BR0029,17-02-2026
CUST005176,60_plus,SOUTH,BR0119,2017-09-16
CUST005177,41-60,NORTH ,BR0055,2022-12-20
CUST005178, 26-40,south,BR0120,27-04-2023
CUST005179,41-60,East,BR0021,2020-03-17
CUST005180,18-25,West,BR0025,05/20/2015
CUST005181,18-25,EAST ,BR0022,2017-10-05
CUST005182,60+, SOUTH,BR0008,20/09/2015
CUST005183, 18-25 ,north,BR0117,13/04/2020
CUST005184,41-60 ,EAST,BR0024,2022-12-15
CUST005185,26-40,North,BR0019,2017-01-29
CUST005186,26-40,S,BR0032,2016-08-30
CUST005187,18-25,north,BR0112,25-02-2016
CUST005188,26-40,EAST ,BR0117,2026-07-22
CUST005189,26-40,west,BR0020,08/13/2019
CUST005190,26-40,NORTH,BR0001,31/01/2024
CUST005191,41 - 60,SOUTH,BR0117,31-12-2016
CUST005192,18-25,East,BR0085,07-02-2026
CUST005193,41_60,West,BR0064,14-04-2020
CUST005194,60 +,East,BR0031,2020-11-22
CUST005195,26 - 40,EAST ,BR0052,2025-12-03
CUST005196, 18-25 ,North,BR0078,2023-04-10
CUST005197,41-60 ,EAST,BR0066,2022-07-08
CUST005198, 60+,E,BR0116,06/21/2025
CUST005199,60+,EAST,BR0011,04-01-2019
CUST005200,18 - 25,NORTH ,BR0076,2015-07-10
