transaction_id,customer_id,payment_channel,transaction_amount,transaction_status,transaction_timestamp
TXN0000001,CUST000682,Neft,1207.2,Success,2026-05-18 21:32:17
TXN0000002,CUST003529,IMPS,563.45,SUCCESS,30/05/2026 14:28:41
TXN0000003,CUST002882,upi,502.21,success,28-07-2026 21:45
TXN0000004,CUST004095,BILL_PAY,502.22,FAILED,12/05/2026 16:54:24
TXN0000005,CUST004027,Imps,4425.13,Success,21/06/2026 14:45:38
TXN0000006,CUST001230,bill_pay,1670.57,TIMED_OUT,24/03/2026 13:31:29
TXN0000007,CUST002527,Imps,-378.66,Success,02/12/2026 06:24 AM
TXN0000008,CUST004172,IMPS,"Rs.1,275.47",SUCCESS,2026-01-13 05:54:58
TXN0000009,CUST002321,Bill_Pay,889.23,SUCCESS,19-06-2026 04:40
TXN0000010,CUST002760,BILL_PAY,66.96,Success,2026-03-08 14:44:31
TXN0000011,CUST002609,UPI,197.28,SUCCESS,2026-06-03 00:10:40
TXN0000012,CUST003827,IMPS,969.81,SUCCESS,14-05-2026 14:36
TXN0000013,CUST004329,BILL_PAY,,SUCCESS,03/02/2026 10:28 PM
TXN0000014,CUST002178,Neft,507.28,SUCCESS,2026-07-21 01:33:20
TXN0000015,CUST003030,imps,Rs.346.10,SUCCESS,06-03-2026 20:40
TXN0000016,CUST003721,NEFT,759.84,success,2026-04-14 19:35:55
TXN0000017,CUST003825,NEFT,323.51,SUCCESS,04-05-2026 02:25
TXN0000018,CUST001585,UPI,,Success,21-01-2026 20:37
TXN0000019,CUST001115,upi,654.46,SUCCESS,2026-02-08 17:53:40
TXN0000020,CUST000972,imps,186.93,FAILED,13-02-2026 03:26
TXN0000021,CUST001378,,1784.79,success,01/18/2026 05:41 AM
TXN0000022,CUST004628,imps,153.7,Success,2026-07-12 02:09:49
TXN0000023,CUST001188,BILL_PAY,135.12,TIMED_OUT,10-03-2026 05:00
TXN0000024,CUST000517,,842.38,Success,29-05-2026 23:05
TXN0000025,CUST002244,IMPS,"1,613.50",SUCCESS,2026-07-10 07:41:15
TXN0000026,CUST001403,Imps,817.0,success,2026-06-18 13:34:17
TXN0000027,CUST002692,Upi,578.95,SUCCESS,17/03/2026 09:14:43
TXN0000028,CUST002408,BILL_PAY,463.44,Success,2026-04-12 21:35:46
TXN0000029,CUST000715,UPI,382.69,SUCCESS,2026-04-18 14:49:59
TXN0000030,CUST003511,NEFT,2365.03,,05/12/2026 03:25 PM
TXN0000031,CUST003959,Neft,981.32,Success,2026-01-26 03:37:40
TXN0000032,CUST004429,UPI,419.01,TIMED_OUT,2026-02-22 22:42:18
TXN0000033,CUST002478,BILL_PAY,295.21,SUCCESS,2026-07-03 00:34:11
TXN0000034,CUST000728,BILL_PAY,1385.77,SUCCESS,22-06-2026 01:22
TXN0000035,CUST004307,bill_pay,2292.04,SUCCESS,06/15/2026 11:46 PM
TXN0000036,CUST001908,NEFT,2033.55,Success,2026-03-12 21:49:38
TXN0000037,CUST002624,BILL_PAY,242.97,FAILED,05-04-2026 07:56
TXN0000038,CUST004108,IMPS,458.95,success,01/04/2026 12:10 PM
TXN0000039,CUST000577,Imps,374.28,success,2026-06-24 02:00:25
TXN0000040,CUST000004,NEFT,532.3,SUCCESS,2026-01-26 11:18:20
TXN0000041,CUST003892,UPI,"Rs.1,763.46",FAILED,2026-02-04 00:41:15
TXN0000042,CUST005020,bill_pay,3386.28,success,26-02-2026 12:26
TXN0000043,CUST001095,Imps,"1,026.55",Success,03-05-2026 19:09
TXN0000044,CUST004726,UPI,306.70,SUCCESS,2026-06-29 18:45:51
TXN0000045,CUST004352,Neft,637.15,SUCCESS,2026-07-15 05:32:48
TXN0000046,CUST002088,Bill_Pay,4348.44,success,2026-05-26 23:10:56
TXN0000047,CUST003892,NEFT,738.38,SUCCESS,2026-06-27 03:41:32
TXN0000048,CUST001002,imps,464.61,success,2026-04-10 15:43:23
TXN0000049,CUST001204,upi,511.01,SUCCESS,2026-01-20 23:18:10
TXN0000050,CUST003913,Neft,1021.0,success,2026-01-14 17:50:44
TXN0000051,CUST005149,UPI,252.1,failed,06/06/2026 09:32:33
TXN0000052,CUST003816,neft,364.27,SUCCESS,28/03/2026 16:41:53
TXN0000053,CUST000621,UPI,1995.17,Success,2026-06-20 21:54:16
TXN0000054,CUST004324,UPI,986.83,Success,2026-03-22 14:40:01
TXN0000055,CUST005183,BILL PAY,747.32,success,2026-05-16 09:30:46
TXN0000056,CUST002759,BILL_PAY,2126.8,FAILED,04-01-2026 15:50
TXN0000057,CUST003422,Upi,286.44,SUCCESS,2026-04-29 20:00:58
TXN0000058,CUST004517,imps,448.90,SUCCESS,20-03-2026 11:13
TXN0000059,CUST000135,bill_pay,948.94,SUCCESS,10-02-2026 18:10
TXN0000060,CUST000644,IMPS,909.84,Success,2026-02-28 21:57:20
TXN0000061,CUST003451,imps,121.7,Success,03/25/2026 09:05 PM
TXN0000062,CUST001292,Bill_Pay,401.51,SUCCESS,2026-03-04 05:25:23
TXN0000063,CUST004650,neft,548.1,SUCCESS,2026-04-22 15:06:27
TXN0000064,CUST002733,imps,1080.16,SUCCESS,2026-07-10 08:19:01
TXN0000065,CUST004661,NEFT,-906.02,Timed_Out,2026-06-30 14:35:02
TXN0000066,CUST004173,IMPS,608.3,Success,2026-07-03 09:23:12
TXN0000067,CUST002952,bill_pay,66.52,success,11-07-2026 04:13
TXN0000068,CUST003334,NEFT,644.31,SUCCESS,27-03-2026 07:59
TXN0000069,CUST000860,upi,715.00,Success,11/04/2026 15:20:36
TXN0000070,CUST004047,BILL_PAY,12783.24,SUCCESS,2026-04-29 14:03:12
TXN0000071,CUST000723,BILL_PAY,528.04,SUCCESS,31-07-2026 15:02
TXN0000072,CUST002823,IMPS,955.14,Success,2026-06-13 09:19:36
TXN0000073,CUST002730,Upi,2621.2,SUCCESS,2026-05-14 02:11:23
TXN0000074,CUST002523,NEFT,1639.78,SUCCESS,2026-02-20 20:12:27
TXN0000075,CUST002793,Neft,3580.84,SUCCESS,18-05-2026 06:13
TXN0000076,CUST004601,NEFT,123.69,SUCCESS,2026-04-26 18:50:32
TXN0000077,CUST002983,imps,202.62,success,2026-03-08 00:40:53
TXN0000078,CUST002708,IMPS,337.12,success,2026-03-29 00:09:00
TXN0000079,CUST001169,BILL PAY,103.46,success,30-06-2026 04:21
TXN0000080,CUST004805,upi,722.18,SUCCESS,2026-04-28 13:51:31
TXN0000081,CUST003960,neft,220.67,FAILED,05/01/2026 17:15:17
TXN0000082,CUST000119,BILL_PAY,4272.36,Success,2026-06-11 17:22:40
TXN0000083,CUST000513,UPI,259.85,,30/05/2026 21:50:38
TXN0000084,CUST002032,IMPS,451.93,FAILED,2026-06-04 09:24:15
TXN0000085,CUST001940,BILL_PAY,1765.56,SUCCESS,2026-06-14 01:06:59
TXN0000086,CUST001041,neft,151.86,success,15-07-2026 15:16
TXN0000087,CUST004314,imps,96.64,SUCCESS,2026-07-09 08:09:58
TXN0000088,CUST002180,Bill_Pay,830.11,FAILED,2026-05-13 10:29:22
TXN0000089,CUST002409,BILL_PAY,908.56,SUCCESS,2026-05-28 01:27:25
TXN0000090,CUST000532,NEFT,"1,699.67",SUCCESS,05/05/2026 09:04 AM
TXN0000091,CUST002725,IMPS,1244.3,failed,11/01/2026 20:41:21
TXN0000092,CUST004891,neft,949.92,SUCCESS,18-04-2026 17:15
TXN0000093,CUST004290,IMPS,294.11,Success,2026-07-07 11:04:53
TXN0000094,CUST002477,BILL_PAY,878.93,FAILED,
TXN0000095,CUST002508,IMPS,945.47,success,13-03-2026 15:39
TXN0000096,CUST000799,Bill_Pay,282.25,SUCCESS,2026-06-17 05:58:55
TXN0000097,CUST004807,BILL_PAY,6241.21,SUCCESS,2026-07-02 23:29:15
TXN0000098,CUST004251,BILL_PAY,1174.5,SUCCESS,2026-07-10 06:00:53
TXN0000099,CUST003076,UPI,206.52,success,2026-04-28 10:10:22
TXN0000100,CUST000941,NEFT,1710.43,SUCCESS,06/02/2026 08:28 PM
TXN0000101,CUST000824,Upi,2113.4,success,03/22/2026 10:04 PM
TXN0000102,CUST004683,neft,1091.53,SUCCESS,09-02-2026 13:48
TXN0000103,CUST004090,BILL_PAY,495.48,SUCCESS,2026-01-05 02:56:18
TXN0000104,CUST004845,BILL_PAY,269.22,Success,2026-04-03 12:34:09
TXN0000105,CUST000047,UPI,606.36,FAILED,03-02-2026 02:30
TXN0000106,CUST004830,NEFT,1001.63,success,2026-05-10 12:51:40
TXN0000107,CUST004976,NEFT,675.60,success,26/03/2026 23:12:46
TXN0000108,CUST004402,BILL_PAY,3805.65,SUCCESS,2026-01-09 01:49:05
TXN0000109,CUST000079,imps,1409.23,success,2026-06-13 00:02:14
TXN0000110,CUST004805,BILL_PAY,237.80,SUCCESS,08-04-2026 20:34
TXN0000111,CUST005113,NEFT,184.0,FAILED,2026-04-20 06:51:48
TXN0000112,CUST001821,Neft,1186.74,timed_out,2026-02-07 16:03:14
TXN0000113,CUST003124,IMPS,508.69,SUCCESS,14-07-2026 23:05
TXN0000114,CUST001812,Bill_Pay,"1,566.82",FAILED,03/22/2026 06:13 PM
TXN0000115,CUST000772,UPI,1173.66,timed_out,05/24/2026 12:49 AM
TXN0000116,CUST001179,NEFT,609.48,SUCCESS,27-07-2026 12:57
TXN0000117,CUST000038,imps,240.77,success,28-07-2026 00:26
TXN0000118,CUST004320,NEFT,108.01,success,2026-04-02 13:45:00
TXN0000119,CUST002910,imps,859.98,failed,2026-05-03 17:49:36
TXN0000120,CUST001031,Neft,-149.17,success,06/14/2026 01:55 AM
TXN0000121,CUST004830,Upi,230.3,Success,2026-06-26 18:03:39
TXN0000122,CUST001000,NEFT,799.89,timed_out,2026-07-26 04:21:55
TXN0000123,CUST000427,upi,713.26,FAILED,13/06/2026 13:03:56
TXN0000124,CUST004567,UPI,168.75,Success,2026-03-30 14:15:12
TXN0000125,CUST003000,Neft,2439.78,SUCCESS,24-06-2026 16:26
TXN0000126,CUST001280,NEFT,2355.63,SUCCESS,28-03-2026 05:07
TXN0000127,CUST000399,UPI,"1,234.03",Failed,12/06/2026 12:33:52
TXN0000128,CUST001307,upi,1232.18,Failed,2026-04-20 18:00:03
TXN0000129,CUST004432,IMPS,-1234.05,Success,2026-01-26 12:20:07
TXN0000130,CUST004100,BILL PAY,67729.55,Success,2026-01-19 01:03:28
TXN0000131,CUST000183,BILL PAY,2089.76,Failed,2026-02-16 03:34:38
TXN0000132,CUST002253,UPI,1453.41,SUCCESS,2026-07-31 18:43:44
TXN0000133,CUST003486,NEFT,263.12,,04/26/2026 05:32 AM
TXN0000134,CUST002175,IMPS,500.61,Success,03-02-2026 12:18
TXN0000135,CUST000672,imps,10695.63,SUCCESS,2026-04-05 10:03:14
TXN0000136,CUST004521,imps,70.76,SUCCESS,2026-01-26 16:12:19
TXN0000137,CUST001160,Bill_Pay,377.54,SUCCESS,05/07/2026 07:56:14
TXN0000138,CUST002033,neft,2457.11,SUCCESS,2026-05-28 06:37:08
TXN0000139,CUST003328,UPI,,success,2026-06-14 13:12:33
TXN0000140,CUST003404,Imps,1503.45,SUCCESS,01/30/2026 12:25 AM
TXN0000141,CUST003665,,702.53,success,2026-06-15 18:12:27
TXN0000142,CUST002052,neft,304.32,SUCCESS,22-02-2026 03:04
TXN0000143,CUST000448,NEFT,58.55,SUCCESS,19/07/2026 15:52:10
TXN0000144,CUST001784,BILL_PAY,831.93,Success,07/22/2026 07:54 AM
TXN0000145,CUST000022,Neft,Rs.256.97,SUCCESS,2026-03-20 13:12:30
TXN0000146,CUST003367,upi,579.59,Timed_Out,08/04/2026 06:51:51
TXN0000147,CUST001559,imps,1219.24,success,10/07/2026 09:05:04
TXN0000148,CUST002307,NEFT,"1,879.77",success,2026-02-01 12:07:37
TXN0000149,CUST004431,NEFT,376.18,success,05/13/2026 06:21 AM
TXN0000150,CUST003376,BILL_PAY,303.69,success,2026-01-07 02:03:57
TXN0000151,CUST001038,UPI,146.49,TIMEDOUT,2026-02-05 19:58:43
TXN0000152,CUST003845,Bill_Pay,2001.06,SUCCESS,2026-02-26 13:20:06
TXN0000153,CUST002768,IMPS,"Rs.8,489.52",SUCCESS,2026-02-25 01:51:44
TXN0000154,CUST001576,IMPS,2296.08,SUCCESS,08-02-2026 14:50
TXN0000155,CUST002161,bill_pay,3042.07,Success,29/03/2026 06:30:47
TXN0000156,CUST003106,NEFT,284.52,Success,2026-01-10 15:48:27
TXN0000157,CUST000071,IMPS,1132.95,SUCCESS,13/05/2026 23:36:33
TXN0000158,CUST004305,neft,1685.07,SUCCESS,2026-05-24 10:33:59
TXN0000159,CUST005074,upi,13.61,Success,10/01/2026 16:43:23
TXN0000160,CUST003900,neft,194.56,Success,09-02-2026 13:06
TXN0000161,CUST000446,Bill_Pay,4716.84,SUCCESS,30-01-2026 08:56
TXN0000162,CUST000153,UPI,Rs.119.56,SUCCESS,23-04-2026 15:38
TXN0000163,CUST004293,Imps,3750.06,success,2026-01-26 02:11:46
TXN0000164,CUST000972,Imps,118.74,SUCCESS,2026-06-10 05:44:08
TXN0000165,CUST003308,upi,204.83,Success,21-06-2026 03:13
TXN0000166,CUST000198,Bill_Pay,1158.09,success,2026-02-14 02:16:15
TXN0000167,CUST002291,BILL_PAY,723.26,FAILED,2026-03-13 02:45:24
TXN0000168,CUST000935,bill_pay,418.9,success,2026-03-31 07:38:20
TXN0000169,CUST004332,Upi,"Rs.4,461.41",success,2026-07-17 13:13:52
TXN0000170,CUST001523,Upi,150.6,success,2026-01-04 08:40:13
TXN0000171,CUST003606,BILL_PAY,554.38,TIMED_OUT,24/02/2026 01:37:17
TXN0000172,CUST003090,upi,1347.47,failed,04/11/2026 08:13 AM
TXN0000173,CUST004055,,-931.87,Success,2026-02-11 10:42:31
TXN0000174,CUST004296,Upi,315.06,SUCCESS,17-04-2026 02:57
TXN0000175,CUST003470,UPI,327.92,Success,02/04/2026 13:14:31
TXN0000176,CUST001957,bill_pay,1843.69,success,2026-05-08 17:12:46
TXN0000177,CUST001879,UPI,1957.69,SUCCESS,2026-06-30 11:53:10
TXN0000178,CUST003605,Imps,961.75,Success,26-04-2026 01:59
TXN0000179,CUST004142,BILL_PAY,245.97,success,02/26/2026 04:01 PM
TXN0000180,CUST004474,IMPS,339.6,Success,17-03-2026 22:12
TXN0000181,CUST002396,UPI,648.67,success,04/27/2026 01:05 AM
TXN0000182,CUST001697,IMPS,765.7,SUCCESS,2026-05-04 02:19:25
TXN0000183,CUST000475,UPI,1282.44,success,18-04-2026 07:30
TXN0000184,CUST004240,imps,521.84,,28/07/2026 08:45:27
TXN0000185,CUST001024,UPI,"Rs.1,790.95",success,31-03-2026 19:27
TXN0000186,CUST001433,Neft,1765.54,failed,2026-05-20 11:40:47
TXN0000187,CUST004116,NEFT,3186.17,SUCCESS,18-02-2026 12:46
TXN0000188,CUST004003,Upi,682.12,FAILED,18-01-2026 18:56
TXN0000189,CUST003335,NEFT,981.42,TIMED_OUT,14-05-2026 03:45
TXN0000190,CUST000241,IMPS,568.97,Success,05-07-2026 02:15
TXN0000191,CUST004055,neft,249.17,SUCCESS,2026-03-10 02:16:04
TXN0000192,CUST001780,Bill_Pay,8191.6,SUCCESS,2026-04-22 14:55:17
TXN0000193,CUST002392,upi,2669.73,Success,10-05-2026 04:36
TXN0000194,CUST000267,,"1,719.85",success,29-07-2026 12:49
TXN0000195,CUST003630,NEFT,655.44,Success,29-05-2026 07:26
TXN0000196,CUST002213,Neft,-226.62,SUCCESS,26-01-2026 07:49
TXN0000197,CUST004177,BILL_PAY,2143.39,success,2026-06-25 03:58:37
TXN0000198,CUST003735,Neft,557.54,Success,2026-03-14 16:02:51
TXN0000199,CUST003863,UPI,1091.73,SUCCESS,2026-03-08 11:16:33
TXN0000200,CUST003865,neft,338.16,SUCCESS,21-06-2026 21:42
TXN0000201,CUST004719,NEFT,,SUCCESS,25-03-2026 19:56
TXN0000202,CUST002282,Upi,362.01,success,29/06/2026 20:01:58
TXN0000203,CUST002548,upi,377.95,SUCCESS,2026-07-30 02:10:03
TXN0000204,CUST001795,BILL PAY,-878.71,TIMEDOUT,2026-01-12 05:48:29
TXN0000205,CUST002531,IMPS,117.01,SUCCESS,14/06/2026 20:14:30
TXN0000206,CUST005026,Bill_Pay,,FAILED,2026-03-26 12:11:01
TXN0000207,CUST004685,BILL_PAY,280.86,SUCCESS,2026-07-09 00:38:14
TXN0000208,CUST002309,Imps,514.84,SUCCESS,06-04-2026 15:43
TXN0000209,CUST002640,BILL PAY,1861.6,SUCCESS,15-01-2026 14:35
TXN0000210,CUST004465,Upi,548.99,SUCCESS,16-03-2026 18:30
TXN0000211,CUST000386,IMPS,650.53,SUCCESS,2026-03-05 04:36:10
TXN0000212,CUST000724,Imps,470.41,success,25-07-2026 19:43
TXN0000213,CUST002191,Neft,979.72,SUCCESS,03/06/2026 05:05:17
TXN0000214,CUST001559,neft,246.49,SUCCESS,2026-02-18 20:07:58
TXN0000215,CUST001024,UPI,583.76,SUCCESS,07/03/2026 03:41:09
TXN0000216,CUST001862,upi,,Failed,19-03-2026 21:55
TXN0000217,CUST002003,UPI,870.36,Success,2026-05-29 21:59:17
TXN0000218,CUST005048,Bill_Pay,675.27,SUCCESS,2026-03-24 15:54:48
TXN0000219,CUST001340,NEFT,685.0,SUCCESS,2026-02-16 19:23:18
TXN0000220,CUST000836,Bill_Pay,1209.06,success,2026-07-18 10:06:33
TXN0000221,CUST004907,Upi,8811.55,Success,26-03-2026 06:53
TXN0000222,CUST005118,upi,264.86,FAILED,2026-01-09 20:13:35
TXN0000223,CUST004440,Imps,9207.41,success,12-04-2026 23:59
TXN0000224,CUST000148,imps,252.15,success,03-02-2026 10:42
TXN0000225,CUST000541,upi,52.0,Success,01/01/2026 11:33:43
TXN0000226,CUST000840,UPI,353.93,,14-02-2026 04:59
TXN0000227,CUST003472,neft,1002.35,success,2026-07-03 04:55:50
TXN0000228,CUST003930,bill_pay,6319.56,success,2026-07-15 13:27:25
TXN0000229,CUST004474,Imps,226.31,FAILED,03-07-2026 17:26
TXN0000230,CUST003864,Bill_Pay,1200.27,success,11-06-2026 09:56
TXN0000231,CUST003710,Neft,136.42,FAILED,2026-03-03 06:43:45
TXN0000232,CUST004710,UPI,5989.42,FAILED,2026-06-25 18:28:15
TXN0000233,CUST004559,NEFT,2738.95,,2026-07-09 12:23:22
TXN0000234,CUST003178,NEFT,378.79,success,2026-06-16 09:34:02
TXN0000235,CUST004090,Imps,85.14,TIMEDOUT,09/02/2026 10:06:41
TXN0000236,CUST002120,neft,3376.68,SUCCESS,26/03/2026 04:56:38
TXN0000237,CUST003014,BILL_PAY,579.72,success,24/07/2026 21:50:30
TXN0000238,CUST001204,NEFT,2937.69,SUCCESS,2026-03-02 14:01:19
TXN0000239,CUST001584,UPI,669.34,Success,2026-05-17 01:28:10
TXN0000240,CUST004816,Neft,703.72,failed,18/03/2026 23:30:52
TXN0000241,CUST004973,UPI,387.58,SUCCESS,27/06/2026 07:10:31
TXN0000242,CUST000597,upi,1404.48,success,2026-04-24 12:15:06
TXN0000243,CUST000571,Imps,768.43,success,23-06-2026 06:28
TXN0000244,CUST003174,BILL PAY,"1,233.15",success,15-07-2026 21:22
TXN0000245,CUST001927,UPI,105.54,Success,18-03-2026 10:42
TXN0000246,CUST000224,BILL_PAY,3081.62,SUCCESS,17-02-2026 02:24
TXN0000247,CUST000670,BILL_PAY,4278.61,SUCCESS,18-03-2026 02:03
TXN0000248,CUST000391,UPI,764.18,success,2026-05-11 04:13:14
TXN0000249,CUST001883,IMPS,7886.42,failed,2026-03-18 12:30:21
TXN0000250,CUST000356,BILL_PAY,5466.58,SUCCESS,2026-03-25 03:34:05
TXN0000251,CUST004856,upi,,success,
TXN0000252,CUST002904,neft,3437.01,success,2026-03-25 07:56:37
TXN0000253,CUST002236,UPI,2368.73,,20/04/2026 08:34:17
TXN0000254,CUST001972,Imps,80.6,SUCCESS,2026-06-25 12:26:34
TXN0000255,CUST005011,BILL_PAY,481.41,SUCCESS,2026-02-06 05:06:49
TXN0000256,CUST001771,BILL PAY,1573.49,success,04-01-2026 03:30
TXN0000257,CUST003079,upi,4695.4,FAILED,2026-01-16 14:43:27
TXN0000258,CUST000776,NEFT,126.96,Failed,2026-04-24 14:44:38
TXN0000259,CUST001435,,86.14,success,2026-03-16 00:42:24
TXN0000260,CUST001562,UPI,622.25,TIMED_OUT,19-01-2026 17:03
TXN0000261,CUST003744,IMPS,55.65,SUCCESS,2026-03-09 22:46:56
TXN0000262,CUST002011,upi,597.68,Success,2026-07-02 01:25:11
TXN0000263,CUST005015,bill_pay,1032.69,success,2026-06-07 10:11:14
TXN0000264,CUST002377,BILL_PAY,215.32,SUCCESS,07-03-2026 02:11
TXN0000265,CUST002979,Bill_Pay,616.95,Success,27-06-2026 18:37
TXN0000266,CUST001671,imps,2092.62,SUCCESS,17-05-2026 07:10
TXN0000267,CUST002962,bill_pay,352.02,Success,2026-07-09 03:04:04
TXN0000268,CUST002615,Bill_Pay,256.87,Success,2026-03-20 07:21:18
TXN0000269,CUST000232,NEFT,584.97,Success,29/05/2026 20:47:29
TXN0000270,CUST005162,neft,192.04,SUCCESS,2026-06-13 15:23:12
TXN0000271,CUST001375,Upi,7028.09,SUCCESS,2026-04-12 03:51:32
TXN0000272,CUST003777,IMPS,693.89,SUCCESS,08-05-2026 01:57
TXN0000273,CUST002019,upi,287.24,,17/02/2026 02:58:45
TXN0000274,CUST000269,Bill_Pay,859.87,Failed,21-01-2026 17:12
TXN0000275,CUST002317,neft,581.26,SUCCESS,2026-01-29 20:03:23
TXN0000276,CUST000397,neft,510.22,Success,24-03-2026 01:49
TXN0000277,CUST001111,NEFT,351.92,SUCCESS,2026-05-20 04:27:31
TXN0000278,CUST000083,upi,333.29,Success,2026-07-12 12:53:59
TXN0000279,CUST001869,IMPS,107.96,SUCCESS,2026-02-22 19:20:12
TXN0000280,CUST001364,imps,3429.77,SUCCESS,2026-05-17 10:28:02
TXN0000281,CUST005160,bill_pay,1328.58,Success,2026-06-27 00:31:10
TXN0000282,CUST003216,Neft,966.32,SUCCESS,
TXN0000283,CUST000629,BILL_PAY,570.49,SUCCESS,2026-03-17 23:49:00
TXN0000284,CUST000199,Neft,211.32,success,2026-01-09 23:24:46
TXN0000285,CUST004695,NEFT,268.37,Success,2026-01-12 04:51:25
TXN0000286,CUST001290,IMPS,120.7,SUCCESS,2026-05-19 17:45:56
TXN0000287,CUST004446,UPI,306.16,Success,2026-01-08 11:12:43
TXN0000288,CUST004869,BILL_PAY,Rs.181.66,FAILED,25-04-2026 09:16
TXN0000289,CUST001088,UPI,"5,037.02",SUCCESS,2026-06-29 15:53:53
TXN0000290,CUST002354,IMPS,1915.95,SUCCESS,2026-03-07 09:06:25
TXN0000291,CUST002087,Upi,729.85,SUCCESS,29-01-2026 20:39
TXN0000292,CUST004118,NEFT,236.62,Success,01/03/2026 04:11 AM
TXN0000293,CUST000540,BILL_PAY,191.58,SUCCESS,02/08/2026 11:09 AM
TXN0000294,CUST004862,NEFT,529.32,success,2026-06-04 07:02:34
TXN0000295,CUST002176,IMPS,2021.13,SUCCESS,2026-06-03 14:45:55
TXN0000296,CUST000384,IMPS,6576.78,timed_out,22-05-2026 08:15
TXN0000297,CUST000665,Neft,124.18,Success,2026-01-01 09:43:53
TXN0000298,CUST002826,IMPS,1307.1,SUCCESS,01-07-2026 00:31
TXN0000299,CUST003695,NEFT,304.67,SUCCESS,18-05-2026 14:18
TXN0000300,CUST000853,Bill_Pay,370.72,Success,29-07-2026 20:27
TXN0000301,CUST004692,imps,705.02,SUCCESS,2026-02-26 18:18:59
TXN0000302,CUST001419,IMPS,245.39,Timed_Out,21-05-2026 03:40
TXN0000303,CUST000250,BILL_PAY,499.33,TIMED_OUT,2026-02-06 08:01:20
TXN0000304,CUST004220,IMPS,223.84,FAILED,22-07-2026 17:04
TXN0000305,CUST001205,IMPS,332.91,SUCCESS,2026-04-29 17:48:38
TXN0000306,CUST003575,BILL PAY,"1,646.60",SUCCESS,2026-07-11 03:21:38
TXN0000307,CUST002140,upi,749.34,SUCCESS,03/06/2026 01:25 PM
TXN0000308,CUST001761,Imps,,success,04/08/2026 11:54 PM
TXN0000309,CUST000464,NEFT,300.32,Success,26-06-2026 04:41
TXN0000310,CUST002051,BILL PAY,1319.12,success,2026-04-05 13:39:25
TXN0000311,CUST003717,neft,94.34,Success,20-01-2026 08:32
TXN0000312,CUST005174,IMPS,-704.65,success,2026-03-07 13:14:49
TXN0000313,CUST001949,IMPS,1431.26,SUCCESS,2026-01-14 18:24:04
TXN0000314,CUST001562,UPI,90.57,SUCCESS,04-05-2026 20:19
TXN0000315,CUST001098,,304.23,success,2026-06-27 09:19:15
TXN0000316,CUST001181,NEFT,704.07,SUCCESS,2026-01-20 08:56:24
TXN0000317,CUST000301,IMPS,2225.09,success,2026-06-28 07:33:31
TXN0000318,CUST003808,upi,332.86,success,04/07/2026 11:53 PM
TXN0000319,CUST005029,UPI,1256.1,SUCCESS,2026-03-07 06:37:33
TXN0000320,CUST000945,Upi,3751.39,Success,19-04-2026 18:17
TXN0000321,CUST002872,IMPS,1329.4,success,11-02-2026 09:11
TXN0000322,CUST001158,NEFT,521.31,Timed_Out,2026-04-08 13:29:12
TXN0000323,CUST001243,IMPS,1038.34,failed,14-07-2026 17:59
TXN0000324,CUST001767,UPI,322.21,success,2026-02-08 01:19:19
TXN0000325,CUST002097,Neft,737.97,success,2026-06-06 07:25:19
TXN0000326,CUST001692,upi,551.8,Success,2026-07-31 01:33:18
TXN0000327,CUST004588,imps,Rs.997.37,success,2026-06-30 03:41:07
TXN0000328,CUST003567,BILL_PAY,405.75,Success,2026-05-20 20:16:49
TXN0000329,CUST004213,imps,1067.79,SUCCESS,2026-07-03 17:31:09
TXN0000330,CUST003330,Neft,401.34,SUCCESS,2026-07-30 07:14:48
TXN0000331,CUST001486,,1891.92,Success,2026-03-20 06:30:16
TXN0000332,CUST002325,NEFT,449.79,Success,2026-01-06 12:09:14
TXN0000333,CUST002155,UPI,57.64,success,2026-02-08 23:22:42
TXN0000334,CUST003197,IMPS,198.4,success,2026-04-18 08:50:31
TXN0000335,CUST004651,UPI,680.01,SUCCESS,06/07/2026 19:35:37
TXN0000336,CUST003811,IMPS,4972.73,FAILED,2026-05-04 06:28:53
TXN0000337,CUST002075,Neft,1799.54,FAILED,18/01/2026 11:40:45
TXN0000338,CUST004334,BILL PAY,46.84,success,26-03-2026 08:16
TXN0000339,CUST000738,BILL_PAY,-112.81,success,22-03-2026 10:16
TXN0000340,CUST005121,Bill_Pay,2624.13,SUCCESS,05/08/2026 02:46 PM
TXN0000341,CUST002422,Neft,1421.32,FAILED,2026-03-04 23:31:09
TXN0000342,CUST000220,Imps,10145.97,success,25-02-2026 23:07
TXN0000343,CUST002781,bill_pay,383.28,success,21-04-2026 13:09
TXN0000344,CUST000842,UPI,239.89,Success,15-04-2026 03:25
TXN0000345,CUST003005,Upi,724.79,Success,
TXN0000346,CUST003018,BILL_PAY,374.96,Failed,2026-02-25 15:29:11
TXN0000347,CUST000731,Imps,2310.1,SUCCESS,2026-02-21 01:23:42
TXN0000348,CUST005116,NEFT,360.68,SUCCESS,2026-04-11 15:58:51
TXN0000349,CUST005008,neft,481.14,SUCCESS,2026-06-09 15:14:57
TXN0000350,CUST005109,Imps,205.51,,2026-07-14 03:01:59
TXN0000351,CUST002983,BILL_PAY,1649.76,success,2026-02-16 18:46:16
TXN0000352,CUST000242,NEFT,219.95,SUCCESS,22/04/2026 14:26:59
TXN0000353,CUST004650,Neft,1092.39,success,2026-01-09 00:23:17
TXN0000354,CUST004647,Imps,6324.3,success,2026-05-19 19:14:42
TXN0000355,CUST004657,Upi,78.69,Success,2026-01-07 23:48:33
TXN0000356,CUST003819,Bill_Pay,"Rs.4,004.82",failed,2026-01-28 20:17:31
TXN0000357,CUST004916,BILL_PAY,930.72,Success,2026-03-10 03:01:58
TXN0000358,CUST002318,Bill_Pay,172.33,Success,13-06-2026 01:26
TXN0000359,CUST002813,neft,758.45,success,21/02/2026 10:51:45
TXN0000360,CUST003847,UPI,1589.09,FAILED,2026-02-10 03:09:38
TXN0000361,CUST001989,IMPS,257.61,success,2026-02-09 23:47:34
TXN0000362,CUST002340,Bill_Pay,1171.17,SUCCESS,2026-06-15 22:55:45
TXN0000363,CUST000458,Neft,4499.96,failed,2026-07-08 21:29:07
TXN0000364,CUST003739,UPI,360.16,Failed,2026-03-30 09:14:05
TXN0000365,CUST004744,BILL_PAY,202.85,timed_out,2026-01-24 20:56:15
TXN0000366,CUST000692,BILL_PAY,571.95,Success,2026-06-19 03:27:51
TXN0000367,CUST002842,bill_pay,711.14,SUCCESS,2026-01-26 16:55:47
TXN0000368,CUST002777,Upi,2472.61,SUCCESS,2026-03-15 23:01:17
TXN0000369,CUST001075,Neft,550.26,SUCCESS,25-01-2026 18:50
TXN0000370,CUST002968,UPI,398.51,SUCCESS,02-06-2026 19:50
TXN0000371,CUST001126,BILL PAY,197.45,SUCCESS,12/07/2026 10:44:29
TXN0000372,CUST002034,imps,91.3,failed,2026-02-17 05:40:27
TXN0000373,CUST004202,BILL_PAY,141.46,success,2026-03-14 20:44:03
TXN0000374,CUST003354,Imps,140.6,SUCCESS,
TXN0000375,CUST002528,bill_pay,487.11,Success,
TXN0000376,CUST002831,Upi,109.53,SUCCESS,17-01-2026 12:04
TXN0000377,CUST000487,BILL PAY,26.15,Failed,26/03/2026 10:35:59
TXN0000378,CUST001499,neft,623.19,,12-03-2026 11:55
TXN0000379,CUST002314,IMPS,"Rs.6,116.51",SUCCESS,07-02-2026 08:23
TXN0000380,CUST000870,BILL_PAY,2570.56,success,2026-05-12 18:55:44
TXN0000381,CUST002657,IMPS,Rs.481.71,success,2026-07-16 16:19:05
TXN0000382,CUST001715,Imps,176.3,Timed_Out,02/17/2026 04:13 PM
TXN0000383,CUST005113,Bill_Pay,-14589.13,Success,2026-07-11 04:11:36
TXN0000384,CUST002070,Bill_Pay,714.13,Success,
TXN0000385,CUST004274,IMPS,843.62,SUCCESS,2026-04-08 03:54:46
TXN0000386,CUST004361,BILL_PAY,559.35,SUCCESS,03-07-2026 01:02
TXN0000387,CUST003294,upi,639.51,SUCCESS,06/04/2026 03:27 AM
TXN0000388,CUST002028,BILL PAY,346.5,SUCCESS,2026-01-02 07:57:39
TXN0000389,CUST000373,bill_pay,489.81,SUCCESS,2026-05-05 13:23:42
TXN0000390,CUST003741,BILL PAY,4043.2,SUCCESS,2026-02-02 19:32:07
TXN0000391,CUST002297,upi,"2,966.99",SUCCESS,21/06/2026 22:34:30
TXN0000392,CUST001186,,55.25,success,02-06-2026 06:29
TXN0000393,CUST000064,NEFT,122.85,success,2026-05-07 10:48:57
TXN0000394,CUST003577,neft,,Success,2026-03-26 05:26:18
TXN0000395,CUST002529,BILL PAY,2044.31,success,25-05-2026 20:22
TXN0000396,CUST002342,NEFT,3059.07,SUCCESS,2026-02-23 08:16:17
TXN0000397,CUST003285,neft,1581.31,success,2026-04-21 05:11:47
TXN0000398,CUST004847,neft,171.6,SUCCESS,2026-01-12 23:34:26
TXN0000399,CUST001927,neft,354.45,SUCCESS,2026-05-07 05:49:05
TXN0000400,CUST001078,BILL_PAY,1196.61,SUCCESS,2026-07-28 05:33:44
TXN0000401,CUST004446,UPI,498.5,SUCCESS,08-03-2026 07:38
TXN0000402,CUST002420,Imps,424.2,Success,07-06-2026 04:55
TXN0000403,CUST003524,upi,431.32,SUCCESS,21-01-2026 12:18
TXN0000404,CUST001163,NEFT,2673.64,Success,2026-02-24 01:42:44
TXN0000405,CUST000708,NEFT,1355.22,SUCCESS,2026-06-28 01:11:13
TXN0000406,CUST003089,Imps,458.77,SUCCESS,2026-01-17 06:14:59
TXN0000407,CUST005083,Neft,983.74,SUCCESS,2026-06-04 18:34:06
TXN0000408,CUST001528,Imps,148.21,failed,2026-06-07 16:16:45
TXN0000409,CUST004296,UPI,355.22,SUCCESS,2026-06-12 03:36:52
TXN0000410,CUST002919,NEFT,2342.12,,03/07/2026 14:16:05
TXN0000411,CUST002310,upi,-102.72,SUCCESS,04/20/2026 02:58 PM
TXN0000412,CUST005073,Imps,1376.38,SUCCESS,2026-01-14 12:28:09
TXN0000413,CUST001746,bill_pay,54.69,SUCCESS,31-01-2026 03:17
TXN0000414,CUST001330,upi,5093.64,failed,2026-02-23 11:53:41
TXN0000415,CUST004638,UPI,345.88,Failed,2026-02-02 09:13:56
TXN0000416,CUST004016,Neft,1073.8,success,2026-03-25 21:07:00
TXN0000417,CUST005042,UPI,762.86,Success,14-03-2026 00:42
TXN0000418,CUST000790,IMPS,796.61,success,2026-01-21 02:56:43
TXN0000419,CUST004262,BILL PAY,962.33,Success,30-07-2026 15:27
TXN0000420,CUST002916,IMPS,Rs.85.44,success,2026-06-26 17:05:13
TXN0000421,CUST004166,IMPS,816.51,timed_out,08-02-2026 12:21
TXN0000422,CUST003530,NEFT,533.37,SUCCESS,29-01-2026 00:14
TXN0000423,CUST002151,BILL PAY,348.03,success,02-04-2026 18:41
TXN0000424,CUST003757,Bill_Pay,261.4,failed,2026-07-18 22:29:55
TXN0000425,CUST001182,NEFT,841.36,success,2026-02-03 15:29:23
TXN0000426,CUST001422,neft,205.6,SUCCESS,17/01/2026 15:05:51
TXN0000427,CUST005100,imps,2286.98,SUCCESS,16-06-2026 01:44
TXN0000428,CUST000970,Upi,1172.76,Success,2026-04-30 15:54:11
TXN0000429,CUST001450,NEFT,904.37,SUCCESS,2026-07-24 16:13:16
TXN0000430,CUST002650,IMPS,"2,162.95",SUCCESS,2026-03-14 18:34:41
TXN0000431,CUST004749,Upi,73.04,success,2026-03-03 05:32:06
TXN0000432,CUST002554,bill_pay,143.24,SUCCESS,2026-01-31 08:35:16
TXN0000433,CUST001939,neft,1237.92,SUCCESS,
TXN0000434,CUST001211,neft,278.41,SUCCESS,2026-05-08 03:06:29
TXN0000435,CUST001744,Imps,319.32,SUCCESS,2026-07-30 14:04:22
TXN0000436,CUST001091,Neft,122.98,SUCCESS,01-01-2026 14:38
TXN0000437,CUST002070,Imps,206.22,success,2026-06-15 22:37:26
TXN0000438,CUST003621,Neft,2355.17,Success,17-03-2026 18:55
TXN0000439,CUST002853,Neft,-1202.29,SUCCESS,2026-04-13 03:54:48
TXN0000440,CUST002993,UPI,830.31,success,19-01-2026 08:54
TXN0000441,CUST003147,IMPS,333.36,Success,2026-04-05 07:27:15
TXN0000442,CUST000068,BILL_PAY,770.02,success,2026-03-24 23:46:28
TXN0000443,CUST000596,BILL_PAY,2641.57,success,2026-03-20 19:39:57
TXN0000444,CUST005178,IMPS,286.06,success,2026-05-28 08:38:35
TXN0000445,CUST005023,NEFT,637.79,SUCCESS,28-01-2026 06:03
TXN0000446,CUST003077,IMPS,5568.94,Success,2026-07-07 19:03:46
TXN0000447,CUST000708,IMPS,"1,555.11",SUCCESS,2026-04-01 18:56:17
TXN0000448,CUST002145,BILL_PAY,338.67,Success,
TXN0000449,CUST003807,IMPS,1402.72,SUCCESS,18-05-2026 16:07
TXN0000450,CUST000901,,101.06,SUCCESS,01/23/2026 09:05 AM
TXN0000451,CUST000077,Upi,608.31,SUCCESS,2026-01-06 11:58:03
TXN0000452,CUST002508,NEFT,1400.81,SUCCESS,29-03-2026 20:28
TXN0000453,CUST003037,imps,1049.68,SUCCESS,2026-03-16 20:41:30
TXN0000454,CUST002245,UPI,1383.96,SUCCESS,2026-02-27 03:22:41
TXN0000455,CUST003950,UPI,1809.32,success,2026-07-22 16:56:43
TXN0000456,CUST003289,IMPS,1154.03,success,2026-05-02 15:30:01
TXN0000457,CUST001731,NEFT,1113.81,success,2026-06-19 01:42:13
TXN0000458,CUST001568,IMPS,853.4,Success,2026-06-21 06:16:21
TXN0000459,CUST002488,Upi,181.77,FAILED,28/01/2026 04:59:24
TXN0000460,CUST004992,IMPS,"Rs.2,353.79",TIMED_OUT,2026-07-30 21:09:07
TXN0000461,CUST004373,BILL_PAY,634.31,FAILED,21/01/2026 16:51:09
TXN0000462,CUST004992,neft,1506.89,SUCCESS,2026-06-18 12:36:30
TXN0000463,CUST004195,Bill_Pay,2050.71,SUCCESS,24-02-2026 07:43
TXN0000464,CUST004927,UPI,358.08,success,05-04-2026 20:39
TXN0000465,CUST003705,bill_pay,394.89,SUCCESS,04/01/2026 20:20:01
TXN0000466,CUST003926,Upi,458.97,success,04/04/2026 10:43 PM
TXN0000467,CUST002459,Imps,3001.62,SUCCESS,2026-02-19 17:31:10
TXN0000468,CUST002818,neft,227.35,SUCCESS,2026-05-02 16:11:43
TXN0000469,CUST005044,imps,3775.82,success,07-06-2026 11:27
TXN0000470,CUST002254,Upi,842.07,SUCCESS,2026-01-03 06:18:35
TXN0000471,CUST003560,BILL_PAY,916.41,success,2026-03-25 12:21:52
TXN0000472,CUST003707,UPI,"1,934.41",SUCCESS,2026-03-19 20:51:09
TXN0000473,CUST004118,neft,734.17,FAILED,27-01-2026 04:04
TXN0000474,CUST004811,UPI,2388.87,success,14-06-2026 07:48
TXN0000475,CUST002299,bill_pay,357.54,SUCCESS,2026-04-29 04:26:59
TXN0000476,CUST000744,Neft,3609.11,SUCCESS,20-07-2026 20:49
TXN0000477,CUST003490,NEFT,389.71,,2026-01-28 06:29:26
TXN0000478,CUST000842,bill_pay,3804.96,SUCCESS,27-01-2026 11:18
TXN0000479,CUST002266,Neft,401.73,success,04/15/2026 10:16 PM
TXN0000480,CUST003210,Imps,Rs.474.31,Success,21-02-2026 11:30
TXN0000481,CUST003766,IMPS,199.34,Success,2026-06-01 21:21:55
TXN0000482,CUST004941,UPI,264.71,SUCCESS,15-01-2026 17:05
TXN0000483,CUST000461,neft,Rs.638.03,success,20/05/2026 02:59:25
TXN0000484,CUST004307,BILL_PAY,881.0,SUCCESS,2026-07-17 03:13:05
TXN0000485,CUST003345,IMPS,"2,167.19",failed,2026-04-15 16:00:27
TXN0000486,CUST001133,Imps,514.51,SUCCESS,2026-07-08 04:37:58
TXN0000487,CUST004893,imps,172.9,TIMED_OUT,2026-03-03 12:54:38
TXN0000488,CUST001456,Neft,1052.47,success,2026-01-16 08:11:42
TXN0000489,CUST002813,BILL_PAY,812.2,SUCCESS,2026-01-31 07:02:21
TXN0000490,CUST003656,NEFT,1201.04,Success,2026-05-03 10:27:37
TXN0000491,CUST000541,NEFT,309.42,Success,2026-05-13 10:25:50
TXN0000492,CUST000047,BILL PAY,351.71,SUCCESS,2026-06-26 07:13:58
TXN0000493,CUST003458,BILL PAY,309.55,Success,06-03-2026 09:43
TXN0000494,CUST002641,IMPS,2770.6,TIMED_OUT,15/07/2026 21:39:09
TXN0000495,CUST003355,Imps,3657.76,SUCCESS,08/07/2026 10:14:56
TXN0000496,CUST000710,Imps,335.33,SUCCESS,28-03-2026 22:56
TXN0000497,CUST004433,IMPS,342.86,SUCCESS,24/02/2026 10:00:00
TXN0000498,CUST000884,NEFT,1421.57,SUCCESS,2026-05-04 21:20:59
TXN0000499,CUST003160,neft,4259.92,SUCCESS,01/06/2026 14:57:37
TXN0000500,CUST003260,BILL_PAY,5739.07,failed,20-04-2026 09:17
TXN0000501,CUST004438,,318.83,FAILED,2026-03-28 10:50:17
TXN0000502,CUST004239,Bill_Pay,417.7,TIMEDOUT,29/05/2026 21:08:43
TXN0000503,CUST000251,Imps,937.33,success,03-04-2026 08:15
TXN0000504,CUST002212,neft,993.61,Success,2026-07-22 11:05:30
TXN0000505,CUST005153,BILL PAY,537.89,Success,11/04/2026 22:12:35
TXN0000506,CUST000084,Bill_Pay,255.20,Success,2026-05-26 14:49:01
TXN0000507,CUST000466,Upi,639.22,SUCCESS,2026-04-06 18:29:27
TXN0000508,CUST000477,Neft,5729.99,SUCCESS,2026-07-30 09:23:38
TXN0000509,CUST004522,BILL PAY,357.4,Success,11-04-2026 22:02
TXN0000510,CUST002261,IMPS,870.05,SUCCESS,2026-06-23 00:20:40
TXN0000511,CUST001567,bill_pay,13798.55,SUCCESS,29/01/2026 14:36:19
TXN0000512,CUST000150,IMPS,351.76,success,2026-05-23 03:06:47
TXN0000513,CUST000273,neft,1507.59,Success,07-06-2026 13:33
TXN0000514,CUST003393,upi,6100.03,Failed,2026-07-08 04:20:47
TXN0000515,CUST000226,NEFT,"1,351.25",SUCCESS,15-03-2026 21:43
TXN0000516,CUST000480,neft,2516.05,Failed,2026-05-31 07:02:39
TXN0000517,CUST001086,neft,1780.37,SUCCESS,26/03/2026 22:14:33
TXN0000518,CUST002159,bill_pay,1222.59,SUCCESS,2026-03-13 13:18:21
TXN0000519,CUST002131,upi,3493.26,Success,2026-05-15 22:53:35
TXN0000520,CUST004338,UPI,1448.74,FAILED,2026-03-15 02:32:34
TXN0000521,CUST002426,bill_pay,544.28,SUCCESS,18-05-2026 10:21
TXN0000522,CUST000631,UPI,793.18,Success,2026-01-24 09:12:36
TXN0000523,CUST000596,Bill_Pay,,SUCCESS,2026-06-24 00:28:58
TXN0000524,CUST003354,Neft,Rs.414.88,success,2026-03-11 18:13:25
TXN0000525,CUST003058,neft,836.58,,2026-07-03 08:08:17
TXN0000526,CUST004749,UPI,703.26,SUCCESS,2026-04-23 03:17:17
TXN0000527,CUST004407,Bill_Pay,"Rs.1,443.15",SUCCESS,2026-05-17 23:53:31
TXN0000528,CUST003541,NEFT,8918.7,SUCCESS,2026-05-23 06:51:41
TXN0000529,CUST001595,Imps,897.18,TIMED_OUT,2026-02-18 14:16:54
TXN0000530,CUST002822,BILL PAY,"4,415.80",SUCCESS,09-02-2026 14:11
TXN0000531,CUST000781,UPI,1379.5,SUCCESS,2026-07-13 10:16:08
TXN0000532,CUST000852,BILL_PAY,832.08,Failed,2026-02-22 16:45:18
TXN0000533,CUST003859,Bill_Pay,389.27,SUCCESS,2026-05-13 08:56:20
TXN0000534,CUST003694,NEFT,839.59,SUCCESS,2026-07-20 01:44:29
TXN0000535,CUST002726,BILL_PAY,780.21,SUCCESS,2026-03-24 11:10:46
TXN0000536,CUST004842,BILL_PAY,287.11,Success,2026-05-12 18:03:47
TXN0000537,CUST002157,IMPS,340.12,Success,24/06/2026 13:03:56
TXN0000538,CUST000283,NEFT,1045.92,SUCCESS,2026-07-05 17:48:40
TXN0000539,CUST003241,NEFT,4353.04,SUCCESS,30-06-2026 10:57
TXN0000540,CUST000327,BILL PAY,614.68,SUCCESS,2026-01-03 08:28:27
TXN0000541,CUST004197,Imps,,success,01-07-2026 22:00
TXN0000542,CUST003972,NEFT,47.53,Success,2026-05-19 14:39:24
TXN0000543,CUST002605,NEFT,Rs.195.30,success,2026-07-25 13:08:28
TXN0000544,CUST004802,IMPS,1556.24,SUCCESS,05/23/2026 06:05 AM
TXN0000545,CUST003536,UPI,143.11,TIMEDOUT,2026-07-15 23:32:21
TXN0000546,CUST004194,Imps,1894.95,Success,11-07-2026 13:58
TXN0000547,CUST002640,UPI,1451.34,Success,26-03-2026 01:51
TXN0000548,CUST001461,UPI,590.51,SUCCESS,2026-05-21 15:28:20
TXN0000549,CUST003206,neft,106.63,timed_out,2026-03-07 16:01:04
TXN0000550,CUST003995,NEFT,289.95,SUCCESS,2026-06-02 14:56:48
TXN0000551,CUST001488,BILL_PAY,497.96,Success,2026-03-07 09:58:21
TXN0000552,CUST002007,IMPS,1014.82,Success,12-01-2026 00:06
TXN0000553,CUST003075,IMPS,148.14,failed,2026-02-09 00:33:58
TXN0000554,CUST001268,Neft,3761.29,SUCCESS,01/15/2026 08:36 PM
TXN0000555,CUST000706,neft,1003.52,SUCCESS,2026-03-03 08:26:20
TXN0000556,CUST000908,Bill_Pay,1150.67,success,2026-01-09 08:51:30
TXN0000557,CUST001628,NEFT,1438.37,Success,2026-03-29 17:15:05
TXN0000558,CUST004175,BILL PAY,3277.98,SUCCESS,2026-01-30 03:35:48
TXN0000559,CUST003929,Neft,842.04,SUCCESS,2026-02-06 08:12:47
TXN0000560,CUST003924,Neft,1557.45,Success,2026-07-19 06:16:17
TXN0000561,CUST001905,NEFT,295.4,SUCCESS,2026-02-13 23:15:34
TXN0000562,CUST005085,Neft,5774.05,SUCCESS,06-01-2026 11:23
TXN0000563,CUST003249,Neft,-775.67,SUCCESS,23-03-2026 09:56
TXN0000564,CUST002446,NEFT,293.75,success,21-02-2026 19:58
TXN0000565,CUST003468,UPI,389.39,SUCCESS,07-04-2026 02:11
TXN0000566,CUST000548,upi,68.89,SUCCESS,2026-07-11 03:48:48
TXN0000567,CUST002993,BILL_PAY,Rs.386.54,SUCCESS,2026-04-18 03:05:34
TXN0000568,CUST002169,IMPS,36.28,,25/02/2026 11:32:30
TXN0000569,CUST001795,Neft,1707.8,SUCCESS,24-04-2026 03:12
TXN0000570,CUST000251,bill_pay,1108.26,Success,2026-04-15 09:48:06
TXN0000571,CUST003732,UPI,208.44,Success,26/06/2026 13:22:16
TXN0000572,CUST001358,IMPS,628.13,Timed_Out,25/07/2026 09:06:09
TXN0000573,CUST003154,Bill_Pay,662.27,SUCCESS,2026-01-12 23:34:27
TXN0000574,CUST004649,neft,165.66,SUCCESS,2026-04-16 04:37:26
TXN0000575,CUST003292,neft,510.22,success,2026-06-30 23:16:50
TXN0000576,CUST000311,BILL PAY,686.95,success,2026-04-06 07:24:39
TXN0000577,CUST001531,IMPS,494.42,SUCCESS,2026-03-21 05:53:58
TXN0000578,CUST004087,Bill_Pay,293.42,SUCCESS,2026-04-16 08:59:31
TXN0000579,CUST000283,BILL_PAY,199.95,success,04/09/2026 10:24 AM
TXN0000580,CUST000888,IMPS,474.7,Success,2026-01-02 17:03:25
TXN0000581,CUST003699,NEFT,335.15,Success,2026-03-16 09:38:07
TXN0000582,CUST000672,Neft,1322.26,Success,08-02-2026 17:02
TXN0000583,CUST000980,IMPS,3566.1,SUCCESS,2026-01-09 09:27:54
TXN0000584,CUST002136,neft,"2,017.39",FAILED,2026-02-20 02:48:49
TXN0000585,CUST003179,UPI,-714.48,SUCCESS,2026-05-24 17:08:07
TXN0000586,CUST004599,Imps,306.03,FAILED,
TXN0000587,CUST000791,imps,1947.36,success,25-05-2026 09:51
TXN0000588,CUST003209,BILL_PAY,1425.4,SUCCESS,2026-04-26 00:54:05
TXN0000589,CUST001297,IMPS,3232.05,Success,2026-02-11 14:27:07
TXN0000590,CUST001237,neft,843.13,SUCCESS,2026-07-21 06:25:49
TXN0000591,CUST004350,neft,5340.94,SUCCESS,05/11/2026 07:01 PM
TXN0000592,CUST004925,BILL_PAY,843.44,SUCCESS,07/19/2026 11:42 PM
TXN0000593,CUST004484,Imps,304.39,failed,2026-02-04 23:58:59
TXN0000594,CUST000909,bill_pay,372.16,Success,17-05-2026 05:41
TXN0000595,CUST003269,neft,1245.64,Success,2026-03-11 02:18:15
TXN0000596,CUST000163,NEFT,334.14,success,2026-02-23 14:21:41
TXN0000597,CUST003132,BILL PAY,-5287.24,SUCCESS,01/10/2026 08:35 PM
TXN0000598,CUST004106,NEFT,1122.81,TIMEDOUT,2026-03-28 14:08:18
TXN0000599,CUST000060,Imps,696.18,SUCCESS,05/01/2026 18:58:37
TXN0000600,CUST000798,UPI,768.19,SUCCESS,17-07-2026 10:09
TXN0000601,CUST000328,UPI,488.41,FAILED,10-06-2026 11:06
TXN0000602,CUST000901,imps,89.81,Success,11-06-2026 01:35
TXN0000603,CUST001695,neft,372.48,SUCCESS,28/01/2026 03:38:33
TXN0000604,CUST000409,Neft,4397.47,success,26/04/2026 02:51:43
TXN0000605,CUST002260,Imps,870.74,success,2026-02-17 21:26:01
TXN0000606,CUST004182,UPI,2336.75,SUCCESS,07/04/2026 07:43 AM
TXN0000607,CUST001534,bill_pay,2427.01,Failed,01-03-2026 11:20
TXN0000608,CUST002769,BILL_PAY,-635.1,Success,2026-06-24 11:47:10
TXN0000609,CUST002227,Neft,1455.04,FAILED,28/01/2026 09:43:42
TXN0000610,CUST003139,NEFT,100.32,SUCCESS,24-01-2026 10:11
TXN0000611,CUST004995,Upi,3912.17,SUCCESS,2026-01-01 06:15:50
TXN0000612,CUST003346,UPI,3484.6,Success,2026-01-23 20:10:48
TXN0000613,CUST004000,NEFT,1203.32,SUCCESS,05/06/2026 11:59 PM
TXN0000614,CUST005081,BILL_PAY,909.42,SUCCESS,17-06-2026 22:26
TXN0000615,CUST000795,UPI,645.05,SUCCESS,30-04-2026 02:38
TXN0000616,CUST004142,BILL PAY,2716.98,FAILED,04/16/2026 04:48 AM
TXN0000617,CUST004376,bill_pay,1679.14,SUCCESS,15/06/2026 15:28:00
TXN0000618,CUST004822,UPI,Rs.21.80,SUCCESS,2026-07-06 02:34:22
TXN0000619,CUST004177,UPI,430.55,TIMED_OUT,14/01/2026 02:41:51
TXN0000620,CUST003337,NEFT,173.54,success,2026-03-28 14:27:01
TXN0000621,CUST001856,,140.67,Success,2026-01-13 03:53:17
TXN0000622,CUST003555,IMPS,2678.45,success,01/24/2026 09:00 PM
TXN0000623,CUST000164,Upi,628.73,success,2026-07-27 11:00:29
TXN0000624,CUST000761,upi,1179.03,SUCCESS,07-07-2026 10:43
TXN0000625,CUST004116,NEFT,729.37,SUCCESS,2026-05-09 03:56:08
TXN0000626,CUST002435,NEFT,142.65,Success,14-05-2026 03:49
TXN0000627,CUST000389,imps,102.73,success,2026-06-06 19:49:47
TXN0000628,CUST001215,Imps,397.92,success,04/04/2026 08:29 AM
TXN0000629,CUST004963,IMPS,437.74,SUCCESS,2026-04-02 01:05:50
TXN0000630,CUST004375,Imps,437.42,Success,05-05-2026 19:02
TXN0000631,CUST000458,BILL_PAY,452.16,SUCCESS,18-03-2026 13:56
TXN0000632,CUST001253,UPI,"8,039.30",SUCCESS,2026-06-14 22:26:33
TXN0000633,CUST000535,Upi,,success,2026-07-09 23:18:11
TXN0000634,CUST004044,Bill_Pay,,SUCCESS,
TXN0000635,CUST000468,,610.38,SUCCESS,2026-02-24 17:26:52
TXN0000636,CUST000345,imps,636.09,FAILED,2026-01-05 13:49:37
TXN0000637,CUST002105,Neft,1602.26,SUCCESS,2026-03-08 08:28:59
TXN0000638,CUST000441,upi,603.74,success,26/06/2026 02:29:53
TXN0000639,CUST005160,neft,1997.38,Success,21/06/2026 03:19:06
TXN0000640,CUST002540,upi,"1,008.06",success,07-02-2026 03:14
TXN0000641,CUST002728,Imps,8152.25,success,01/16/2026 09:54 AM
TXN0000642,CUST002964,,562.56,SUCCESS,2026-02-17 22:50:13
TXN0000643,CUST004719,Imps,2514.48,SUCCESS,03-03-2026 02:37
TXN0000644,CUST003382,neft,190.97,success,19-07-2026 20:20
TXN0000645,CUST000728,NEFT,314.66,Failed,03/18/2026 11:12 AM
TXN0000646,CUST003978,NEFT,6613.3,,2026-05-28 12:09:55
TXN0000647,CUST001331,BILL_PAY,1889.53,FAILED,2026-02-04 13:58:28
TXN0000648,CUST004834,UPI,1205.7,success,2026-03-11 06:02:20
TXN0000649,CUST001368,Upi,11897.68,FAILED,15-04-2026 01:15
TXN0000650,CUST000104,NEFT,620.71,SUCCESS,2026-02-20 21:05:06
TXN0000651,CUST002891,NEFT,2506.47,success,19/05/2026 15:29:54
TXN0000652,CUST000191,Neft,2764.01,success,2026-07-28 21:48:39
TXN0000653,CUST002503,,4722.61,SUCCESS,04-05-2026 20:09
TXN0000654,CUST001406,Bill_Pay,168.07,SUCCESS,02/07/2026 05:25:33
TXN0000655,CUST001518,neft,615.87,Failed,2026-06-05 10:18:11
TXN0000656,CUST000038,IMPS,986.85,success,2026-06-16 18:36:56
TXN0000657,CUST003511,imps,4612.17,FAILED,2026-04-11 23:52:27
TXN0000658,CUST004193,Upi,1146.24,SUCCESS,06-06-2026 22:36
TXN0000659,CUST001574,imps,2772.11,success,03/24/2026 01:42 AM
TXN0000660,CUST004405,Neft,152.46,success,15-02-2026 15:40
TXN0000661,CUST002474,UPI,465.41,SUCCESS,01/05/2026 17:53:46
TXN0000662,CUST004268,bill_pay,3466.32,SUCCESS,2026-03-27 18:15:31
TXN0000663,CUST000101,BILL PAY,540.4,SUCCESS,02/03/2026 04:33:49
TXN0000664,CUST002730,UPI,Rs.677.69,success,12-04-2026 21:15
TXN0000665,CUST001399,BILL PAY,4507.09,SUCCESS,04-02-2026 11:50
TXN0000666,CUST002392,Upi,240.72,SUCCESS,2026-01-09 19:59:56
TXN0000667,CUST005062,Bill_Pay,308.97,success,2026-05-28 05:03:31
TXN0000668,CUST000282,Upi,135.95,SUCCESS,2026-02-16 18:29:48
TXN0000669,CUST000416,IMPS,4771.51,Success,2026-02-01 19:48:57
TXN0000670,CUST002768,Bill_Pay,2234.52,SUCCESS,2026-05-27 14:24:26
TXN0000671,CUST000528,UPI,-2160.55,success,07/07/2026 18:38:27
TXN0000672,CUST005087,upi,450.43,Success,17-07-2026 16:58
TXN0000673,CUST004058,upi,125.53,SUCCESS,2026-03-17 02:51:51
TXN0000674,CUST003008,neft,92.34,SUCCESS,14/03/2026 07:23:23
TXN0000675,CUST002418,NEFT,3502.13,SUCCESS,2026-06-07 07:34:57
TXN0000676,CUST000815,NEFT,1308.57,SUCCESS,26-02-2026 05:22
TXN0000677,CUST002107,Upi,"1,653.61",Success,2026-01-14 22:59:58
TXN0000678,CUST004324,Neft,932.09,FAILED,2026-04-22 05:53:42
TXN0000679,CUST001644,NEFT,269.14,SUCCESS,24-02-2026 11:40
TXN0000680,CUST001978,IMPS,474.94,SUCCESS,02-04-2026 04:08
TXN0000681,CUST003619,neft,203.1,success,01/02/2026 13:07:47
TXN0000682,CUST003377,bill_pay,176.92,SUCCESS,2026-01-31 15:33:39
TXN0000683,CUST004084,Upi,2002.16,Success,22-02-2026 07:05
TXN0000684,CUST001152,IMPS,101.03,success,2026-05-14 15:08:08
TXN0000685,CUST001030,BILL PAY,204.59,Success,2026-07-25 22:27:37
TXN0000686,CUST002827,UPI,507.98,,2026-01-14 20:00:26
TXN0000687,CUST001994,BILL_PAY,Rs.754.80,SUCCESS,03/24/2026 04:44 AM
TXN0000688,CUST004573,NEFT,134.18,success,29-06-2026 14:07
TXN0000689,CUST000747,NEFT,98.34,Timed_Out,2026-04-07 03:52:28
TXN0000690,CUST000235,BILL_PAY,1128.42,SUCCESS,01-07-2026 17:16
TXN0000691,CUST003779,IMPS,870.18,SUCCESS,27/07/2026 15:32:30
TXN0000692,CUST005112,BILL_PAY,3418.54,SUCCESS,07/04/2026 14:03:03
TXN0000693,CUST002153,BILL_PAY,770.28,SUCCESS,14-02-2026 09:13
TXN0000694,CUST004056,BILL PAY,1276.6,FAILED,01/30/2026 03:23 AM
TXN0000695,CUST001805,,286.46,SUCCESS,2026-03-06 08:34:08
TXN0000696,CUST001814,IMPS,300.22,SUCCESS,26-03-2026 19:45
TXN0000697,CUST001634,BILL PAY,149.51,SUCCESS,2026-07-25 20:33:55
TXN0000698,CUST002424,imps,-289.6,SUCCESS,2026-01-01 04:27:08
TXN0000699,CUST001935,Upi,466.87,Success,03/01/2026 21:07:12
TXN0000700,CUST002613,upi,2972.89,Success,2026-04-26 22:50:21
TXN0000701,CUST004330,UPI,244.1,SUCCESS,2026-06-01 20:22:46
TXN0000702,CUST004216,BILL_PAY,8727.02,success,23-03-2026 20:59
TXN0000703,CUST000119,UPI,1423.01,SUCCESS,26/04/2026 00:30:43
TXN0000704,CUST003580,Neft,1092.87,success,2026-02-11 15:04:58
TXN0000705,CUST004307,BILL_PAY,701.05,success,2026-07-25 18:02:09
TXN0000706,CUST001270,IMPS,557.58,SUCCESS,2026-02-13 13:38:00
TXN0000707,CUST001684,NEFT,340.70,SUCCESS,2026-01-13 10:23:55
TXN0000708,CUST001593,Neft,128.54,success,05/06/2026 04:35:30
TXN0000709,CUST000099,upi,253.56,SUCCESS,2026-06-14 03:21:32
TXN0000710,CUST000094,IMPS,4754.94,SUCCESS,2026-06-23 00:02:59
TXN0000711,CUST003437,Upi,"Rs.1,316.56",success,2026-04-24 01:37:48
TXN0000712,CUST001977,IMPS,"4,694.17",Success,2026-04-21 10:30:32
TXN0000713,CUST002586,Imps,330.96,SUCCESS,2026-07-02 07:55:04
TXN0000714,CUST001833,UPI,196.82,SUCCESS,2026-02-02 23:03:55
TXN0000715,CUST004912,upi,692.91,SUCCESS,2026-06-02 09:08:47
TXN0000716,CUST002791,Bill_Pay,264.02,SUCCESS,24/07/2026 02:53:01
TXN0000717,CUST001535,UPI,880.55,FAILED,2026-01-01 13:43:40
TXN0000718,CUST003049,NEFT,102.81,SUCCESS,06/04/2026 07:13:53
TXN0000719,CUST000902,Imps,60.8,Success,2026-04-19 07:06:49
TXN0000720,CUST003050,bill_pay,1041.97,success,02/05/2026 10:54 PM
TXN0000721,CUST000949,NEFT,"4,949.72",Success,29-06-2026 17:15
TXN0000722,CUST003106,upi,1099.73,success,2026-01-07 22:29:50
TXN0000723,CUST004833,Upi,1299.83,success,05-02-2026 03:38
TXN0000724,CUST001243,UPI,728.66,success,25-02-2026 01:59
TXN0000725,CUST001977,IMPS,815.04,SUCCESS,03-04-2026 18:44
TXN0000726,CUST003836,UPI,121.94,SUCCESS,2026-04-03 20:09:01
TXN0000727,CUST004720,,275.16,SUCCESS,05/30/2026 10:45 AM
TXN0000728,CUST002240,BILL_PAY,"Rs.2,931.62",SUCCESS,04/26/2026 05:56 PM
TXN0000729,CUST000380,IMPS,179.33,TIMED_OUT,2026-07-27 23:10:54
TXN0000730,CUST000118,upi,455.01,FAILED,29-03-2026 18:02
TXN0000731,CUST001272,IMPS,2851.83,SUCCESS,2026-02-17 16:28:08
TXN0000732,CUST004261,Neft,788.44,Success,03-06-2026 20:37
TXN0000733,CUST003750,Bill_Pay,Rs.837.53,SUCCESS,2026-01-23 19:02:34
TXN0000734,CUST001827,BILL_PAY,459.0,Success,01-05-2026 03:58
TXN0000735,CUST003834,Imps,"1,555.78",success,14-07-2026 12:49
TXN0000736,CUST000876,Imps,2096.54,Success,31/03/2026 10:06:14
TXN0000737,CUST000318,neft,Rs.259.00,success,07-04-2026 00:42
TXN0000738,CUST004997,,134.63,FAILED,08-07-2026 19:23
TXN0000739,CUST003853,BILL_PAY,73.45,SUCCESS,27-06-2026 05:00
TXN0000740,CUST003046,bill_pay,1223.65,SUCCESS,2026-02-10 10:51:12
TXN0000741,CUST003673,bill_pay,1060.29,FAILED,2026-06-18 19:21:29
TXN0000742,CUST004916,BILL_PAY,13247.97,Success,2026-04-11 14:56:38
TXN0000743,CUST001013,NEFT,733.77,SUCCESS,2026-03-22 14:25:17
TXN0000744,CUST002002,Upi,-590.71,FAILED,27-02-2026 00:35
TXN0000745,CUST002277,NEFT,916.78,SUCCESS,2026-05-05 09:33:59
TXN0000746,CUST002448,neft,978.52,Success,2026-02-23 13:38:22
TXN0000747,CUST003202,neft,0,success,10/04/2026 11:59:49
TXN0000748,CUST000200,IMPS,268.57,SUCCESS,2026-07-20 22:32:51
TXN0000749,CUST001497,Upi,688.02,SUCCESS,17-06-2026 23:37
TXN0000750,CUST002077,Imps,657.9,SUCCESS,20-04-2026 03:33
TXN0000751,CUST000821,Bill_Pay,645.46,SUCCESS,2026-04-11 04:07:25
TXN0000752,CUST000199,BILL_PAY,1774.58,success,2026-03-09 05:24:06
TXN0000753,CUST002516,NEFT,673.46,SUCCESS,2026-04-01 15:40:43
TXN0000754,CUST003321,Imps,137.8,Success,2026-01-16 13:11:18
TXN0000755,CUST004167,NEFT,320.08,success,04/01/2026 19:22:14
TXN0000756,CUST000916,Upi,531.46,success,2026-03-21 17:04:14
TXN0000757,CUST003451,IMPS,711.93,TIMED_OUT,2026-02-04 11:55:37
TXN0000758,CUST004665,Neft,"1,255.93",SUCCESS,16/01/2026 11:21:50
TXN0000759,CUST004743,IMPS,718.65,success,2026-02-26 21:34:35
TXN0000760,CUST002010,upi,62.14,SUCCESS,16/04/2026 16:48:25
TXN0000761,CUST000432,BILL_PAY,155.77,SUCCESS,2026-03-20 02:22:27
TXN0000762,CUST001029,Neft,1366.37,Success,09/03/2026 20:44:38
TXN0000763,CUST003714,NEFT,-514.85,SUCCESS,01/02/2026 01:18 AM
TXN0000764,CUST003623,IMPS,3979.34,TIMED_OUT,2026-04-16 04:57:45
TXN0000765,CUST001688,upi,795.05,TIMED_OUT,2026-04-13 15:45:35
TXN0000766,CUST002260,Imps,443.85,SUCCESS,2026-03-25 07:02:56
TXN0000767,CUST003626,BILL PAY,-318.59,SUCCESS,2026-03-12 03:06:55
TXN0000768,CUST000335,UPI,,SUCCESS,25-05-2026 10:45
TXN0000769,CUST002144,NEFT,806.49,success,20-06-2026 05:53
TXN0000770,CUST001158,IMPS,667.58,SUCCESS,2026-02-15 16:10:21
TXN0000771,CUST000580,upi,2078.63,Success,2026-03-26 00:28:59
TXN0000772,CUST004182,imps,111.96,Success,01-07-2026 04:03
TXN0000773,CUST004689,upi,Rs.128.99,SUCCESS,2026-06-28 11:18:02
TXN0000774,CUST000020,bill_pay,507.9,success,2026-01-31 20:29:30
TXN0000775,CUST005023,BILL PAY,"1,273.79",SUCCESS,2026-01-19 04:19:46
TXN0000776,CUST002847,imps,1654.06,success,2026-07-19 15:56:25
TXN0000777,CUST001230,UPI,333.01,Success,18-06-2026 02:50
TXN0000778,CUST003991,bill_pay,29.69,SUCCESS,2026-02-13 05:42:21
TXN0000779,CUST000629,UPI,345.33,success,2026-03-29 19:49:46
TXN0000780,CUST003426,IMPS,1064.4,Success,18-03-2026 02:53
TXN0000781,CUST000754,UPI,653.03,SUCCESS,11-03-2026 16:05
TXN0000782,CUST003778,IMPS,1332.95,success,2026-03-10 19:20:45
TXN0000783,CUST000792,Upi,2795.83,Success,18/07/2026 20:56:32
TXN0000784,CUST004029,upi,Rs.549.92,SUCCESS,08-02-2026 10:25
TXN0000785,CUST002096,UPI,390.75,SUCCESS,2026-02-15 12:13:49
TXN0000786,CUST000914,BILL PAY,230.04,Success,2026-01-30 14:59:52
TXN0000787,CUST004900,BILL_PAY,128.22,SUCCESS,2026-06-20 05:00:54
TXN0000788,CUST001377,NEFT,Rs.95.94,success,2026-06-05 14:08:57
TXN0000789,CUST000462,NEFT,298.01,success,2026-02-24 05:27:49
TXN0000790,CUST002418,upi,2316.67,success,2026-03-07 12:02:48
TXN0000791,CUST003716,Imps,"1,500.44",SUCCESS,2026-05-02 22:24:40
TXN0000792,CUST000914,neft,370.37,Failed,
TXN0000793,CUST001445,IMPS,8855.29,success,2026-03-25 19:41:01
TXN0000794,CUST000910,NEFT,321.55,FAILED,2026-06-20 13:54:56
TXN0000795,CUST004983,bill_pay,3171.91,Success,2026-03-08 21:25:47
TXN0000796,CUST002277,NEFT,4332.12,SUCCESS,2026-04-07 03:33:09
TXN0000797,CUST005113,Neft,1155.13,Success,04/21/2026 07:05 PM
TXN0000798,CUST001104,BILL_PAY,294.93,success,2026-01-30 18:50:23
TXN0000799,CUST000812,IMPS,429.07,SUCCESS,24-01-2026 16:25
TXN0000800,CUST001372,neft,-830.16,Success,06-06-2026 05:21
TXN0000801,CUST002880,BILL_PAY,132.09,SUCCESS,2026-02-01 10:13:03
TXN0000802,CUST002177,bill_pay,207.28,SUCCESS,2026-05-31 19:13:43
TXN0000803,CUST002354,IMPS,189.37,SUCCESS,07/27/2026 03:00 AM
TXN0000804,CUST004900,imps,1266.46,success,2026-07-07 09:04:54
TXN0000805,CUST003081,BILL_PAY,2759.61,success,2026-01-02 22:58:03
TXN0000806,CUST004016,BILL PAY,"1,576.16",Success,2026-05-14 02:56:55
TXN0000807,CUST000361,imps,2197.9,success,2026-02-26 12:21:57
TXN0000808,CUST000278,Upi,268.23,SUCCESS,22-05-2026 20:58
TXN0000809,CUST001520,BILL PAY,451.59,SUCCESS,2026-03-03 08:23:09
TXN0000810,CUST004789,imps,492.26,success,2026-06-30 10:10:40
TXN0000811,CUST002325,Upi,1149.48,success,05/07/2026 11:11 AM
TXN0000812,CUST002756,imps,8937.43,TIMED_OUT,2026-01-27 03:30:51
TXN0000813,CUST000305,NEFT,307.29,Timed_Out,11/03/2026 10:28:41
TXN0000814,CUST003386,UPI,2025.17,success,29-05-2026 12:17
TXN0000815,CUST005067,BILL_PAY,4163.71,SUCCESS,2026-03-03 07:16:26
TXN0000816,CUST004374,UPI,1223.42,Success,2026-07-22 10:47:07
TXN0000817,CUST002594,BILL PAY,429.26,FAILED,2026-03-27 17:37:56
TXN0000818,CUST000062,Imps,242.97,SUCCESS,17/02/2026 05:28:44
TXN0000819,CUST002980,Bill_Pay,189.85,success,24/05/2026 23:09:30
TXN0000820,CUST000007,imps,62.83,Success,2026-05-26 15:53:40
TXN0000821,CUST001089,UPI,Rs.510.04,Failed,26-02-2026 09:47
TXN0000822,CUST001581,,477.15,SUCCESS,12-03-2026 00:07
TXN0000823,CUST003741,Imps,1867.9,failed,19-04-2026 22:11
TXN0000824,CUST002791,IMPS,330.4,success,13/05/2026 19:23:05
TXN0000825,CUST004477,UPI,544.27,Success,19-02-2026 08:15
TXN0000826,CUST002532,imps,933.64,SUCCESS,17/06/2026 10:51:10
TXN0000827,CUST002647,BILL_PAY,1198.91,SUCCESS,27-02-2026 17:09
TXN0000828,CUST004028,Bill_Pay,1606.56,SUCCESS,07/01/2026 06:38 AM
TXN0000829,CUST004665,NEFT,826.52,timed_out,20-06-2026 07:37
TXN0000830,CUST001854,UPI,140.3,FAILED,2026-03-07 05:29:59
TXN0000831,CUST001648,Bill_Pay,1074.52,SUCCESS,02/21/2026 07:44 PM
TXN0000832,CUST000168,IMPS,304.41,Success,2026-01-21 06:02:50
TXN0000833,CUST005134,Imps,"Rs.2,939.34",success,2026-04-28 06:11:50
TXN0000834,CUST000497,IMPS,682.34,SUCCESS,07-04-2026 09:09
TXN0000835,CUST000652,IMPS,887.94,Success,2026-01-09 06:06:55
TXN0000836,CUST002991,BILL PAY,0,,29-05-2026 23:02
TXN0000837,CUST001432,BILL_PAY,1642.56,SUCCESS,2026-04-11 05:53:13
TXN0000838,CUST003073,BILL PAY,"1,050.89",Success,2026-05-19 01:50:56
TXN0000839,CUST000308,bill_pay,563.32,SUCCESS,2026-02-24 15:25:12
TXN0000840,CUST001935,NEFT,153.06,SUCCESS,2026-02-27 06:44:09
TXN0000841,CUST003160,IMPS,-517.58,success,2026-03-22 00:18:49
TXN0000842,CUST003567,imps,239.7,success,2026-04-28 23:02:12
TXN0000843,CUST004084,IMPS,4933.9,SUCCESS,31-05-2026 23:29
TXN0000844,CUST002386,IMPS,"Rs.1,068.07",SUCCESS,2026-02-16 17:17:24
TXN0000845,CUST003312,UPI,2796.04,success,2026-03-16 14:52:06
TXN0000846,CUST001914,upi,319.98,SUCCESS,19-01-2026 19:10
TXN0000847,CUST001655,NEFT,259.34,TIMED_OUT,05/28/2026 05:24 PM
TXN0000848,CUST004764,Imps,1448.0,success,2026-05-30 07:08:10
TXN0000849,CUST000628,BILL PAY,229.3,SUCCESS,2026-03-24 04:25:04
TXN0000850,CUST004555,IMPS,393.49,failed,12/06/2026 23:29:44
TXN0000851,CUST001636,bill_pay,5283.57,FAILED,10-04-2026 17:40
TXN0000852,CUST003847,BILL_PAY,411.76,SUCCESS,2026-03-10 20:12:15
TXN0000853,CUST001404,bill_pay,121.26,,20-04-2026 05:48
TXN0000854,CUST001904,IMPS,Rs.80.40,SUCCESS,05-05-2026 17:28
TXN0000855,CUST003670,bill_pay,106.61,SUCCESS,2026-03-01 14:54:10
TXN0000856,CUST005034,BILL_PAY,3026.31,success,15-07-2026 14:36
TXN0000857,CUST004179,IMPS,343.01,SUCCESS,01-02-2026 05:31
TXN0000858,CUST002746,BILL PAY,14326.11,SUCCESS,2026-05-03 15:20:09
TXN0000859,CUST003347,Upi,4232.43,SUCCESS,24/02/2026 06:45:36
TXN0000860,CUST002918,BILL PAY,7385.78,success,2026-06-03 19:19:29
TXN0000861,CUST004827,bill_pay,2273.04,Success,2026-04-28 18:14:07
TXN0000862,CUST003739,BILL_PAY,1354.29,Success,2026-02-20 15:22:03
TXN0000863,CUST001090,BILL PAY,249.18,SUCCESS,01-03-2026 09:37
TXN0000864,CUST004190,BILL_PAY,662.45,SUCCESS,13-07-2026 16:55
TXN0000865,CUST004965,NEFT,1534.05,success,15/01/2026 13:01:47
TXN0000866,CUST004961,imps,2093.03,success,2026-07-30 08:53:03
TXN0000867,CUST001549,IMPS,169.01,SUCCESS,2026-01-05 01:52:51
TXN0000868,CUST004056,IMPS,527.22,SUCCESS,2026-01-20 06:42:28
TXN0000869,CUST001569,Imps,602.32,SUCCESS,2026-04-08 03:57:20
TXN0000870,CUST004980,UPI,574.73,SUCCESS,05/15/2026 12:50 AM
TXN0000871,CUST003781,UPI,194.61,SUCCESS,2026-05-02 16:32:58
TXN0000872,CUST001692,BILL_PAY,-6154.33,Success,2026-06-18 00:05:33
TXN0000873,CUST001813,BILL_PAY,506.85,Success,09/04/2026 01:34:45
TXN0000874,CUST005145,imps,210.33,SUCCESS,28-03-2026 09:19
TXN0000875,CUST002410,Bill_Pay,6383.7,Success,2026-07-06 01:50:53
TXN0000876,CUST004571,NEFT,4238.19,SUCCESS,2026-04-21 00:59:57
TXN0000877,CUST002634,IMPS,787.66,success,2026-04-25 10:53:31
TXN0000878,CUST004391,NEFT,79.67,Failed,2026-06-13 13:50:00
TXN0000879,CUST001656,BILL_PAY,380.22,Failed,2026-04-11 05:30:46
TXN0000880,CUST001574,UPI,98.14,Success,03-03-2026 04:30
TXN0000881,CUST003971,Bill_Pay,1231.91,Success,13-01-2026 01:31
TXN0000882,CUST001125,Upi,350.99,SUCCESS,27-01-2026 13:58
TXN0000883,CUST001519,bill_pay,643.54,SUCCESS,11-03-2026 00:21
TXN0000884,CUST000588,Upi,5578.65,SUCCESS,2026-02-20 12:21:15
TXN0000885,CUST002669,UPI,322.9,SUCCESS,2026-05-10 05:21:50
TXN0000886,CUST002857,Upi,1167.39,Success,01/04/2026 06:26 AM
TXN0000887,CUST003739,Upi,1667.86,TIMEDOUT,30-05-2026 05:04
TXN0000888,CUST003656,bill_pay,2899.58,SUCCESS,06/27/2026 02:57 AM
TXN0000889,CUST002865,UPI,589.82,Success,2026-04-24 02:33:30
TXN0000890,CUST002984,Neft,520.92,SUCCESS,2026-01-09 04:25:49
TXN0000891,CUST000126,bill_pay,-506.86,success,2026-02-02 17:18:59
TXN0000892,CUST003394,upi,1033.64,SUCCESS,04/04/2026 22:28:15
TXN0000893,CUST001582,upi,3988.72,SUCCESS,10-01-2026 18:59
TXN0000894,CUST004545,Imps,480.42,SUCCESS,2026-06-28 07:17:54
TXN0000895,CUST001515,,36.27,SUCCESS,11-01-2026 18:28
TXN0000896,CUST004547,,1921.49,FAILED,10-03-2026 14:08
TXN0000897,CUST004970,IMPS,720.82,failed,04/17/2026 12:09 PM
TXN0000898,CUST000534,IMPS,1235.37,SUCCESS,2026-02-20 15:38:17
TXN0000899,CUST004168,NEFT,102.0,SUCCESS,2026-04-24 01:41:14
TXN0000900,CUST003107,imps,352.53,timed_out,2026-04-07 21:21:57
TXN0000901,CUST004598,upi,1725.23,success,2026-07-11 12:47:11
TXN0000902,CUST004995,upi,147.65,SUCCESS,2026-04-10 20:21:49
TXN0000903,CUST003669,BILL_PAY,1164.11,Success,22/07/2026 18:55:06
TXN0000904,CUST001748,upi,637.29,SUCCESS,2026-02-12 16:17:17
TXN0000905,CUST002394,IMPS,0,,
TXN0000906,CUST002148,neft,251.56,SUCCESS,2026-04-16 16:47:40
TXN0000907,CUST000977,IMPS,196.57,FAILED,26/01/2026 09:55:27
TXN0000908,CUST004893,IMPS,716.24,Success,2026-02-05 07:08:36
TXN0000909,CUST003704,imps,821.99,Success,2026-07-07 00:07:28
TXN0000910,CUST004871,BILL_PAY,428.19,success,2026-02-16 04:05:48
TXN0000911,CUST003437,Bill_Pay,183.72,SUCCESS,01/31/2026 11:33 PM
TXN0000912,CUST000408,bill_pay,19.97,Failed,2026-06-10 08:35:49
TXN0000913,CUST000544,upi,1123.13,SUCCESS,2026-03-30 05:02:59
TXN0000914,CUST000411,UPI,1967.9,success,30-03-2026 10:25
TXN0000915,CUST003200,,1398.26,SUCCESS,2026-05-29 22:00:08
TXN0000916,CUST004655,Upi,7855.7,SUCCESS,2026-03-31 14:11:08
TXN0000917,CUST004040,Bill_Pay,534.07,SUCCESS,26-06-2026 22:22
TXN0000918,CUST000511,NEFT,3462.87,SUCCESS,2026-05-27 00:01:37
TXN0000919,CUST000355,IMPS,306.39,SUCCESS,2026-06-29 05:51:04
TXN0000920,CUST005199,Neft,254.93,Success,01/15/2026 12:25 PM
TXN0000921,CUST002661,NEFT,770.63,Success,31-05-2026 08:28
TXN0000922,CUST003679,Imps,4673.27,failed,25-04-2026 11:22
TXN0000923,CUST000172,BILL_PAY,,timed_out,2026-06-08 09:52:56
TXN0000924,CUST003945,BILL_PAY,101.92,SUCCESS,17/04/2026 03:13:12
TXN0000925,CUST003321,imps,1919.33,success,14-03-2026 14:34
TXN0000926,CUST004258,BILL PAY,605.83,Success,2026-04-01 00:26:51
TXN0000927,CUST001955,BILL PAY,951.94,Success,17-05-2026 07:27
TXN0000928,CUST004036,upi,269.85,SUCCESS,2026-07-28 08:30:35
TXN0000929,CUST001710,upi,761.98,Success,2026-07-27 14:07:48
TXN0000930,CUST000516,BILL_PAY,118.4,Success,2026-06-09 17:19:09
TXN0000931,CUST002960,UPI,6297.81,success,2026-01-26 07:53:16
TXN0000932,CUST001916,imps,2431.0,success,2026-03-06 23:50:21
TXN0000933,CUST004741,Imps,Rs.721.57,Success,2026-01-30 22:26:07
TXN0000934,CUST005127,NEFT,"1,850.72",SUCCESS,2026-03-25 04:00:02
TXN0000935,CUST003868,,307.27,success,2026-03-24 21:00:49
TXN0000936,CUST004140,neft,,FAILED,2026-04-18 12:55:22
TXN0000937,CUST000390,Neft,445.09,Success,2026-02-21 01:27:34
TXN0000938,CUST003110,Upi,409.78,FAILED,13/01/2026 17:09:38
TXN0000939,CUST003475,UPI,211.42,SUCCESS,2026-07-23 08:15:40
TXN0000940,CUST002995,BILL_PAY,1105.79,Success,2026-05-27 02:27:20
TXN0000941,CUST003113,BILL_PAY,684.76,Timed_Out,2026-05-24 06:42:29
TXN0000942,CUST003813,Neft,3621.58,Success,07/12/2026 05:30 PM
TXN0000943,CUST004637,Bill_Pay,185.88,failed,2026-04-28 21:27:47
TXN0000944,CUST000524,imps,1112.06,SUCCESS,06-01-2026 10:24
TXN0000945,CUST002289,upi,2765.19,Success,2026-06-20 08:57:19
TXN0000946,CUST003744,Imps,14875.58,Failed,2026-03-18 00:58:29
TXN0000947,CUST004135,imps,839.88,SUCCESS,2026-05-09 03:33:13
TXN0000948,CUST000725,NEFT,435.37,Success,2026-01-14 09:56:28
TXN0000949,CUST005096,BILL_PAY,Rs.814.16,Success,19/01/2026 01:01:16
TXN0000950,CUST002872,upi,3232.84,,30-01-2026 23:21
TXN0000951,CUST000194,neft,3230.97,Success,19-06-2026 21:43
TXN0000952,CUST002691,Bill_Pay,577.27,Success,07-04-2026 12:25
TXN0000953,CUST003929,Imps,3153.89,success,2026-05-17 22:18:26
TXN0000954,CUST000480,BILL_PAY,647.14,success,18/03/2026 17:07:32
TXN0000955,CUST002039,BILL_PAY,1823.92,SUCCESS,06/19/2026 11:30 PM
TXN0000956,CUST000746,Neft,"1,281.88",Success,2026-04-07 04:20:35
TXN0000957,CUST001804,upi,415.67,SUCCESS,2026-01-22 23:52:05
TXN0000958,CUST001248,bill_pay,219.89,success,2026-03-13 16:23:06
TXN0000959,CUST004739,UPI,2865.76,SUCCESS,01/24/2026 04:57 AM
TXN0000960,CUST003558,Bill_Pay,4128.13,SUCCESS,16-05-2026 00:23
TXN0000961,CUST004737,Neft,1079.74,SUCCESS,27-07-2026 00:25
TXN0000962,CUST002629,NEFT,646.11,SUCCESS,08-02-2026 09:10
TXN0000963,CUST001181,NEFT,161.6,Success,07/06/2026 07:31 PM
TXN0000964,CUST003584,imps,2766.16,SUCCESS,2026-07-18 12:06:57
TXN0000965,CUST003208,neft,934.44,SUCCESS,2026-07-12 16:17:18
TXN0000966,CUST004624,Imps,487.51,SUCCESS,10-05-2026 16:25
TXN0000967,CUST000386,Bill_Pay,1892.32,Success,2026-05-01 09:52:17
TXN0000968,CUST002633,Imps,132.27,SUCCESS,27-03-2026 02:51
TXN0000969,CUST002112,IMPS,200.26,success,2026-03-09 22:09:54
TXN0000970,CUST000534,Imps,294.92,SUCCESS,2026-04-29 15:48:16
TXN0000971,CUST000973,BILL_PAY,1232.36,FAILED,2026-06-19 05:06:32
TXN0000972,CUST003608,Bill_Pay,825.09,SUCCESS,15-03-2026 07:04
TXN0000973,CUST003375,BILL_PAY,"1,424.63",SUCCESS,03/09/2026 08:44 AM
TXN0000974,CUST002291,UPI,"2,519.06",Failed,2026-05-23 09:35:37
TXN0000975,CUST001748,NEFT,1490.83,SUCCESS,26-06-2026 06:47
TXN0000976,CUST002321,Upi,6501.96,Success,2026-07-05 11:28:14
TXN0000977,CUST000966,BILL_PAY,2511.15,SUCCESS,17/07/2026 22:46:34
TXN0000978,CUST003524,Upi,-575.67,success,07-02-2026 00:14
TXN0000979,CUST000973,NEFT,349.89,SUCCESS,19-03-2026 16:59
TXN0000980,CUST002304,NEFT,596.67,failed,2026-07-02 23:06:41
TXN0000981,CUST002730,Neft,"Rs.1,558.29",SUCCESS,2026-07-25 07:05:50
TXN0000982,CUST000842,UPI,394.42,FAILED,05/09/2026 09:19 AM
TXN0000983,CUST003323,Imps,1614.16,SUCCESS,21-02-2026 11:25
TXN0000984,CUST000088,NEFT,1391.92,TIMED_OUT,2026-07-21 09:37:33
TXN0000985,CUST000698,neft,216.47,success,2026-06-14 14:18:35
TXN0000986,CUST001345,NEFT,2448.37,SUCCESS,2026-03-10 07:41:26
TXN0000987,CUST001294,bill_pay,1033.54,SUCCESS,2026-03-12 12:57:44
TXN0000988,CUST000506,NEFT,6037.95,SUCCESS,2026-01-01 23:57:22
TXN0000989,CUST004745,Neft,Rs.649.82,success,2026-04-30 04:38:15
TXN0000990,CUST003855,NEFT,462.29,SUCCESS,11/04/2026 00:00:31
TXN0000991,CUST000797,Imps,187.84,success,2026-03-21 10:12:28
TXN0000992,CUST004061,UPI,184.68,success,29/03/2026 12:31:08
TXN0000993,CUST002863,UPI,2080.51,failed,18-02-2026 03:18
TXN0000994,CUST003582,NEFT,5180.91,SUCCESS,04/06/2026 04:20:46
TXN0000995,CUST000219,,586.79,success,2026-03-11 09:13:57
TXN0000996,CUST004916,IMPS,543.17,success,2026-06-12 02:05:44
TXN0000997,CUST002326,UPI,Rs.723.47,success,2026-07-09 17:00:55
TXN0000998,CUST002299,UPI,2681.83,SUCCESS,27-03-2026 01:33
TXN0000999,CUST001069,NEFT,218.59,Success,16-05-2026 19:00
TXN0001000,CUST004025,Imps,885.4,FAILED,2026-05-19 14:47:17
TXN0001001,CUST000261,Imps,2143.59,Failed,2026-03-02 16:41:20
TXN0001002,CUST003100,Imps,1213.56,Success,06/03/2026 14:35:37
TXN0001003,CUST000282,NEFT,25.95,SUCCESS,24-03-2026 04:59
TXN0001004,CUST004234,BILL_PAY,1500.35,Success,2026-04-18 15:47:45
TXN0001005,CUST001204,bill_pay,1228.37,FAILED,30-01-2026 08:02
TXN0001006,CUST003165,BILL_PAY,3457.81,SUCCESS,2026-04-28 21:10:59
TXN0001007,CUST003637,IMPS,4604.24,SUCCESS,2026-07-05 13:20:12
TXN0001008,CUST004075,Upi,"3,222.45",SUCCESS,2026-07-23 02:03:39
TXN0001009,CUST004036,upi,728.16,SUCCESS,2026-07-10 19:45:47
TXN0001010,CUST003543,Neft,97.28,SUCCESS,2026-06-22 22:24:06
TXN0001011,CUST003042,bill_pay,9001.36,TIMED_OUT,2026-03-25 16:36:22
TXN0001012,CUST004892,upi,538.58,Success,25-01-2026 20:40
TXN0001013,CUST004913,BILL_PAY,700.87,SUCCESS,2026-05-28 19:39:31
TXN0001014,CUST001957,BILL_PAY,5085.06,success,2026-03-02 01:56:46
TXN0001015,CUST000298,imps,-272.88,,2026-05-03 08:42:58
TXN0001016,CUST001074,BILL PAY,136.45,Success,2026-03-10 23:53:38
TXN0001017,CUST001914,BILL_PAY,397.36,TIMED_OUT,2026-07-23 01:18:45
TXN0001018,CUST002596,IMPS,289.77,SUCCESS,
TXN0001019,CUST004848,NEFT,123.03,SUCCESS,04-06-2026 04:07
TXN0001020,CUST003330,UPI,602.01,SUCCESS,2026-04-16 06:28:12
TXN0001021,CUST002812,Bill_Pay,-734.31,SUCCESS,28/06/2026 01:06:12
TXN0001022,CUST002665,neft,115.69,SUCCESS,2026-04-06 06:09:56
TXN0001023,CUST004663,Imps,458.95,Success,27/02/2026 14:54:52
TXN0001024,CUST004830,Upi,269.73,SUCCESS,2026-03-09 07:43:44
TXN0001025,CUST001787,UPI,70.09,Failed,2026-03-03 10:55:47
TXN0001026,CUST002570,bill_pay,763.59,success,2026-03-16 12:45:42
TXN0001027,CUST000934,bill_pay,859.06,SUCCESS,02-07-2026 19:30
TXN0001028,CUST001497,Bill_Pay,Rs.269.79,SUCCESS,10-01-2026 09:33
TXN0001029,CUST002540,upi,2419.24,SUCCESS,22-06-2026 09:36
TXN0001030,CUST004046,IMPS,682.37,SUCCESS,07-01-2026 18:02
TXN0001031,CUST003378,Upi,284.27,Success,16-03-2026 23:00
TXN0001032,CUST000430,NEFT,108.15,Success,19-07-2026 23:10
TXN0001033,CUST003386,BILL PAY,916.49,Success,2026-03-03 19:10:39
TXN0001034,CUST003175,BILL_PAY,1224.72,Success,03/09/2026 02:27 PM
TXN0001035,CUST001652,neft,372.53,SUCCESS,23/02/2026 20:44:52
TXN0001036,CUST001762,neft,793.26,SUCCESS,24-05-2026 03:16
TXN0001037,CUST002579,upi,"4,603.93",success,2026-01-23 03:18:51
TXN0001038,CUST003714,NEFT,1951.21,SUCCESS,2026-01-20 17:01:01
TXN0001039,CUST003122,BILL PAY,50.29,SUCCESS,2026-01-04 23:28:42
TXN0001040,CUST002189,Neft,280.62,success,2026-06-30 02:11:31
TXN0001041,CUST002926,imps,568.21,SUCCESS,2026-01-23 11:03:59
TXN0001042,CUST004702,imps,729.4,success,2026-07-24 18:27:38
TXN0001043,CUST003688,Imps,814.35,,08/01/2026 08:11:03
TXN0001044,CUST005180,upi,1130.4,SUCCESS,08/05/2026 21:06:24
TXN0001045,CUST002017,Upi,590.93,,2026-07-13 14:20:45
TXN0001046,CUST002791,IMPS,680.36,FAILED,2026-03-16 11:17:03
TXN0001047,CUST001234,IMPS,"2,087.59",success,20/07/2026 07:12:46
TXN0001048,CUST000073,Upi,938.75,SUCCESS,2026-02-06 23:56:52
TXN0001049,CUST002954,neft,168.6,success,14-07-2026 02:18
TXN0001050,CUST001593,imps,757.69,success,14-01-2026 09:14
TXN0001051,CUST003436,BILL PAY,570.07,SUCCESS,2026-06-10 20:00:39
TXN0001052,CUST001866,bill_pay,Rs.69.53,Success,2026-07-13 05:58:51
TXN0001053,CUST001264,neft,805.79,Success,10-07-2026 08:45
TXN0001054,CUST003315,imps,193.79,SUCCESS,16-03-2026 13:30
TXN0001055,CUST001820,Bill_Pay,2128.87,Success,2026-04-20 03:31:00
TXN0001056,CUST001462,IMPS,1110.58,SUCCESS,
TXN0001057,CUST000080,UPI,158.80,Success,27-05-2026 08:08
TXN0001058,CUST000793,BILL PAY,2004.17,success,22-02-2026 17:15
TXN0001059,CUST000758,Neft,3536.73,SUCCESS,2026-02-21 05:57:19
TXN0001060,CUST004121,neft,492.72,Success,23-05-2026 13:12
TXN0001061,CUST001028,Bill_Pay,566.13,SUCCESS,2026-06-23 09:31:19
TXN0001062,CUST003830,UPI,1759.83,SUCCESS,2026-01-27 12:00:44
TXN0001063,CUST003486,IMPS,3181.82,success,2026-05-23 22:52:56
TXN0001064,CUST001727,Bill_Pay,90.47,success,2026-03-01 03:11:30
TXN0001065,CUST000717,upi,179.62,success,
TXN0001066,CUST001453,NEFT,406.27,SUCCESS,2026-05-12 23:24:29
TXN0001067,CUST001693,upi,459.6,success,2026-07-08 10:37:11
TXN0001068,CUST000240,neft,1695.26,Success,28/04/2026 21:55:01
TXN0001069,CUST004309,NEFT,3204.69,Success,30-03-2026 06:39
TXN0001070,CUST005050,BILL_PAY,3550.42,Success,2026-02-23 08:27:03
TXN0001071,CUST004666,neft,88.22,Success,2026-07-01 00:04:19
TXN0001072,CUST001357,neft,,success,01/07/2026 04:01:02
TXN0001073,CUST005176,imps,151.23,TIMED_OUT,23-05-2026 12:28
TXN0001074,CUST003289,bill_pay,326.7,success,18-03-2026 14:10
TXN0001075,CUST001837,Imps,0,SUCCESS,02/19/2026 12:43 PM
TXN0001076,CUST001123,IMPS,1106.41,SUCCESS,2026-07-13 17:41:29
TXN0001077,CUST001118,imps,,Success,2026-02-08 07:23:26
TXN0001078,CUST000495,Neft,670.29,SUCCESS,07/07/2026 01:41 PM
TXN0001079,CUST004283,BILL_PAY,598.22,Success,2026-01-11 17:38:14
TXN0001080,CUST002948,UPI,426.66,SUCCESS,24-05-2026 14:30
TXN0001081,CUST005080,bill_pay,487.58,SUCCESS,24/04/2026 14:35:08
TXN0001082,CUST002205,BILL_PAY,4529.54,failed,26-03-2026 08:49
TXN0001083,CUST003400,Upi,1535.09,Success,2026-07-31 05:31:13
TXN0001084,CUST000150,upi,445.6,Success,2026-03-06 05:05:39
TXN0001085,CUST001510,neft,584.78,Success,13/02/2026 12:24:46
TXN0001086,CUST003540,BILL_PAY,1138.26,success,2026-04-11 10:01:10
TXN0001087,CUST003541,BILL_PAY,158.74,success,2026-07-28 16:07:34
TXN0001088,CUST000419,Bill_Pay,789.6,SUCCESS,2026-02-12 01:56:20
TXN0001089,CUST002118,IMPS,1430.33,SUCCESS,07-03-2026 03:48
TXN0001090,CUST002913,bill_pay,1213.2,Success,2026-03-01 05:55:15
TXN0001091,CUST005153,upi,258.44,success,14/03/2026 12:04:51
TXN0001092,CUST002022,upi,315.76,SUCCESS,2026-01-15 20:49:44
TXN0001093,CUST003520,NEFT,61.86,success,2026-01-17 11:34:09
TXN0001094,CUST002129,IMPS,1631.89,Success,05/13/2026 02:56 AM
TXN0001095,CUST002656,Imps,-8013.63,SUCCESS,2026-04-29 17:29:23
TXN0001096,CUST003086,bill_pay,220.69,success,15-02-2026 14:03
TXN0001097,CUST002273,UPI,2492.77,SUCCESS,2026-03-31 23:59:05
TXN0001098,CUST002727,UPI,-6974.51,success,2026-03-08 19:17:24
TXN0001099,CUST004842,IMPS,380.55,success,02/02/2026 23:46:09
TXN0001100,CUST003107,neft,585.73,SUCCESS,2026-04-18 13:48:13
TXN0001101,CUST000564,upi,901.89,SUCCESS,2026-05-11 09:33:59
TXN0001102,CUST000495,IMPS,1165.88,Failed,05/29/2026 08:50 AM
TXN0001103,CUST000181,NEFT,962.62,Success,2026-03-13 06:47:52
TXN0001104,CUST001122,NEFT,Rs.415.72,Success,23/01/2026 16:28:10
TXN0001105,CUST004111,BILL_PAY,1402.32,failed,2026-02-05 11:08:01
TXN0001106,CUST003704,UPI,426.86,Success,12/04/2026 11:02:07
TXN0001107,CUST003192,neft,1045.78,SUCCESS,25/04/2026 16:39:40
TXN0001108,CUST001018,Imps,642.19,FAILED,17/01/2026 08:43:37
TXN0001109,CUST002557,upi,79.23,SUCCESS,2026-07-22 02:12:01
TXN0001110,CUST003183,UPI,3023.91,SUCCESS,2026-03-08 21:29:40
TXN0001111,CUST003930,NEFT,325.45,SUCCESS,14/04/2026 10:14:56
TXN0001112,CUST004450,Bill_Pay,3461.04,success,2026-02-22 09:45:00
TXN0001113,CUST001121,Bill_Pay,2362.01,TIMED_OUT,05/08/2026 03:43 AM
TXN0001114,CUST002995,NEFT,869.47,success,2026-01-10 22:30:12
TXN0001115,CUST003087,IMPS,1243.08,SUCCESS,
TXN0001116,CUST004848,Imps,1442.68,timed_out,2026-04-17 11:09:07
TXN0001117,CUST001890,UPI,524.89,success,2026-03-06 14:45:54
TXN0001118,CUST000695,IMPS,554.72,Success,26/05/2026 11:08:18
TXN0001119,CUST000103,upi,1355.96,Success,2026-04-09 17:28:00
TXN0001120,CUST004528,BILL_PAY,Rs.19.52,failed,2026-06-19 20:51:02
TXN0001121,CUST001354,Upi,650.38,SUCCESS,2026-03-04 12:37:02
TXN0001122,CUST004116,Imps,417.29,SUCCESS,01-06-2026 08:04
TXN0001123,CUST004705,BILL PAY,263.1,SUCCESS,2026-02-18 14:08:16
TXN0001124,CUST000042,BILL_PAY,1084.05,Success,27-03-2026 20:31
TXN0001125,CUST002545,NEFT,Rs.313.54,Success,2026-04-15 14:45:50
TXN0001126,CUST001091,UPI,1872.21,timed_out,08-07-2026 13:42
TXN0001127,CUST002129,IMPS,2087.56,success,14-01-2026 13:02
TXN0001128,CUST000056,UPI,1231.15,SUCCESS,2026-04-08 04:42:03
TXN0001129,CUST001519,imps,1587.82,Success,
TXN0001130,CUST002516,neft,1235.73,Success,30-03-2026 02:58
TXN0001131,CUST000410,IMPS,"1,738.00",Success,2026-02-08 02:39:39
TXN0001132,CUST002155,IMPS,1644.43,SUCCESS,2026-03-01 23:00:05
TXN0001133,CUST000226,Imps,"1,014.08",Success,05-04-2026 21:18
TXN0001134,CUST002548,imps,2402.3,SUCCESS,01/01/2026 14:44:55
TXN0001135,CUST003697,Upi,546.93,Success,2026-01-29 21:02:41
TXN0001136,CUST004996,BILL_PAY,272.09,success,02/03/2026 05:37:55
TXN0001137,CUST004530,BILL PAY,Rs.257.01,Success,2026-03-08 22:15:57
TXN0001138,CUST002447,NEFT,459.64,Failed,2026-07-02 20:45:10
TXN0001139,CUST004221,Bill_Pay,,SUCCESS,06/30/2026 02:37 PM
TXN0001140,CUST001435,IMPS,859.16,Success,23-01-2026 14:32
TXN0001141,CUST002906,neft,-1467.18,Success,2026-02-27 11:35:24
TXN0001142,CUST000203,bill_pay,2048.95,success,05/05/2026 10:19 AM
TXN0001143,CUST001875,NEFT,96.63,Success,15-01-2026 01:26
TXN0001144,CUST000065,IMPS,266.33,Success,07/10/2026 01:13 PM
TXN0001145,CUST002501,neft,"1,799.69",Success,19/01/2026 20:19:48
TXN0001146,CUST000733,upi,527.11,Success,29-03-2026 07:23
TXN0001147,CUST002084,imps,1425.82,Timed_Out,2026-07-04 17:27:44
TXN0001148,CUST001304,Upi,150.34,SUCCESS,
TXN0001149,CUST003637,NEFT,3404.29,success,2026-03-22 04:13:31
TXN0001150,CUST000123,UPI,138.3,FAILED,29/05/2026 23:28:00
TXN0001151,CUST003377,BILL PAY,17.75,success,20-06-2026 09:34
TXN0001152,CUST004142,upi,829.33,success,2026-03-30 18:06:48
TXN0001153,CUST004426,IMPS,855.42,success,24-07-2026 02:35
TXN0001154,CUST004165,,368.72,success,2026-07-27 13:46:40
TXN0001155,CUST004578,Neft,"Rs.1,178.07",Success,22/04/2026 07:14:05
TXN0001156,CUST004670,neft,"1,219.95",success,2026-01-01 00:21:17
TXN0001157,CUST001936,UPI,-1065.18,Success,2026-03-06 07:07:51
TXN0001158,CUST003494,IMPS,,SUCCESS,2026-02-14 02:42:25
TXN0001159,CUST002561,Neft,-288.98,,26-06-2026 06:23
TXN0001160,CUST002923,UPI,407.02,success,2026-01-26 13:52:46
TXN0001161,CUST002398,upi,247.92,SUCCESS,2026-03-13 15:51:05
TXN0001162,CUST002620,neft,2553.54,success,2026-06-26 06:07:41
TXN0001163,CUST001360,Bill_Pay,448.78,Success,20/06/2026 06:06:33
TXN0001164,CUST000219,imps,801.29,Success,13/06/2026 17:26:41
TXN0001165,CUST005171,NEFT,1790.26,Success,24/01/2026 16:53:45
TXN0001166,CUST001021,Bill_Pay,234.97,SUCCESS,2026-05-25 16:22:23
TXN0001167,CUST004048,Bill_Pay,,SUCCESS,14-06-2026 01:17
TXN0001168,CUST003783,UPI,248.86,SUCCESS,2026-05-17 18:26:55
TXN0001169,CUST001748,UPI,911.48,success,2026-02-16 12:03:52
TXN0001170,CUST004926,upi,839.08,FAILED,19/04/2026 09:24:25
TXN0001171,CUST000656,BILL PAY,1062.69,SUCCESS,2026-06-30 00:55:07
TXN0001172,CUST003321,BILL_PAY,-587.65,Success,2026-03-16 11:35:21
TXN0001173,CUST004085,UPI,35.64,SUCCESS,2026-02-15 07:53:55
TXN0001174,CUST002738,NEFT,566.15,success,24-07-2026 07:18
TXN0001175,CUST004530,BILL_PAY,2118.53,TIMED_OUT,2026-03-08 07:16:29
TXN0001176,CUST000163,upi,2931.76,SUCCESS,21/01/2026 00:53:52
TXN0001177,CUST001159,IMPS,739.81,Success,16/03/2026 13:30:07
TXN0001178,CUST000504,upi,842.84,SUCCESS,2026-04-17 05:42:11
TXN0001179,CUST001084,Bill_Pay,1392.6,SUCCESS,07/07/2026 13:00:53
TXN0001180,CUST003268,bill_pay,2820.48,success,2026-04-12 13:11:10
TXN0001181,CUST002101,neft,665.56,SUCCESS,23-04-2026 18:21
TXN0001182,CUST003573,,1368.47,success,18-02-2026 08:18
TXN0001183,CUST004105,IMPS,343.56,success,23/07/2026 11:49:06
TXN0001184,CUST000578,NEFT,153.72,Success,25/07/2026 11:36:01
TXN0001185,CUST003031,NEFT,386.1,SUCCESS,2026-02-27 02:08:10
TXN0001186,CUST000554,bill_pay,3800.78,SUCCESS,2026-05-04 08:59:21
TXN0001187,CUST002509,IMPS,1403.39,SUCCESS,2026-07-27 10:48:38
TXN0001188,CUST001741,IMPS,169.59,FAILED,2026-07-29 21:16:48
TXN0001189,CUST004751,NEFT,1487.09,SUCCESS,2026-01-10 06:54:07
TXN0001190,CUST004627,bill_pay,183.79,SUCCESS,21-07-2026 02:45
TXN0001191,CUST002006,IMPS,1044.92,SUCCESS,06/24/2026 05:43 AM
TXN0001192,CUST005072,Bill_Pay,225.32,success,2026-06-18 14:26:19
TXN0001193,CUST000212,BILL PAY,159.61,success,11/06/2026 01:29:18
TXN0001194,CUST004887,IMPS,4775.28,success,03-07-2026 07:05
TXN0001195,CUST002249,imps,448.39,SUCCESS,04/05/2026 18:41:31
TXN0001196,CUST004147,UPI,1371.73,SUCCESS,10-01-2026 00:47
TXN0001197,CUST002187,NEFT,698.62,success,27-06-2026 03:15
TXN0001198,CUST001813,imps,Rs.199.81,success,07-01-2026 12:33
TXN0001199,CUST003027,bill_pay,505.57,SUCCESS,06-05-2026 13:36
TXN0001200,CUST001898,upi,201.70,success,04/07/2026 06:28 AM
TXN0001201,CUST004429,IMPS,12029.76,Success,2026-04-13 18:16:42
TXN0001202,CUST000626,Upi,1705.35,Success,20-03-2026 13:42
TXN0001203,CUST002182,imps,683.32,SUCCESS,12/07/2026 23:58:27
TXN0001204,CUST001462,UPI,1282.47,Success,12/06/2026 15:07:08
TXN0001205,CUST004841,UPI,1569.41,Success,2026-05-08 06:04:15
TXN0001206,CUST001887,Neft,1574.7,TIMED_OUT,2026-04-18 16:00:32
TXN0001207,CUST001354,NEFT,1491.34,SUCCESS,2026-01-21 15:54:21
TXN0001208,CUST001207,Bill_Pay,"1,353.13",success,2026-01-04 13:06:29
TXN0001209,CUST003543,Neft,751.62,SUCCESS,28/03/2026 12:51:24
TXN0001210,CUST002435,upi,4267.67,success,2026-05-13 23:13:23
TXN0001211,CUST000786,Bill_Pay,810.55,SUCCESS,2026-05-21 07:53:31
TXN0001212,CUST003719,imps,707.02,SUCCESS,01/03/2026 01:10:15
TXN0001213,CUST001820,imps,818.94,Success,2026-06-14 19:22:13
TXN0001214,CUST003850,Upi,891.36,success,08-06-2026 15:45
TXN0001215,CUST003725,,97.41,success,2026-06-27 05:47:47
TXN0001216,CUST003404,Neft,-246.12,SUCCESS,03-03-2026 23:34
TXN0001217,CUST000696,IMPS,587.63,SUCCESS,2026-03-21 15:04:05
TXN0001218,CUST001901,BILL_PAY,92.59,SUCCESS,2026-02-25 18:30:27
TXN0001219,CUST005199,UPI,682.02,TIMED_OUT,2026-07-21 10:47:54
TXN0001220,CUST000180,UPI,877.29,success,20-01-2026 00:22
TXN0001221,CUST000955,Bill_Pay,146.61,success,29/04/2026 23:18:08
TXN0001222,CUST000736,Neft,317.46,Success,2026-03-20 09:58:04
TXN0001223,CUST001491,BILL_PAY,3096.33,SUCCESS,2026-02-24 06:35:12
TXN0001224,CUST000847,BILL_PAY,1298.84,success,2026-03-09 06:58:04
TXN0001225,CUST002606,IMPS,1209.38,SUCCESS,2026-04-19 10:10:14
TXN0001226,CUST000068,Neft,2612.8,Success,09/05/2026 15:45:33
TXN0001227,CUST001157,Bill_Pay,251.38,FAILED,2026-03-30 04:34:15
TXN0001228,CUST002243,bill_pay,147.07,SUCCESS,02/04/2026 03:21:06
TXN0001229,CUST001238,Upi,2175.04,SUCCESS,2026-04-07 20:11:11
TXN0001230,CUST005175,IMPS,607.2,Success,2026-02-04 09:53:09
TXN0001231,CUST000746,NEFT,244.16,success,2026-03-10 20:17:42
TXN0001232,CUST003222,IMPS,8163.65,timed_out,24-01-2026 06:42
TXN0001233,CUST002363,Imps,96.62,success,05/10/2026 05:34 AM
TXN0001234,CUST001657,NEFT,830.22,SUCCESS,2026-02-21 13:26:42
TXN0001235,CUST003931,Upi,529.51,SUCCESS,2026-07-01 15:50:23
TXN0001236,CUST002319,neft,433.14,SUCCESS,06/05/2026 08:02 AM
TXN0001237,CUST000125,Neft,-46.79,SUCCESS,05/26/2026 11:59 PM
TXN0001238,CUST003134,Imps,-4188.59,SUCCESS,06-01-2026 16:32
TXN0001239,CUST002462,bill_pay,-120.45,Success,2026-03-11 14:56:52
TXN0001240,CUST004172,bill_pay,483.0,SUCCESS,2026-05-17 18:29:03
TXN0001241,CUST003271,bill_pay,397.39,TIMED_OUT,04/12/2026 03:33 AM
TXN0001242,CUST001742,NEFT,1347.85,SUCCESS,30-07-2026 00:15
TXN0001243,CUST004430,NEFT,97.73,success,2026-01-16 21:51:09
TXN0001244,CUST002088,BILL_PAY,1158.18,Success,2026-05-10 12:10:06
TXN0001245,CUST004883,IMPS,835.18,TIMED_OUT,15/04/2026 18:50:34
TXN0001246,CUST004458,imps,300.55,SUCCESS,2026-04-29 05:44:38
TXN0001247,CUST002982,UPI,1108.83,Success,2026-02-28 05:07:11
TXN0001248,CUST002052,IMPS,680.6,SUCCESS,2026-05-30 06:46:14
TXN0001249,CUST001348,Imps,5797.71,Success,2026-06-09 23:35:46
TXN0001250,CUST005072,upi,528.96,Success,2026-07-05 01:14:41
TXN0001251,CUST004808,upi,211.09,success,2026-05-26 21:53:48
TXN0001252,CUST003684,BILL_PAY,1172.49,Success,2026-05-09 02:34:54
TXN0001253,CUST001914,UPI,456.84,SUCCESS,04/19/2026 03:23 AM
TXN0001254,CUST004418,BILL_PAY,664.58,success,05-03-2026 06:39
TXN0001255,CUST003537,BILL_PAY,148.34,SUCCESS,2026-06-22 01:48:59
TXN0001256,CUST004081,Imps,1373.91,Success,2026-06-18 13:24:50
TXN0001257,CUST000815,NEFT,378.4,Success,2026-01-15 21:18:03
TXN0001258,CUST004229,NEFT,915.12,SUCCESS,13-01-2026 21:30
TXN0001259,CUST002706,,8264.02,Success,03-01-2026 21:26
TXN0001260,CUST003458,Bill_Pay,494.51,success,24-02-2026 01:00
TXN0001261,CUST002268,imps,1624.62,timed_out,22-06-2026 23:22
TXN0001262,CUST005124,IMPS,535.14,,26/04/2026 17:29:26
TXN0001263,CUST001416,IMPS,305.13,SUCCESS,18-05-2026 08:15
TXN0001264,CUST001919,Imps,,SUCCESS,03/06/2026 05:33:58
TXN0001265,CUST003658,BILL_PAY,70.82,SUCCESS,2026-07-14 07:04:37
TXN0001266,CUST003065,BILL_PAY,2228.35,Success,2026-06-25 02:37:41
TXN0001267,CUST001325,NEFT,62.54,SUCCESS,07/31/2026 08:09 PM
TXN0001268,CUST004276,NEFT,"1,941.31",success,11/02/2026 21:33:40
TXN0001269,CUST004541,NEFT,676.63,success,15/06/2026 18:11:59
TXN0001270,CUST000507,bill_pay,211.72,SUCCESS,03/26/2026 08:03 PM
TXN0001271,CUST000499,,408.12,Timed_Out,27-04-2026 08:45
TXN0001272,CUST002149,upi,1515.62,success,
TXN0001273,CUST005045,neft,7127.59,SUCCESS,2026-03-24 11:27:55
TXN0001274,CUST002275,Neft,101.79,Success,25-01-2026 15:45
TXN0001275,CUST001597,upi,226.21,FAILED,02/02/2026 12:52:13
TXN0001276,CUST003843,bill_pay,134.78,Failed,04/03/2026 14:14:56
TXN0001277,CUST002200,IMPS,-530.09,SUCCESS,2026-01-17 08:09:20
TXN0001278,CUST002192,UPI,2010.18,SUCCESS,2026-06-29 05:07:34
TXN0001279,CUST001658,bill_pay,116.58,Success,04/10/2026 12:46 PM
TXN0001280,CUST002816,neft,655.56,Success,14-05-2026 07:53
TXN0001281,CUST000973,neft,"1,928.05",SUCCESS,21-01-2026 11:57
TXN0001282,CUST001035,neft,401.45,SUCCESS,2026-06-27 15:21:45
TXN0001283,CUST003403,neft,29.22,SUCCESS,07/29/2026 11:25 AM
TXN0001284,CUST002425,Upi,844.49,Success,2026-02-07 09:05:28
TXN0001285,CUST003340,Imps,2930.53,SUCCESS,17/04/2026 00:57:39
TXN0001286,CUST004916,BILL_PAY,183.96,Success,06-04-2026 15:54
TXN0001287,CUST000396,NEFT,78.7,SUCCESS,2026-04-06 15:02:15
TXN0001288,CUST004018,bill_pay,976.12,SUCCESS,22-02-2026 23:16
TXN0001289,CUST001241,BILL_PAY,1009.5,success,2026-01-12 02:47:05
TXN0001290,CUST002986,Neft,370.68,Success,2026-02-15 18:51:53
TXN0001291,CUST000404,imps,295.64,Timed_Out,2026-02-24 05:50:23
TXN0001292,CUST000934,BILL_PAY,692.97,SUCCESS,2026-04-12 11:46:20
TXN0001293,CUST004756,neft,180.42,SUCCESS,02/23/2026 05:18 AM
TXN0001294,CUST000938,Bill_Pay,180.73,Success,2026-07-30 18:26:35
TXN0001295,CUST000477,NEFT,1503.04,success,2026-04-22 09:24:44
TXN0001296,CUST002050,BILL PAY,167.58,Success,2026-02-15 12:42:50
TXN0001297,CUST001822,UPI,83.85,SUCCESS,2026-06-30 08:36:40
TXN0001298,CUST003518,UPI,294.98,success,2026-03-28 01:06:46
TXN0001299,CUST001062,Upi,380.97,SUCCESS,20-04-2026 23:00
TXN0001300,CUST004242,neft,1158.03,failed,07/19/2026 10:14 AM
TXN0001301,CUST003351,BILL_PAY,324.73,success,25-01-2026 19:26
TXN0001302,CUST001556,BILL_PAY,3665.95,Success,2026-04-12 16:23:22
TXN0001303,CUST001824,UPI,736.85,success,2026-03-22 09:10:41
TXN0001304,CUST001546,imps,252.16,Success,16/07/2026 13:41:27
TXN0001305,CUST001599,Upi,1098.91,TIMEDOUT,2026-02-15 17:02:21
TXN0001306,CUST004690,BILL_PAY,"3,575.71",success,26/07/2026 01:59:13
TXN0001307,CUST001171,NEFT,1451.77,SUCCESS,2026-02-28 20:29:22
TXN0001308,CUST001219,IMPS,109.54,Success,04/04/2026 17:35:30
TXN0001309,CUST003104,Imps,419.57,success,02/26/2026 03:34 PM
TXN0001310,CUST001611,IMPS,898.06,success,2026-01-21 11:21:34
TXN0001311,CUST000085,Bill_Pay,1377.56,Success,17-02-2026 21:56
TXN0001312,CUST002407,BILL_PAY,533.88,SUCCESS,24-01-2026 23:51
TXN0001313,CUST004131,Imps,,failed,2026-04-06 06:36:47
TXN0001314,CUST004228,Neft,5734.49,SUCCESS,2026-02-19 22:07:02
TXN0001315,CUST001283,imps,-1478.98,SUCCESS,15/03/2026 19:22:48
TXN0001316,CUST000298,neft,1103.13,SUCCESS,2026-02-10 14:31:09
TXN0001317,CUST003953,NEFT,Rs.340.37,success,2026-03-07 03:23:55
TXN0001318,CUST002474,,177.65,TIMED_OUT,2026-07-13 08:26:53
TXN0001319,CUST003123,neft,"Rs.1,127.10",SUCCESS,07/01/2026 20:56:31
TXN0001320,CUST003874,neft,1693.79,success,20-03-2026 14:15
TXN0001321,CUST004510,UPI,-660.69,SUCCESS,2026-03-13 00:55:59
TXN0001322,CUST000852,UPI,1483.99,Success,2026-06-10 17:33:45
TXN0001323,CUST002654,Upi,1532.48,SUCCESS,17/07/2026 01:36:02
TXN0001324,CUST001668,UPI,-1842.58,SUCCESS,19-05-2026 17:55
TXN0001325,CUST002603,NEFT,107.61,SUCCESS,2026-05-03 09:07:42
TXN0001326,CUST001785,bill_pay,433.36,SUCCESS,29/03/2026 01:06:42
TXN0001327,CUST001587,UPI,1212.94,Success,2026-03-19 10:10:03
TXN0001328,CUST000145,NEFT,706.08,SUCCESS,2026-01-31 08:27:38
TXN0001329,CUST001238,IMPS,1538.55,SUCCESS,2026-07-05 22:20:47
TXN0001330,CUST002212,BILL_PAY,-1102.31,SUCCESS,2026-07-29 08:45:16
TXN0001331,CUST001499,imps,50.2,SUCCESS,2026-03-14 09:17:11
TXN0001332,CUST002473,BILL PAY,2481.41,FAILED,
TXN0001333,CUST002897,Imps,374.43,SUCCESS,23/02/2026 02:53:06
TXN0001334,CUST002825,IMPS,-236.2,FAILED,2026-01-28 12:18:56
TXN0001335,CUST002206,UPI,2373.03,success,2026-03-10 02:50:56
TXN0001336,CUST002988,UPI,1394.66,SUCCESS,2026-07-15 12:55:04
TXN0001337,CUST000627,neft,2847.89,FAILED,30/07/2026 16:58:30
TXN0001338,CUST002043,BILL_PAY,910.05,SUCCESS,2026-07-24 01:47:00
TXN0001339,CUST003477,upi,427.04,SUCCESS,2026-05-30 01:25:52
TXN0001340,CUST000016,Imps,790.03,success,01-03-2026 15:02
TXN0001341,CUST004974,UPI,193.4,SUCCESS,17/02/2026 23:38:45
TXN0001342,CUST002465,BILL PAY,131.21,Success,2026-03-31 09:45:22
TXN0001343,CUST004356,IMPS,312.59,Success,28/07/2026 02:16:41
TXN0001344,CUST003947,UPI,4190.07,SUCCESS,2026-04-03 13:20:12
TXN0001345,CUST005141,neft,349.69,SUCCESS,2026-03-30 05:23:12
TXN0001346,CUST001461,IMPS,-85.73,success,2026-03-07 13:37:12
TXN0001347,CUST004821,Upi,551.65,Failed,28-06-2026 08:31
TXN0001348,CUST001028,Imps,344.49,SUCCESS,2026-03-07 00:11:36
TXN0001349,CUST004569,upi,2542.44,SUCCESS,18-04-2026 14:25
TXN0001350,CUST005027,UPI,-3782.72,SUCCESS,2026-06-02 11:12:46
TXN0001351,CUST004255,,404.98,SUCCESS,2026-01-16 07:38:28
TXN0001352,CUST003895,NEFT,908.99,SUCCESS,16-07-2026 23:19
TXN0001353,CUST002309,bill_pay,1004.8,Success,2026-03-26 22:18:23
TXN0001354,CUST000826,BILL_PAY,627.42,SUCCESS,25-02-2026 00:52
TXN0001355,CUST000833,upi,504.48,SUCCESS,
TXN0001356,CUST003077,Neft,219.41,success,2026-07-27 16:42:32
TXN0001357,CUST004752,Bill_Pay,72.57,SUCCESS,2026-07-23 01:16:10
TXN0001358,CUST004015,NEFT,Rs.218.02,Success,06/06/2026 09:29 PM
TXN0001359,CUST002758,NEFT,601.77,SUCCESS,01-04-2026 05:45
TXN0001360,CUST002190,imps,116.8,SUCCESS,13/04/2026 16:43:16
TXN0001361,CUST001235,imps,852.97,SUCCESS,
TXN0001362,CUST004100,imps,722.86,SUCCESS,07/16/2026 01:05 AM
TXN0001363,CUST000450,BILL_PAY,345.15,SUCCESS,08-04-2026 23:41
TXN0001364,CUST000015,BILL PAY,480.11,SUCCESS,2026-05-25 21:18:50
TXN0001365,CUST000727,NEFT,139.84,success,2026-02-24 22:12:03
TXN0001366,CUST005137,neft,1800.25,TIMED_OUT,06/15/2026 01:00 AM
TXN0001367,CUST000515,UPI,"Rs.1,761.07",success,25-03-2026 13:37
TXN0001368,CUST000534,Imps,167.68,SUCCESS,22-04-2026 20:47
TXN0001369,CUST003387,BILL PAY,172.94,SUCCESS,2026-05-15 09:55:35
TXN0001370,CUST002353,BILL PAY,0,Failed,14/03/2026 09:14:51
TXN0001371,CUST005008,imps,1289.19,Success,
TXN0001372,CUST001003,upi,1000.95,SUCCESS,2026-03-22 11:17:47
TXN0001373,CUST002572,NEFT,2337.37,SUCCESS,2026-02-27 17:28:44
TXN0001374,CUST004828,Bill_Pay,2706.76,success,2026-06-11 19:52:29
TXN0001375,CUST001443,NEFT,105.92,SUCCESS,2026-07-15 14:39:00
TXN0001376,CUST002652,neft,1232.88,TIMED_OUT,2026-02-20 09:04:14
TXN0001377,CUST001936,IMPS,2563.74,Success,18/07/2026 04:13:53
TXN0001378,CUST000631,Imps,445.46,success,01/10/2026 06:22 AM
TXN0001379,CUST000614,UPI,646.61,success,2026-04-19 19:07:14
TXN0001380,CUST004476,NEFT,539.57,,2026-01-20 16:44:58
TXN0001381,CUST000274,upi,568.06,SUCCESS,2026-04-26 03:31:00
TXN0001382,CUST001419,neft,1792.3,success,2026-03-26 12:32:47
TXN0001383,CUST003598,bill_pay,5428.95,SUCCESS,2026-04-29 18:16:40
TXN0001384,CUST001863,upi,3490.31,Success,2026-05-31 20:41:23
TXN0001385,CUST003128,IMPS,-363.74,SUCCESS,2026-04-05 09:42:16
TXN0001386,CUST005169,imps,912.5,FAILED,02/05/2026 11:12 AM
TXN0001387,CUST003789,Upi,,SUCCESS,29-07-2026 11:41
TXN0001388,CUST003036,IMPS,290.43,Success,
TXN0001389,CUST001125,UPI,613.63,SUCCESS,05/27/2026 08:37 PM
TXN0001390,CUST000657,BILL_PAY,281.77,success,2026-05-21 03:17:47
TXN0001391,CUST002971,IMPS,331.6,Timed_Out,30-07-2026 04:50
TXN0001392,CUST002071,upi,886.5,SUCCESS,2026-02-25 13:23:41
TXN0001393,CUST002871,Imps,1211.51,Failed,04/28/2026 11:32 PM
TXN0001394,CUST000720,IMPS,"Rs.1,171.92",SUCCESS,20-06-2026 19:32
TXN0001395,CUST002912,UPI,1186.42,success,04/26/2026 02:52 PM
TXN0001396,CUST003287,Neft,-150.63,SUCCESS,2026-01-01 02:47:12
TXN0001397,CUST000655,BILL_PAY,266.15,SUCCESS,2026-07-07 07:46:49
TXN0001398,CUST003057,upi,696.12,FAILED,02/07/2026 16:01:22
TXN0001399,CUST003594,BILL_PAY,2410.46,,14/01/2026 12:01:23
TXN0001400,CUST000491,UPI,11346.3,SUCCESS,2026-07-25 03:58:28
TXN0001401,CUST002007,,957.75,success,29/07/2026 20:03:59
TXN0001402,CUST003675,imps,1581.1,SUCCESS,2026-06-06 20:06:34
TXN0001403,CUST001693,upi,133.44,success,21-05-2026 05:21
TXN0001404,CUST002920,UPI,1527.68,SUCCESS,2026-02-24 18:47:34
TXN0001405,CUST002729,Neft,7266.42,FAILED,2026-04-22 05:16:01
TXN0001406,CUST003394,BILL_PAY,265.07,success,2026-07-13 05:06:02
TXN0001407,CUST004450,NEFT,343.96,SUCCESS,2026-07-15 12:51:26
TXN0001408,CUST005172,Neft,1865.91,Success,15-05-2026 11:12
TXN0001409,CUST002474,Imps,685.72,Success,22/03/2026 16:40:58
TXN0001410,CUST003645,upi,66.45,SUCCESS,2026-05-22 08:45:35
TXN0001411,CUST004251,BILL_PAY,-368.06,success,2026-06-19 01:13:27
TXN0001412,CUST001203,NEFT,3760.69,SUCCESS,09-03-2026 10:14
TXN0001413,CUST003689,IMPS,475.92,Success,2026-06-19 22:13:29
TXN0001414,CUST001382,UPI,Rs.475.46,SUCCESS,09-04-2026 08:45
TXN0001415,CUST003082,BILL_PAY,1717.19,Success,2026-07-05 13:37:58
TXN0001416,CUST002099,IMPS,1000.31,SUCCESS,28-07-2026 16:24
TXN0001417,CUST002324,neft,446.94,success,2026-01-27 19:52:58
TXN0001418,CUST001997,UPI,319.04,Success,2026-04-13 13:16:37
TXN0001419,CUST001163,NEFT,22900.48,SUCCESS,
TXN0001420,CUST001214,IMPS,2961.99,success,01-04-2026 02:45
TXN0001421,CUST000305,NEFT,1185.88,SUCCESS,2026-03-09 21:48:30
TXN0001422,CUST003524,Imps,1282.69,FAILED,2026-03-02 04:46:39
TXN0001423,CUST000911,IMPS,572.18,SUCCESS,21-01-2026 17:32
TXN0001424,CUST004443,Neft,985.8,SUCCESS,2026-07-09 10:41:09
TXN0001425,CUST003487,IMPS,504.84,SUCCESS,29-01-2026 11:51
TXN0001426,CUST002741,neft,Rs.239.44,success,2026-02-13 00:55:04
TXN0001427,CUST000862,UPI,1033.78,success,2026-01-16 19:14:15
TXN0001428,CUST005165,,456.58,SUCCESS,2026-07-06 11:37:59
TXN0001429,CUST001274,upi,1101.15,SUCCESS,30-07-2026 13:23
TXN0001430,CUST003940,UPI,1377.77,Success,12-01-2026 12:24
TXN0001431,CUST001149,Imps,1174.22,SUCCESS,18/07/2026 21:27:42
TXN0001432,CUST004149,Imps,218.84,Success,2026-02-02 08:26:01
TXN0001433,CUST002113,imps,403.09,SUCCESS,2026-06-12 14:27:55
TXN0001434,CUST002389,NEFT,466.8,SUCCESS,2026-01-10 02:14:53
TXN0001435,CUST002221,NEFT,2145.18,success,2026-02-19 13:35:25
TXN0001436,CUST001036,NEFT,2002.49,SUCCESS,02/21/2026 03:01 PM
TXN0001437,CUST002390,imps,283.87,Success,2026-02-28 18:20:35
TXN0001438,CUST004667,bill_pay,146.91,SUCCESS,2026-04-30 09:37:19
TXN0001439,CUST004883,Bill_Pay,12235.05,SUCCESS,18-04-2026 01:36
TXN0001440,CUST002685,Upi,"1,118.29",success,2026-01-29 07:05:49
TXN0001441,CUST000608,BILL_PAY,127.34,SUCCESS,2026-04-02 10:36:25
TXN0001442,CUST000242,BILL_PAY,337.74,TIMEDOUT,2026-07-14 11:38:02
TXN0001443,CUST003392,IMPS,2265.75,success,2026-01-12 05:46:58
TXN0001444,CUST004953,BILL PAY,"Rs.8,152.92",SUCCESS,06/05/2026 09:39:59
TXN0001445,CUST003487,NEFT,6280.21,Success,11-01-2026 20:04
TXN0001446,CUST003576,IMPS,-1061.6,SUCCESS,01/05/2026 20:45:56
TXN0001447,CUST002877,UPI,28.14,Failed,21-01-2026 11:34
TXN0001448,CUST001265,Imps,667.84,SUCCESS,13/05/2026 20:43:35
TXN0001449,CUST000896,UPI,197.02,SUCCESS,07/08/2026 04:38 PM
TXN0001450,CUST004945,IMPS,737.17,SUCCESS,2026-05-27 10:06:04
TXN0001451,CUST000913,Neft,Rs.227.14,SUCCESS,2026-03-30 18:53:40
TXN0001452,CUST003985,upi,407.6,Success,2026-02-16 08:17:49
TXN0001453,CUST003400,IMPS,1863.37,success,25/06/2026 05:44:35
TXN0001454,CUST001812,neft,501.93,SUCCESS,2026-03-29 13:40:26
TXN0001455,CUST000675,Neft,464.23,SUCCESS,2026-03-08 02:23:34
TXN0001456,CUST004293,upi,626.25,SUCCESS,2026-07-18 22:56:42
TXN0001457,CUST001542,Neft,15443.63,Success,24-06-2026 13:28
TXN0001458,CUST001839,Imps,175.15,SUCCESS,27-01-2026 15:17
TXN0001459,CUST000080,Imps,931.47,SUCCESS,07/18/2026 11:25 PM
TXN0001460,CUST004485,Bill_Pay,-5488.14,SUCCESS,30/05/2026 03:59:42
TXN0001461,CUST000601,BILL_PAY,,SUCCESS,2026-04-17 19:42:27
TXN0001462,CUST003535,NEFT,2887.89,Success,2026-03-20 11:19:48
TXN0001463,CUST001661,UPI,136.58,Success,2026-05-18 20:51:08
TXN0001464,CUST002966,BILL_PAY,521.35,Failed,12-06-2026 19:34
TXN0001465,CUST000265,Bill_Pay,254.67,Success,2026-03-20 00:57:55
TXN0001466,CUST003679,Imps,616.32,success,2026-04-28 17:09:42
TXN0001467,CUST004964,Neft,Rs.631.82,SUCCESS,28/06/2026 12:02:24
TXN0001468,CUST001406,UPI,713.1,FAILED,16/05/2026 18:03:56
TXN0001469,CUST001288,NEFT,-1841.1,TIMED_OUT,2026-05-03 11:39:16
TXN0001470,CUST001809,bill_pay,44.87,SUCCESS,07/01/2026 03:47 AM
TXN0001471,CUST004995,Upi,321.17,Success,2026-07-03 22:31:23
TXN0001472,CUST002540,BILL_PAY,857.09,SUCCESS,2026-04-22 21:43:28
TXN0001473,CUST004956,NEFT,69.97,success,2026-04-04 06:35:30
TXN0001474,CUST002419,imps,1399.2,success,11-01-2026 13:21
TXN0001475,CUST000540,imps,314.44,success,2026-02-23 00:44:01
TXN0001476,CUST003266,NEFT,Rs.533.03,Success,23-03-2026 03:14
TXN0001477,CUST002901,Upi,1951.75,SUCCESS,2026-03-10 15:42:07
TXN0001478,CUST005035,UPI,3071.28,success,2026-05-29 19:12:42
TXN0001479,CUST000949,IMPS,1453.64,success,
TXN0001480,CUST000269,imps,169.83,success,07-07-2026 04:36
TXN0001481,CUST002895,Imps,1364.51,SUCCESS,2026-03-17 07:55:39
TXN0001482,CUST002056,BILL_PAY,1483.28,SUCCESS,23-07-2026 21:02
TXN0001483,CUST005037,Bill_Pay,1151.4,success,10-01-2026 03:57
TXN0001484,CUST001745,UPI,3816.11,Success,2026-01-07 10:10:56
TXN0001485,CUST003520,BILL_PAY,735.53,success,28-05-2026 01:11
TXN0001486,CUST002827,imps,3613.93,success,24-04-2026 06:16
TXN0001487,CUST004731,bill_pay,3583.32,SUCCESS,2026-04-01 06:10:45
TXN0001488,CUST001295,Upi,1536.84,Success,
TXN0001489,CUST001174,,949.46,failed,02/23/2026 05:20 PM
TXN0001490,CUST002571,imps,1159.59,Success,2026-02-14 15:05:25
TXN0001491,CUST002238,BILL_PAY,5115.08,FAILED,2026-06-17 14:23:28
TXN0001492,CUST001731,BILL_PAY,2406.31,Success,2026-05-04 01:31:28
TXN0001493,CUST004453,Neft,Rs.192.67,Success,2026-07-12 09:20:58
TXN0001494,CUST000271,Bill_Pay,1072.25,SUCCESS,2026-04-14 22:48:39
TXN0001495,CUST004680,bill_pay,240.53,SUCCESS,01-06-2026 02:22
TXN0001496,CUST003265,IMPS,304.14,SUCCESS,28/03/2026 05:31:35
TXN0001497,CUST002946,IMPS,426.41,failed,2026-04-18 17:38:02
TXN0001498,CUST001952,BILL PAY,123.14,success,2026-07-12 08:02:41
TXN0001499,CUST001195,neft,223.79,SUCCESS,2026-02-06 05:49:38
TXN0001500,CUST003039,NEFT,4118.07,success,07/04/2026 03:09 PM
TXN0001501,CUST002828,bill_pay,302.05,success,2026-05-25 00:59:01
TXN0001502,CUST004562,upi,1854.61,SUCCESS,2026-07-27 17:01:37
TXN0001503,CUST004650,IMPS,Rs.817.46,SUCCESS,08-02-2026 04:41
TXN0001504,CUST002239,Bill_Pay,1291.94,success,23-06-2026 19:06
TXN0001505,CUST003756,upi,1361.95,SUCCESS,2026-02-20 13:12:40
TXN0001506,CUST003442,BILL PAY,213.15,success,15-01-2026 00:01
TXN0001507,CUST001295,BILL_PAY,-1840.53,Success,2026-04-11 16:16:21
TXN0001508,CUST002317,imps,151.56,Success,2026-03-29 14:03:56
TXN0001509,CUST000805,UPI,288.26,success,2026-05-28 05:38:32
TXN0001510,CUST001300,NEFT,"1,337.33",success,02/05/2026 11:35:56
TXN0001511,CUST002573,NEFT,198.29,SUCCESS,2026-06-05 01:08:25
TXN0001512,CUST002261,Neft,-63.11,SUCCESS,07-01-2026 21:19
TXN0001513,CUST004445,BILL PAY,1011.89,SUCCESS,01/04/2026 04:58 PM
TXN0001514,CUST004387,IMPS,101.72,success,2026-02-03 22:04:41
TXN0001515,CUST003135,IMPS,1502.63,FAILED,2026-02-25 15:39:43
TXN0001516,CUST003720,UPI,462.92,SUCCESS,2026-05-11 00:29:01
TXN0001517,CUST003515,UPI,Rs.994.33,SUCCESS,02-02-2026 19:20
TXN0001518,CUST003452,UPI,972.03,Success,2026-01-06 15:04:02
TXN0001519,CUST001628,upi,1649.37,SUCCESS,05-05-2026 05:58
TXN0001520,CUST000683,UPI,1387.09,TIMED_OUT,2026-02-24 16:49:43
TXN0001521,CUST000553,BILL_PAY,196.37,success,2026-01-02 04:02:12
TXN0001522,CUST002499,NEFT,496.26,Success,2026-03-13 11:38:26
TXN0001523,CUST001351,Bill_Pay,992.9,SUCCESS,02-05-2026 13:57
TXN0001524,CUST001124,BILL_PAY,3705.75,SUCCESS,2026-04-21 17:12:51
TXN0001525,CUST003327,Neft,1403.16,Success,2026-03-16 03:40:59
TXN0001526,CUST002801,,3277.12,,20-04-2026 16:23
TXN0001527,CUST001094,BILL_PAY,1058.04,SUCCESS,2026-06-25 12:21:33
TXN0001528,CUST002028,UPI,2463.1,Success,2026-01-09 09:40:26
TXN0001529,CUST004238,IMPS,-897.1,Success,2026-05-04 17:29:38
TXN0001530,CUST004964,BILL_PAY,2331.12,Timed_Out,2026-02-03 09:51:28
TXN0001531,CUST005173,imps,436.29,Success,2026-03-15 11:39:07
TXN0001532,CUST003032,BILL_PAY,4342.02,SUCCESS,2026-05-22 23:06:01
TXN0001533,CUST004452,BILL PAY,"1,211.77",FAILED,2026-05-07 10:58:04
TXN0001534,CUST000874,NEFT,124.07,failed,26-03-2026 15:40
TXN0001535,CUST001748,,1033.99,,2026-01-08 11:40:20
TXN0001536,CUST001592,UPI,53.52,Timed_Out,2026-07-31 09:41:47
TXN0001537,CUST003646,UPI,1408.96,SUCCESS,2026-05-25 07:00:35
TXN0001538,CUST001796,NEFT,1924.22,Success,22-05-2026 17:42
TXN0001539,CUST004071,imps,"Rs.6,939.53",SUCCESS,2026-03-20 01:05:33
TXN0001540,CUST002269,neft,362.53,Success,28/06/2026 10:45:34
TXN0001541,CUST004233,Bill_Pay,7010.08,success,2026-01-18 07:10:49
TXN0001542,CUST002034,Bill_Pay,668.1,SUCCESS,19-03-2026 05:15
TXN0001543,CUST004608,UPI,272.88,Success,2026-06-16 02:17:21
TXN0001544,CUST003269,UPI,371.53,success,04/22/2026 03:18 PM
TXN0001545,CUST000329,Neft,1306.96,Success,2026-07-16 09:10:45
TXN0001546,CUST004983,BILL_PAY,231.42,success,03-06-2026 09:05
TXN0001547,CUST004407,neft,444.89,SUCCESS,2026-02-01 16:10:36
TXN0001548,CUST001980,NEFT,1003.05,success,03/16/2026 06:36 PM
TXN0001549,CUST000783,BILL_PAY,4294.08,Success,07/28/2026 04:38 PM
TXN0001550,CUST004398,UPI,1853.39,SUCCESS,04-02-2026 12:56
TXN0001551,CUST003487,neft,700.8,SUCCESS,2026-06-20 04:43:12
TXN0001552,CUST000578,IMPS,1299.54,SUCCESS,24-02-2026 12:29
TXN0001553,CUST003867,imps,,SUCCESS,2026-02-01 08:37:38
TXN0001554,CUST002298,BILL PAY,167.13,Failed,2026-01-18 12:37:38
TXN0001555,CUST002302,NEFT,5467.47,success,2026-05-26 14:48:25
TXN0001556,CUST001525,BILL_PAY,4392.37,success,11-05-2026 22:58
TXN0001557,CUST001652,Upi,608.66,SUCCESS,2026-01-14 00:32:52
TXN0001558,CUST004528,IMPS,386.84,SUCCESS,2026-04-03 21:19:56
TXN0001559,CUST001075,BILL_PAY,171.27,Failed,2026-03-15 16:11:43
TXN0001560,CUST000039,NEFT,1404.24,failed,12/04/2026 03:37:25
TXN0001561,CUST004411,Imps,1415.78,SUCCESS,2026-04-02 17:46:52
TXN0001562,CUST002801,BILL PAY,253.36,SUCCESS,2026-02-11 03:31:40
TXN0001563,CUST001839,Neft,901.26,TIMED_OUT,2026-07-12 09:07:02
TXN0001564,CUST001005,BILL_PAY,1780.08,SUCCESS,11-05-2026 03:24
TXN0001565,CUST002434,IMPS,357.91,TIMED_OUT,02/03/2026 08:00 AM
TXN0001566,CUST001791,Bill_Pay,525.44,success,2026-07-02 16:28:45
TXN0001567,CUST000007,Imps,519.55,SUCCESS,12/06/2026 23:37:51
TXN0001568,CUST000973,UPI,271.54,success,15/05/2026 08:10:51
TXN0001569,CUST000500,upi,538.01,success,24/07/2026 13:17:06
TXN0001570,CUST000793,NEFT,103.72,SUCCESS,2026-05-19 09:03:44
TXN0001571,CUST004577,IMPS,489.11,TIMEDOUT,2026-07-09 06:40:45
TXN0001572,CUST003010,UPI,497.8,success,2026-05-30 23:34:44
TXN0001573,CUST001225,upi,-617.63,SUCCESS,24-04-2026 22:51
TXN0001574,CUST002044,Bill_Pay,1182.43,success,2026-07-03 11:05:06
TXN0001575,CUST002425,Upi,156.99,SUCCESS,2026-04-26 00:33:31
TXN0001576,CUST001070,NEFT,190.48,SUCCESS,2026-03-23 13:20:24
TXN0001577,CUST004193,UPI,264.01,success,2026-07-18 13:00:48
TXN0001578,CUST001057,upi,140.42,Success,05/15/2026 10:53 AM
TXN0001579,CUST004683,,1358.36,SUCCESS,2026-03-16 20:48:11
TXN0001580,CUST001426,Neft,340.73,SUCCESS,01-03-2026 10:03
TXN0001581,CUST003574,IMPS,640.52,Success,2026-02-23 12:57:14
TXN0001582,CUST002183,BILL_PAY,240.3,SUCCESS,21-07-2026 05:50
TXN0001583,CUST001056,UPI,432.01,SUCCESS,18-04-2026 06:11
TXN0001584,CUST000439,,954.63,success,10-03-2026 17:18
TXN0001585,CUST003537,Bill_Pay,1012.08,Success,14/06/2026 20:49:52
TXN0001586,CUST001812,IMPS,199.36,Success,2026-02-04 05:13:42
TXN0001587,CUST001226,imps,603.82,SUCCESS,05/18/2026 04:22 PM
TXN0001588,CUST002679,UPI,244.77,SUCCESS,2026-04-15 09:07:24
TXN0001589,CUST004866,upi,,SUCCESS,07/08/2026 05:33 PM
TXN0001590,CUST005118,UPI,310.24,SUCCESS,2026-06-01 13:39:43
TXN0001591,CUST000957,upi,5997.32,success,19/05/2026 22:17:52
TXN0001592,CUST001862,IMPS,1766.9,Failed,2026-03-04 15:46:46
TXN0001593,CUST000271,NEFT,1066.95,SUCCESS,2026-07-27 16:28:04
TXN0001594,CUST004865,Bill_Pay,65.81,TIMED_OUT,06/22/2026 12:45 PM
TXN0001595,CUST004843,IMPS,475.96,SUCCESS,2026-04-02 19:02:56
TXN0001596,CUST003947,UPI,1833.88,,2026-07-15 03:31:09
TXN0001597,CUST001716,Neft,,SUCCESS,05-01-2026 17:48
TXN0001598,CUST004436,IMPS,5140.61,success,2026-02-25 20:06:34
TXN0001599,CUST002750,bill_pay,2083.36,success,05/07/2026 17:48:41
TXN0001600,CUST000165,BILL_PAY,428.46,success,15/02/2026 20:06:41
TXN0001601,CUST000709,Bill_Pay,4339.29,Success,2026-01-10 10:24:19
TXN0001602,CUST001748,UPI,478.76,Success,02-05-2026 19:33
TXN0001603,CUST000054,IMPS,6535.24,Success,2026-01-06 14:39:19
TXN0001604,CUST000969,Neft,4680.46,SUCCESS,2026-02-16 19:02:41
TXN0001605,CUST004315,IMPS,-948.37,SUCCESS,04-04-2026 20:43
TXN0001606,CUST002002,Neft,-107.77,success,03/06/2026 02:03:55
TXN0001607,CUST002958,IMPS,862.75,Success,07/06/2026 06:34 PM
TXN0001608,CUST004671,UPI,178.26,Success,2026-05-12 04:28:37
TXN0001609,CUST002971,upi,320.71,success,2026-03-03 14:37:45
TXN0001610,CUST000504,UPI,348.3,SUCCESS,2026-03-09 20:38:42
TXN0001611,CUST003395,imps,176.65,success,2026-05-19 13:07:52
TXN0001612,CUST004364,upi,866.66,Success,23/05/2026 08:16:19
TXN0001613,CUST002975,BILL PAY,281.04,SUCCESS,2026-01-03 08:54:40
TXN0001614,CUST002930,neft,Rs.504.40,success,2026-06-12 21:26:08
TXN0001615,CUST003267,,351.62,SUCCESS,19/06/2026 01:46:16
TXN0001616,CUST003835,IMPS,1188.74,Success,27-01-2026 03:45
TXN0001617,CUST001374,BILL PAY,1086.08,success,30/07/2026 06:47:14
TXN0001618,CUST003613,,459.73,SUCCESS,02/07/2026 09:54:05
TXN0001619,CUST002083,IMPS,"1,263.68",Success,2026-06-29 06:14:36
TXN0001620,CUST005017,imps,2906.71,success,2026-06-06 04:01:56
TXN0001621,CUST002003,BILL PAY,54.36,success,2026-05-18 09:59:12
TXN0001622,CUST004407,Upi,329.79,SUCCESS,2026-04-29 22:49:14
TXN0001623,CUST001759,,216.20,Success,2026-03-24 10:55:13
TXN0001624,CUST003355,imps,298.47,failed,17/04/2026 06:28:45
TXN0001625,CUST005159,imps,45.34,SUCCESS,2026-02-11 11:45:33
TXN0001626,CUST001866,neft,52.2,success,2026-01-24 06:13:25
TXN0001627,CUST001296,,24.61,success,2026-04-28 04:21:21
TXN0001628,CUST003649,NEFT,,timed_out,2026-05-10 18:40:57
TXN0001629,CUST002926,NEFT,353.72,success,14-07-2026 03:29
TXN0001630,CUST002091,Imps,3519.26,Success,19-06-2026 02:02
TXN0001631,CUST004721,Neft,788.01,Success,07-04-2026 14:48
TXN0001632,CUST003484,upi,Rs.51.59,Failed,07/27/2026 02:47 AM
TXN0001633,CUST003240,NEFT,1224.05,SUCCESS,16/02/2026 17:29:30
TXN0001634,CUST001645,Imps,73975.2,Success,2026-03-10 03:01:19
TXN0001635,CUST001962,Neft,54.55,success,17/05/2026 09:16:29
TXN0001636,CUST003509,Upi,5269.21,Success,29-07-2026 14:01
TXN0001637,CUST001636,BILL_PAY,629.79,SUCCESS,2026-02-09 05:30:18
TXN0001638,CUST000388,neft,399.78,Success,25-02-2026 11:58
TXN0001639,CUST004362,Upi,335.69,Success,29/04/2026 11:13:58
TXN0001640,CUST001521,BILL PAY,987.73,SUCCESS,2026-03-15 07:39:20
TXN0001641,CUST004894,bill_pay,403.66,SUCCESS,2026-06-23 04:32:35
TXN0001642,CUST001346,Imps,171.39,success,12-02-2026 08:34
TXN0001643,CUST000703,imps,349.88,success,2026-01-10 02:14:05
TXN0001644,CUST000239,Neft,1022.64,success,30-04-2026 12:16
TXN0001645,CUST003173,IMPS,1514.15,Failed,15/03/2026 06:35:03
TXN0001646,CUST005002,NEFT,6113.96,SUCCESS,12-07-2026 20:41
TXN0001647,CUST001323,BILL_PAY,748.21,success,2026-05-28 23:06:09
TXN0001648,CUST003343,NEFT,3149.65,SUCCESS,2026-03-20 07:56:39
TXN0001649,CUST002889,Imps,526.56,TIMED_OUT,17/01/2026 22:15:53
TXN0001650,CUST001660,upi,615.83,Success,22-02-2026 11:14
TXN0001651,CUST002773,BILL_PAY,578.55,Success,2026-03-17 10:59:31
TXN0001652,CUST005077,imps,860.62,,2026-06-05 10:33:17
TXN0001653,CUST004332,upi,1887.46,failed,2026-05-18 07:49:00
TXN0001654,CUST000694,Bill_Pay,385.04,failed,17-04-2026 04:02
TXN0001655,CUST001522,BILL PAY,228.81,SUCCESS,2026-03-08 22:06:50
TXN0001656,CUST004774,IMPS,2093.01,TIMEDOUT,13/07/2026 00:43:07
TXN0001657,CUST000836,NEFT,1903.13,timed_out,2026-07-25 08:55:56
TXN0001658,CUST002920,UPI,"3,894.05",SUCCESS,2026-06-08 02:32:59
TXN0001659,CUST004990,Bill_Pay,322.22,success,04-04-2026 10:44
TXN0001660,CUST001084,Upi,504.99,Success,10/04/2026 20:12:01
TXN0001661,CUST005063,BILL PAY,2199.28,Failed,09-01-2026 06:28
TXN0001662,CUST001298,UPI,380.01,SUCCESS,26/05/2026 18:46:22
TXN0001663,CUST000121,neft,"1,434.51",,2026-03-17 16:00:03
TXN0001664,CUST004386,UPI,529.22,success,14-04-2026 17:45
TXN0001665,CUST001320,Bill_Pay,981.29,SUCCESS,14-07-2026 14:04
TXN0001666,CUST004116,BILL_PAY,167.8,TIMED_OUT,01/16/2026 03:52 PM
TXN0001667,CUST002605,BILL_PAY,736.75,SUCCESS,2026-04-09 06:03:52
TXN0001668,CUST004219,BILL_PAY,18.37,success,2026-06-08 04:54:28
TXN0001669,CUST001772,imps,2827.63,SUCCESS,2026-06-09 18:38:49
TXN0001670,CUST001505,BILL_PAY,1690.68,SUCCESS,06-03-2026 22:46
TXN0001671,CUST003836,BILL_PAY,213.0,Success,2026-07-23 01:11:32
TXN0001672,CUST003830,Bill_Pay,5414.5,FAILED,2026-03-06 15:25:48
TXN0001673,CUST004074,Neft,2598.64,success,2026-01-16 05:01:26
TXN0001674,CUST005043,Bill_Pay,176.35,success,2026-07-21 18:53:36
TXN0001675,CUST004560,BILL_PAY,352.56,SUCCESS,2026-06-05 06:16:18
TXN0001676,CUST002170,NEFT,187.19,success,2026-03-08 20:20:57
TXN0001677,CUST000176,neft,1015.37,SUCCESS,17/03/2026 14:29:28
TXN0001678,CUST002914,neft,335.49,SUCCESS,07/23/2026 08:00 AM
TXN0001679,CUST003572,NEFT,67.04,SUCCESS,09-04-2026 01:15
TXN0001680,CUST000238,imps,612.56,Success,16/01/2026 18:25:31
TXN0001681,CUST003430,IMPS,-1985.52,SUCCESS,2026-02-28 19:17:42
TXN0001682,CUST000921,NEFT,-755.14,SUCCESS,07/11/2026 10:44 AM
TXN0001683,CUST004119,BILL PAY,1276.88,Success,30-01-2026 04:51
TXN0001684,CUST001753,Neft,845.37,SUCCESS,04/12/2026 01:51 AM
TXN0001685,CUST003002,IMPS,1601.97,SUCCESS,2026-02-22 02:46:54
TXN0001686,CUST004485,BILL_PAY,940.55,SUCCESS,06/04/2026 15:52:16
TXN0001687,CUST000065,NEFT,574.07,success,16/03/2026 16:39:23
TXN0001688,CUST002784,IMPS,-744.0,SUCCESS,06/06/2026 15:09:08
TXN0001689,CUST002311,UPI,4103.82,Success,2026-02-05 21:47:45
TXN0001690,CUST005155,upi,1369.97,Success,2026-03-24 20:14:46
TXN0001691,CUST000698,UPI,212.24,SUCCESS,23-04-2026 07:28
TXN0001692,CUST004970,IMPS,729.95,SUCCESS,13-05-2026 00:05
TXN0001693,CUST000846,BILL PAY,993.28,Success,07/02/2026 01:39:02
TXN0001694,CUST003531,UPI,552.08,Timed_Out,2026-02-11 23:09:46
TXN0001695,CUST000882,Neft,67.4,SUCCESS,2026-04-18 07:31:27
TXN0001696,CUST003140,BILL_PAY,236.88,SUCCESS,2026-03-20 04:32:09
TXN0001697,CUST002293,NEFT,404.91,Success,2026-03-08 03:08:57
TXN0001698,CUST003917,imps,6407.5,Success,06-07-2026 00:57
TXN0001699,CUST004474,IMPS,1191.83,SUCCESS,03-01-2026 08:43
TXN0001700,CUST000577,imps,103.88,SUCCESS,01/09/2026 07:20 PM
TXN0001701,CUST003465,UPI,-594.45,SUCCESS,20/01/2026 13:05:52
TXN0001702,CUST003059,Bill_Pay,3264.81,success,2026-02-05 09:13:44
TXN0001703,CUST000034,bill_pay,330.19,SUCCESS,16-03-2026 14:35
TXN0001704,CUST000741,Bill_Pay,2312.43,SUCCESS,27-01-2026 05:22
TXN0001705,CUST003542,upi,107.42,success,05/03/2026 08:10:33
TXN0001706,CUST002993,upi,22.23,SUCCESS,2026-04-26 15:46:27
TXN0001707,CUST001313,NEFT,"2,808.24",SUCCESS,2026-07-08 03:26:13
TXN0001708,CUST004661,NEFT,-381.54,SUCCESS,25/07/2026 03:32:56
TXN0001709,CUST003130,,70.55,Failed,27-01-2026 16:58
TXN0001710,CUST001447,IMPS,417.29,SUCCESS,2026-06-17 04:45:00
TXN0001711,CUST004380,upi,835.9,SUCCESS,28-07-2026 08:56
TXN0001712,CUST000541,upi,1140.32,SUCCESS,27-05-2026 00:02
TXN0001713,CUST003936,Imps,33.58,SUCCESS,2026-02-06 09:20:39
TXN0001714,CUST001325,bill_pay,301.9,success,2026-06-21 14:34:33
TXN0001715,CUST003421,neft,713.93,Success,07/07/2026 07:16 PM
TXN0001716,CUST003574,BILL_PAY,1137.11,SUCCESS,21-06-2026 05:08
TXN0001717,CUST002951,NEFT,209.5,SUCCESS,2026-02-24 19:47:23
TXN0001718,CUST002229,UPI,519.08,FAILED,2026-07-15 17:04:24
TXN0001719,CUST000353,upi,329.03,SUCCESS,2026-01-23 05:11:32
TXN0001720,CUST003931,Bill_Pay,870.49,Success,2026-02-08 20:19:12
TXN0001721,CUST004496,UPI,2672.82,Success,24/05/2026 14:22:41
TXN0001722,CUST004155,UPI,444.3,Success,2026-07-11 19:16:48
TXN0001723,CUST003810,Neft,128.25,Success,2026-05-18 00:35:37
TXN0001724,CUST003910,neft,283.91,SUCCESS,2026-03-19 10:27:54
TXN0001725,CUST002010,IMPS,5334.36,success,23-04-2026 03:30
TXN0001726,CUST000971,Upi,Rs.237.91,Success,03-01-2026 05:50
TXN0001727,CUST001051,BILL_PAY,157.18,Success,18-07-2026 17:38
TXN0001728,CUST001663,UPI,413.72,Success,08-04-2026 21:38
TXN0001729,CUST002483,UPI,594.63,SUCCESS,2026-07-19 16:56:33
TXN0001730,CUST004105,upi,352.41,FAILED,2026-03-12 12:32:43
TXN0001731,CUST002345,imps,108.05,Success,2026-02-11 14:43:04
TXN0001732,CUST001289,BILL PAY,978.39,Success,14/02/2026 08:01:21
TXN0001733,CUST001041,UPI,871.59,success,2026-06-08 20:19:01
TXN0001734,CUST001526,UPI,1527.32,Success,2026-01-12 19:20:42
TXN0001735,CUST000666,BILL_PAY,-847.93,success,2026-01-12 15:52:32
TXN0001736,CUST001190,NEFT,4713.7,SUCCESS,23/07/2026 05:26:55
TXN0001737,CUST000107,neft,-1686.12,Success,31/05/2026 10:57:18
TXN0001738,CUST000759,UPI,1291.61,SUCCESS,2026-05-14 18:28:21
TXN0001739,CUST001162,neft,"Rs.2,809.15",success,2026-05-16 14:20:35
TXN0001740,CUST001018,Upi,787.16,SUCCESS,2026-06-02 00:50:41
TXN0001741,CUST004221,Neft,532.18,SUCCESS,2026-01-04 23:58:42
TXN0001742,CUST003630,NEFT,-964.88,SUCCESS,2026-02-11 01:24:23
TXN0001743,CUST001730,BILL_PAY,63.99,Success,11-01-2026 04:04
TXN0001744,CUST000821,Upi,790.22,SUCCESS,09-05-2026 04:47
TXN0001745,CUST004612,IMPS,593.86,Success,2026-02-25 20:02:22
TXN0001746,CUST003641,UPI,1100.51,success,04/02/2026 09:40:50
TXN0001747,CUST004348,UPI,2321.73,FAILED,14-07-2026 07:45
TXN0001748,CUST003755,NEFT,1339.77,SUCCESS,2026-02-16 17:28:03
TXN0001749,CUST000107,bill_pay,284.78,TIMED_OUT,2026-02-02 04:29:05
TXN0001750,CUST003779,IMPS,1856.91,Success,2026-07-11 08:10:08
TXN0001751,CUST003575,NEFT,4814.45,SUCCESS,2026-02-11 02:13:41
TXN0001752,CUST001496,IMPS,2403.62,success,03/01/2026 12:58 AM
TXN0001753,CUST002551,UPI,140.93,SUCCESS,12/06/2026 23:24:22
TXN0001754,CUST000834,UPI,1321.96,SUCCESS,2026-06-09 21:53:31
TXN0001755,CUST002012,IMPS,164.99,,2026-04-21 21:11:03
TXN0001756,CUST003891,,473.54,SUCCESS,2026-03-24 21:34:17
TXN0001757,CUST000812,Neft,1060.8,Success,2026-01-06 15:10:12
TXN0001758,CUST002066,UPI,899.44,Success,06-04-2026 17:57
TXN0001759,CUST000670,Bill_Pay,2341.27,Success,2026-07-01 00:55:38
TXN0001760,CUST002334,IMPS,4848.81,success,13/06/2026 01:55:17
TXN0001761,CUST004017,imps,"Rs.1,199.25",FAILED,28-05-2026 04:43
TXN0001762,CUST003311,NEFT,432.84,,31-07-2026 01:06
TXN0001763,CUST000069,imps,67.27,SUCCESS,05/31/2026 07:46 PM
TXN0001764,CUST005070,NEFT,3235.58,SUCCESS,2026-03-24 16:54:54
TXN0001765,CUST000778,Neft,597.6,Success,2026-04-11 01:41:15
TXN0001766,CUST000945,UPI,635.82,SUCCESS,2026-06-05 23:01:47
TXN0001767,CUST002349,NEFT,698.96,SUCCESS,29/05/2026 05:30:57
TXN0001768,CUST001858,NEFT,1131.84,SUCCESS,2026-06-11 13:42:08
TXN0001769,CUST003848,imps,1173.99,success,2026-07-09 01:02:33
TXN0001770,CUST002512,NEFT,482.43,SUCCESS,03/14/2026 09:54 PM
TXN0001771,CUST000735,BILL_PAY,590.57,Success,2026-01-15 22:32:49
TXN0001772,CUST004683,BILL_PAY,322.67,success,27-03-2026 19:44
TXN0001773,CUST002122,neft,284.53,SUCCESS,2026-07-01 12:16:35
TXN0001774,CUST005100,UPI,282.98,Failed,2026-05-10 02:12:42
TXN0001775,CUST002974,neft,582.43,Success,2026-04-23 07:54:36
TXN0001776,CUST004152,BILL_PAY,226.79,failed,25-04-2026 20:39
TXN0001777,CUST002564,Upi,20.32,Success,11/02/2026 18:15:16
TXN0001778,CUST000649,BILL_PAY,424.2,SUCCESS,2026-05-22 15:56:01
TXN0001779,CUST003291,IMPS,150.67,success,
TXN0001780,CUST004156,Upi,758.46,SUCCESS,2026-05-04 14:06:57
TXN0001781,CUST003613,UPI,321.24,SUCCESS,
TXN0001782,CUST003660,BILL_PAY,"1,149.50",success,02/04/2026 00:49:57
TXN0001783,CUST004771,bill_pay,166.46,SUCCESS,06-03-2026 14:21
TXN0001784,CUST001523,IMPS,81.27,SUCCESS,28/07/2026 00:03:41
TXN0001785,CUST003162,upi,592.32,SUCCESS,2026-05-01 14:55:34
TXN0001786,CUST000136,neft,-403.77,SUCCESS,11-03-2026 21:18
TXN0001787,CUST004398,Upi,136.93,FAILED,29/03/2026 20:55:02
TXN0001788,CUST004578,bill_pay,1687.89,Failed,21/04/2026 04:55:37
TXN0001789,CUST004020,NEFT,Rs.199.80,SUCCESS,2026-06-22 11:10:56
TXN0001790,CUST004932,NEFT,269.64,SUCCESS,2026-06-09 09:46:03
TXN0001791,CUST002649,Upi,2143.89,SUCCESS,08/07/2026 18:17:10
TXN0001792,CUST004232,NEFT,1234.91,SUCCESS,21/02/2026 13:02:58
TXN0001793,CUST001647,NEFT,176.9,Success,13/06/2026 16:54:16
TXN0001794,CUST001137,NEFT,447.22,SUCCESS,2026-03-19 16:56:23
TXN0001795,CUST003947,bill_pay,158.2,success,03/07/2026 01:57 AM
TXN0001796,CUST002152,BILL_PAY,1943.87,TIMEDOUT,2026-04-13 03:43:05
TXN0001797,CUST000831,NEFT,"1,942.14",FAILED,14-07-2026 06:20
TXN0001798,CUST000085,Neft,5976.22,success,2026-07-06 23:35:02
TXN0001799,CUST003483,BILL_PAY,-10280.27,success,05-02-2026 15:55
TXN0001800,CUST000367,NEFT,316.98,SUCCESS,2026-04-11 07:30:32
TXN0001801,CUST000606,Neft,1564.39,SUCCESS,2026-07-15 09:12:34
TXN0001802,CUST003564,Neft,69.42,success,15-02-2026 19:02
TXN0001803,CUST001538,Bill_Pay,830.65,SUCCESS,2026-04-08 14:46:23
TXN0001804,CUST001983,Upi,1108.25,SUCCESS,2026-06-15 18:16:06
TXN0001805,CUST005130,Imps,-212.13,SUCCESS,2026-03-02 18:05:03
TXN0001806,CUST002774,upi,295.19,SUCCESS,04/22/2026 12:54 AM
TXN0001807,CUST002614,upi,1959.57,SUCCESS,12-07-2026 08:49
TXN0001808,CUST000108,IMPS,"1,143.07",Success,2026-07-06 11:06:23
TXN0001809,CUST000309,,4918.06,Success,2026-01-01 15:28:02
TXN0001810,CUST003443,BILL_PAY,4137.66,SUCCESS,08/06/2026 15:22:37
TXN0001811,CUST004421,UPI,91.11,Success,06/02/2026 08:58 AM
TXN0001812,CUST005036,bill_pay,Rs.354.48,SUCCESS,02/28/2026 08:58 PM
TXN0001813,CUST000429,IMPS,188.64,SUCCESS,11-02-2026 09:12
TXN0001814,CUST002543,IMPS,1650.77,Success,29-03-2026 16:17
TXN0001815,CUST001773,IMPS,934.96,Success,2026-01-28 08:38:16
TXN0001816,CUST002214,NEFT,203.27,Success,2026-06-20 01:04:51
TXN0001817,CUST000131,UPI,Rs.240.75,Success,2026-06-17 05:25:17
TXN0001818,CUST005083,Bill_Pay,2979.6,Failed,2026-01-15 00:21:48
TXN0001819,CUST002174,IMPS,402.83,success,2026-03-14 00:30:20
TXN0001820,CUST001096,BILL_PAY,58.5,success,23/04/2026 01:21:30
TXN0001821,CUST003277,BILL_PAY,184.01,SUCCESS,2026-07-17 07:57:14
TXN0001822,CUST003948,UPI,6592.6,Success,14-01-2026 22:21
TXN0001823,CUST000654,upi,"Rs.2,228.16",Timed_Out,25-04-2026 19:08
TXN0001824,CUST003363,Bill_Pay,147.54,SUCCESS,24-04-2026 12:56
TXN0001825,CUST004714,NEFT,830.19,SUCCESS,2026-07-02 14:28:13
TXN0001826,CUST004587,IMPS,2049.8,success,03-07-2026 01:19
TXN0001827,CUST001332,UPI,89.81,FAILED,2026-04-23 00:33:21
TXN0001828,CUST000418,BILL_PAY,2369.59,SUCCESS,03/01/2026 13:46:34
TXN0001829,CUST004243,Imps,1129.54,success,2026-06-27 09:11:18
TXN0001830,CUST004953,BILL_PAY,275.95,SUCCESS,2026-07-31 23:00:03
TXN0001831,CUST004082,Neft,1371.82,Success,20/06/2026 06:03:30
TXN0001832,CUST003574,bill_pay,951.26,Success,16/01/2026 01:40:12
TXN0001833,CUST001073,IMPS,-1033.95,SUCCESS,2026-07-27 10:59:08
TXN0001834,CUST003982,NEFT,794.5,Success,20-03-2026 02:57
TXN0001835,CUST000627,neft,231.07,SUCCESS,2026-05-26 13:35:06
TXN0001836,CUST001159,Imps,282.97,SUCCESS,2026-06-08 01:49:55
TXN0001837,CUST001287,NEFT,499.83,SUCCESS,28-06-2026 14:15
TXN0001838,CUST000177,Upi,702.89,success,14-03-2026 09:10
TXN0001839,CUST001371,BILL_PAY,1478.08,SUCCESS,2026-04-20 21:52:37
TXN0001840,CUST000333,UPI,6832.6,SUCCESS,2026-07-17 11:14:14
TXN0001841,CUST005040,bill_pay,878.08,success,2026-07-10 08:03:33
TXN0001842,CUST003184,upi,1444.89,SUCCESS,2026-07-18 11:29:26
TXN0001843,CUST001587,Imps,1915.41,Success,10-01-2026 00:29
TXN0001844,CUST001343,BILL PAY,1580.29,SUCCESS,02/12/2026 10:14 AM
TXN0001845,CUST003856,imps,221.51,Success,2026-07-15 21:58:17
TXN0001846,CUST001216,Upi,3383.04,Success,2026-02-26 11:04:02
TXN0001847,CUST001955,UPI,2708.74,TIMED_OUT,2026-01-15 01:23:18
TXN0001848,CUST000888,UPI,-781.45,SUCCESS,2026-03-06 23:41:49
TXN0001849,CUST003610,NEFT,236.5,success,2026-04-04 10:54:01
TXN0001850,CUST002582,UPI,689.55,SUCCESS,2026-04-08 05:34:03
TXN0001851,CUST000707,BILL_PAY,102.13,Success,2026-03-24 15:17:29
TXN0001852,CUST004468,neft,"Rs.4,040.42",SUCCESS,2026-02-15 12:52:04
TXN0001853,CUST000241,NEFT,313.16,SUCCESS,
TXN0001854,CUST000734,,470.76,Timed_Out,2026-01-20 08:20:19
TXN0001855,CUST001388,NEFT,3649.11,failed,03/03/2026 09:33 PM
TXN0001856,CUST003595,neft,33.6,timed_out,2026-02-24 20:07:18
TXN0001857,CUST004603,IMPS,3078.99,SUCCESS,12/01/2026 04:58:33
TXN0001858,CUST003125,Imps,997.88,SUCCESS,2026-05-03 06:07:46
TXN0001859,CUST003200,Imps,4972.47,Success,20/03/2026 05:15:11
TXN0001860,CUST004932,UPI,213.88,success,2026-07-11 23:30:34
TXN0001861,CUST000620,Bill_Pay,998.51,SUCCESS,2026-03-28 05:48:42
TXN0001862,CUST003636,Neft,215.83,success,2026-03-01 01:11:57
TXN0001863,CUST000825,UPI,2492.36,SUCCESS,2026-05-14 23:26:25
TXN0001864,CUST001729,UPI,"Rs.2,377.12",FAILED,25-03-2026 14:04
TXN0001865,CUST003277,UPI,5505.08,Success,2026-02-19 18:08:36
TXN0001866,CUST004789,imps,664.89,success,2026-07-19 15:43:34
TXN0001867,CUST003319,imps,8129.51,success,05-03-2026 13:50
TXN0001868,CUST003041,NEFT,196.82,success,2026-03-20 15:53:24
TXN0001869,CUST004696,NEFT,623.48,SUCCESS,2026-02-24 04:48:40
TXN0001870,CUST000095,NEFT,204.64,Success,2026-05-31 19:07:50
TXN0001871,CUST002615,imps,841.64,success,2026-07-02 13:09:52
TXN0001872,CUST002042,BILL_PAY,224.78,SUCCESS,03/05/2026 00:41:35
TXN0001873,CUST000408,Bill_Pay,2501.52,Success,2026-07-27 18:37:40
TXN0001874,CUST000844,IMPS,1176.38,Success,2026-05-25 07:59:46
TXN0001875,CUST000733,upi,,Success,08/07/2026 19:58:29
TXN0001876,CUST002580,IMPS,"1,811.12",success,14/07/2026 10:49:22
TXN0001877,CUST004187,NEFT,4481.92,SUCCESS,06-04-2026 10:35
TXN0001878,CUST000146,NEFT,1324.63,success,2026-02-05 14:09:17
TXN0001879,CUST001138,UPI,129.15,Success,2026-07-26 00:11:48
TXN0001880,CUST002044,BILL PAY,556.26,success,12/02/2026 05:08:56
TXN0001881,CUST001611,Upi,1551.99,SUCCESS,2026-05-16 10:37:45
TXN0001882,CUST001835,imps,497.1,SUCCESS,2026-06-01 01:44:50
TXN0001883,CUST000953,IMPS,194.1,,2026-01-28 19:02:12
TXN0001884,CUST004177,BILL_PAY,2910.27,SUCCESS,2026-03-16 14:22:14
TXN0001885,CUST003968,UPI,472.83,SUCCESS,02-07-2026 15:53
TXN0001886,CUST002718,imps,4485.92,FAILED,2026-06-06 21:19:54
TXN0001887,CUST003723,BILL_PAY,356.64,SUCCESS,2026-06-04 08:45:10
TXN0001888,CUST001914,bill_pay,441.82,TIMED_OUT,16-06-2026 03:21
TXN0001889,CUST000941,neft,326.17,SUCCESS,07/05/2026 16:31:56
TXN0001890,CUST000296,BILL PAY,545.25,,06-01-2026 05:31
TXN0001891,CUST001630,upi,1152.63,timed_out,31/03/2026 10:10:53
TXN0001892,CUST004722,bill_pay,205.27,SUCCESS,02-02-2026 18:22
TXN0001893,CUST004931,BILL_PAY,166.67,SUCCESS,26/04/2026 08:01:47
TXN0001894,CUST003467,NEFT,87.81,FAILED,18-07-2026 01:34
TXN0001895,CUST000278,IMPS,77.27,success,2026-01-30 03:17:13
TXN0001896,CUST001629,Imps,130.77,SUCCESS,03/02/2026 08:21 PM
TXN0001897,CUST004866,neft,353.88,SUCCESS,2026-03-03 01:30:56
TXN0001898,CUST000376,NEFT,823.28,FAILED,01/07/2026 05:09:15
TXN0001899,CUST003869,BILL_PAY,1075.54,SUCCESS,05-03-2026 13:33
TXN0001900,CUST001122,BILL PAY,778.43,SUCCESS,07/16/2026 03:13 AM
TXN0001901,CUST002220,neft,3793.76,Success,29-03-2026 16:23
TXN0001902,CUST005187,upi,5817.56,Success,2026-03-08 17:11:47
TXN0001903,CUST002040,NEFT,475.43,SUCCESS,08-02-2026 08:24
TXN0001904,CUST003141,IMPS,209.05,SUCCESS,02-07-2026 15:42
TXN0001905,CUST001301,IMPS,8938.0,failed,2026-02-15 11:05:37
TXN0001906,CUST000433,BILL_PAY,2775.7,SUCCESS,2026-01-15 23:34:41
TXN0001907,CUST001432,,2507.6,success,12/03/2026 16:50:30
TXN0001908,CUST004224,Imps,338.07,SUCCESS,22-01-2026 10:46
TXN0001909,CUST001685,NEFT,1870.5,Success,2026-06-16 14:52:02
TXN0001910,CUST003352,Imps,785.93,SUCCESS,01/06/2026 10:35 PM
TXN0001911,CUST001209,IMPS,608.64,Success,30-04-2026 12:20
TXN0001912,CUST003597,Imps,607.41,success,16-06-2026 17:52
TXN0001913,CUST000305,IMPS,,SUCCESS,2026-04-07 17:26:08
TXN0001914,CUST000988,BILL_PAY,3971.65,Success,18-05-2026 07:20
TXN0001915,CUST001373,Bill_Pay,10155.19,SUCCESS,2026-01-16 13:30:53
TXN0001916,CUST000119,,409.41,SUCCESS,16-03-2026 22:11
TXN0001917,CUST002917,NEFT,840.99,success,02-07-2026 02:32
TXN0001918,CUST004197,Bill_Pay,590.75,FAILED,11-02-2026 00:04
TXN0001919,CUST004908,NEFT,1122.34,success,07/05/2026 03:21 AM
TXN0001920,CUST004603,Bill_Pay,31.86,FAILED,2026-02-15 01:19:07
TXN0001921,CUST000075,IMPS,509.3,success,2026-03-25 23:37:39
TXN0001922,CUST003789,Upi,7756.1,TIMED_OUT,03-04-2026 06:16
TXN0001923,CUST004175,Neft,295.92,SUCCESS,01/01/2026 08:21:56
TXN0001924,CUST002913,UPI,410.06,success,15-05-2026 01:14
TXN0001925,CUST004035,neft,343.73,success,20-01-2026 10:23
TXN0001926,CUST001279,Imps,557.56,FAILED,18-04-2026 07:11
TXN0001927,CUST000033,BILL_PAY,141.01,success,2026-03-20 01:57:28
TXN0001928,CUST004435,BILL PAY,351.21,SUCCESS,09/01/2026 11:51:32
TXN0001929,CUST003866,imps,1108.78,SUCCESS,17-07-2026 23:50
TXN0001930,CUST004166,IMPS,1098.66,SUCCESS,06/02/2026 20:46:34
TXN0001931,CUST003410,IMPS,900.62,success,21/03/2026 02:52:59
TXN0001932,CUST001956,BILL_PAY,3503.22,SUCCESS,03/05/2026 10:45 PM
TXN0001933,CUST003482,Imps,1164.28,success,2026-06-05 16:25:08
TXN0001934,CUST004918,Upi,"3,345.83",TIMED_OUT,24/02/2026 18:48:05
TXN0001935,CUST000249,BILL_PAY,10167.2,success,21-07-2026 00:34
TXN0001936,CUST002044,Bill_Pay,1933.03,success,2026-04-01 15:59:56
TXN0001937,CUST002693,BILL_PAY,141.75,Success,23-06-2026 01:42
TXN0001938,CUST004371,bill_pay,945.07,success,2026-04-21 05:07:19
TXN0001939,CUST003685,NEFT,787.75,Success,2026-02-23 00:10:39
TXN0001940,CUST003353,neft,0,SUCCESS,2026-06-24 19:36:42
TXN0001941,CUST001392,UPI,581.84,Success,2026-01-24 02:36:08
TXN0001942,CUST003687,neft,253.16,SUCCESS,2026-04-27 00:27:45
TXN0001943,CUST004134,BILL_PAY,374.96,success,2026-05-05 14:42:28
TXN0001944,CUST003482,UPI,147.5,SUCCESS,
TXN0001945,CUST002034,IMPS,19.78,SUCCESS,2026-06-09 06:59:05
TXN0001946,CUST001521,Imps,"7,813.17",SUCCESS,2026-05-11 17:16:07
TXN0001947,CUST002835,NEFT,680.33,success,07/10/2026 04:19 PM
TXN0001948,CUST004333,imps,163.04,SUCCESS,2026-03-20 16:23:10
TXN0001949,CUST000167,UPI,5089.16,FAILED,2026-04-02 05:29:56
TXN0001950,CUST003492,BILL PAY,6481.75,Success,07/13/2026 07:11 PM
TXN0001951,CUST000711,UPI,820.85,Success,2026-04-28 22:12:31
TXN0001952,CUST001378,BILL_PAY,133.74,SUCCESS,02-02-2026 12:38
TXN0001953,CUST000170,Imps,385.5,success,2026-03-18 21:08:49
TXN0001954,CUST000630,UPI,511.64,Success,2026-03-31 18:46:48
TXN0001955,CUST003125,Imps,,Success,2026-07-06 16:28:48
TXN0001956,CUST001510,Bill_Pay,186.28,SUCCESS,2026-05-09 19:15:57
TXN0001957,CUST004801,Bill_Pay,2150.33,success,2026-04-07 22:28:09
TXN0001958,CUST002257,IMPS,53.16,success,2026-05-25 21:01:17
TXN0001959,CUST002354,IMPS,2655.29,SUCCESS,2026-04-10 04:18:17
TXN0001960,CUST002010,neft,3510.87,SUCCESS,23/07/2026 18:37:12
TXN0001961,CUST000749,IMPS,431.14,SUCCESS,2026-01-17 08:12:14
TXN0001962,CUST004972,Upi,615.83,SUCCESS,2026-03-08 08:30:34
TXN0001963,CUST001845,BILL_PAY,4172.35,SUCCESS,24/04/2026 00:35:04
TXN0001964,CUST002451,Upi,1477.21,SUCCESS,2026-03-17 02:11:39
TXN0001965,CUST000579,Imps,449.25,SUCCESS,2026-02-16 21:50:51
TXN0001966,CUST000014,Bill_Pay,514.84,success,2026-06-22 02:04:23
TXN0001967,CUST002690,imps,1228.81,success,2026-02-09 19:33:27
TXN0001968,CUST000505,IMPS,6783.07,FAILED,12-06-2026 07:40
TXN0001969,CUST002948,UPI,533.91,SUCCESS,06/05/2026 17:08:58
TXN0001970,CUST000397,NEFT,433.54,SUCCESS,26-06-2026 06:36
TXN0001971,CUST002792,UPI,702.23,SUCCESS,2026-03-04 06:23:00
TXN0001972,CUST002440,Upi,707.29,success,2026-05-25 19:46:26
TXN0001973,CUST004144,Neft,980.02,success,05-03-2026 10:13
TXN0001974,CUST001175,UPI,618.19,SUCCESS,09/05/2026 17:20:18
TXN0001975,CUST002184,UPI,2878.39,SUCCESS,22-03-2026 20:07
TXN0001976,CUST001336,IMPS,232.26,,04-07-2026 13:15
TXN0001977,CUST004867,upi,1120.72,failed,2026-06-02 17:01:55
TXN0001978,CUST005122,NEFT,1176.76,Success,15/05/2026 15:39:01
TXN0001979,CUST000560,Upi,256.04,success,24-03-2026 20:44
TXN0001980,CUST002204,bill_pay,1106.85,SUCCESS,17/04/2026 12:40:49
TXN0001981,CUST003898,NEFT,1215.97,TIMED_OUT,2026-02-18 13:55:05
TXN0001982,CUST001215,,33.38,SUCCESS,01-07-2026 17:21
TXN0001983,CUST002091,UPI,208.76,SUCCESS,31-07-2026 23:48
TXN0001984,CUST003941,IMPS,4698.5,SUCCESS,2026-05-21 23:04:33
TXN0001985,CUST004826,bill_pay,330.92,SUCCESS,2026-05-19 09:08:44
TXN0001986,CUST002687,Neft,162.61,success,10-07-2026 09:08
TXN0001987,CUST005005,NEFT,73.85,Success,2026-02-10 19:43:25
TXN0001988,CUST003876,NEFT,188.37,Success,20-06-2026 15:05
TXN0001989,CUST002555,NEFT,587.5,SUCCESS,2026-06-10 07:19:04
TXN0001990,CUST000610,BILL_PAY,150.38,Success,2026-04-11 01:08:16
TXN0001991,CUST001597,UPI,1502.28,success,07-04-2026 14:18
TXN0001992,CUST001983,imps,250.92,success,16-02-2026 20:07
TXN0001993,CUST003629,neft,989.32,SUCCESS,03/18/2026 03:59 PM
TXN0001994,CUST000909,upi,3794.1,success,2026-05-09 23:19:51
TXN0001995,CUST002840,BILL_PAY,3469.6,Success,2026-05-03 00:58:08
TXN0001996,CUST002997,IMPS,968.51,SUCCESS,2026-01-26 23:32:13
TXN0001997,CUST004347,NEFT,,Success,2026-05-11 16:49:51
TXN0001998,CUST001806,Imps,,SUCCESS,
TXN0001999,CUST003229,Upi,1008.33,success,11/05/2026 17:53:36
TXN0002000,CUST002707,Upi,13546.29,success,2026-06-11 04:42:27
TXN0002001,CUST001698,NEFT,73.11,SUCCESS,29-07-2026 10:59
TXN0002002,CUST005134,BILL_PAY,639.87,success,16-07-2026 05:29
TXN0002003,CUST004708,bill_pay,1434.61,success,2026-07-09 19:22:18
TXN0002004,CUST001332,Bill_Pay,771.0,success,2026-01-13 15:49:03
TXN0002005,CUST002836,UPI,879.49,success,2026-05-30 02:06:37
TXN0002006,CUST004999,Neft,268.24,SUCCESS,2026-05-10 20:41:42
TXN0002007,CUST003791,BILL_PAY,2100.78,success,2026-07-21 03:45:01
TXN0002008,CUST000231,upi,707.68,SUCCESS,2026-02-25 01:01:41
TXN0002009,CUST000546,Neft,875.58,Failed,22/02/2026 15:09:09
TXN0002010,CUST003809,IMPS,2414.34,success,2026-01-04 18:35:25
TXN0002011,CUST003455,UPI,465.46,success,22/03/2026 04:57:37
TXN0002012,CUST005101,UPI,3211.14,FAILED,06-06-2026 14:23
TXN0002013,CUST000263,IMPS,144.88,success,11-07-2026 22:23
TXN0002014,CUST001915,IMPS,938.56,success,2026-03-26 01:31:30
TXN0002015,CUST003550,neft,250.02,SUCCESS,05-05-2026 05:32
TXN0002016,CUST004721,Imps,185.03,SUCCESS,17/06/2026 14:37:58
TXN0002017,CUST000315,neft,6663.77,SUCCESS,10-01-2026 20:16
TXN0002018,CUST002424,bill_pay,-153.32,SUCCESS,18-05-2026 18:18
TXN0002019,CUST003175,neft,724.52,success,22/01/2026 07:16:55
TXN0002020,CUST001672,BILL_PAY,140.86,Success,2026-05-06 15:26:59
TXN0002021,CUST000776,IMPS,2943.93,SUCCESS,2026-07-08 05:00:50
TXN0002022,CUST004711,UPI,413.44,success,03/30/2026 03:31 AM
TXN0002023,CUST004814,BILL PAY,2397.2,failed,2026-03-04 08:09:16
TXN0002024,CUST000097,Upi,1373.26,SUCCESS,16-01-2026 22:14
TXN0002025,CUST002895,imps,10555.12,Success,2026-04-22 12:06:18
TXN0002026,CUST004527,BILL_PAY,112.69,Success,07/03/2026 08:40 AM
TXN0002027,CUST004147,Bill_Pay,206.84,FAILED,19-04-2026 14:40
TXN0002028,CUST000662,Upi,2227.33,SUCCESS,27/07/2026 05:03:06
TXN0002029,CUST001570,,-995.63,success,10/02/2026 14:11:47
TXN0002030,CUST002474,NEFT,506.25,SUCCESS,2026-06-04 21:13:35
TXN0002031,CUST004727,Imps,,SUCCESS,11-01-2026 15:47
TXN0002032,CUST003949,BILL PAY,665.69,success,2026-05-11 13:57:43
TXN0002033,CUST000186,Bill_Pay,Rs.260.91,SUCCESS,09-05-2026 01:36
TXN0002034,CUST003023,BILL_PAY,2436.66,SUCCESS,2026-01-30 02:20:35
TXN0002035,CUST002685,IMPS,692.86,FAILED,2026-01-12 15:06:06
TXN0002036,CUST001484,Neft,760.25,SUCCESS,02-04-2026 11:02
TXN0002037,CUST000856,UPI,1527.56,success,2026-04-08 17:24:07
TXN0002038,CUST004705,BILL_PAY,1606.1,TIMEDOUT,29-05-2026 11:47
TXN0002039,CUST004756,Imps,203.78,SUCCESS,06/28/2026 02:32 PM
TXN0002040,CUST000750,Bill_Pay,472.96,success,2026-07-11 02:02:58
TXN0002041,CUST005057,Imps,128.07,SUCCESS,02/05/2026 01:36:38
TXN0002042,CUST001211,UPI,"Rs.1,014.12",success,08/05/2026 19:00:40
TXN0002043,CUST000781,Upi,6485.48,,05/03/2026 05:19:20
TXN0002044,CUST000970,bill_pay,213.26,SUCCESS,2026-03-23 02:26:28
TXN0002045,CUST004417,imps,104.44,SUCCESS,2026-03-27 02:42:24
TXN0002046,CUST004532,BILL_PAY,311.28,Success,2026-01-02 03:57:23
TXN0002047,CUST003941,BILL PAY,501.12,SUCCESS,2026-04-29 18:16:25
TXN0002048,CUST001992,Imps,1624.61,failed,29-03-2026 17:44
TXN0002049,CUST003664,Neft,442.77,TIMED_OUT,04-04-2026 22:27
TXN0002050,CUST004084,Imps,1036.99,Success,2026-02-03 02:10:25
TXN0002051,CUST001960,BILL_PAY,366.38,SUCCESS,2026-01-15 10:00:49
TXN0002052,CUST003945,BILL PAY,534.28,Success,2026-01-09 03:56:59
TXN0002053,CUST002699,BILL_PAY,251.34,SUCCESS,16-02-2026 02:52
TXN0002054,CUST001872,UPI,174.71,FAILED,07/17/2026 12:09 AM
TXN0002055,CUST005100,bill_pay,1701.81,success,2026-07-19 21:52:52
TXN0002056,CUST002394,Neft,396.49,Success,13-03-2026 02:46
TXN0002057,CUST002527,NEFT,1134.25,FAILED,2026-03-07 02:27:11
TXN0002058,CUST003164,Upi,246.96,SUCCESS,06/05/2026 13:02:15
TXN0002059,CUST002757,IMPS,670.9,SUCCESS,2026-03-12 15:16:54
TXN0002060,CUST000497,BILL_PAY,54.39,SUCCESS,29/01/2026 00:18:41
TXN0002061,CUST004959,NEFT,431.8,SUCCESS,28-04-2026 17:00
TXN0002062,CUST001472,Neft,277.64,failed,2026-06-27 18:49:43
TXN0002063,CUST002027,IMPS,2782.99,SUCCESS,2026-07-15 12:14:07
TXN0002064,CUST000484,upi,147.02,SUCCESS,19-07-2026 20:44
TXN0002065,CUST003159,IMPS,560.83,Success,2026-03-13 02:36:07
TXN0002066,CUST001944,upi,998.67,SUCCESS,2026-05-19 03:38:44
TXN0002067,CUST004396,,2287.81,success,2026-05-13 04:45:54
TXN0002068,CUST005081,upi,1894.63,SUCCESS,2026-03-02 14:05:17
TXN0002069,CUST001207,Imps,615.46,SUCCESS,23/03/2026 07:52:28
TXN0002070,CUST003507,Bill_Pay,725.93,Success,21-04-2026 20:38
TXN0002071,CUST002580,imps,2779.56,SUCCESS,2026-03-26 06:51:24
TXN0002072,CUST000563,Upi,601.57,SUCCESS,2026-07-12 22:31:17
TXN0002073,CUST002574,upi,-824.22,success,22-01-2026 06:01
TXN0002074,CUST000042,Neft,2907.53,Success,18-04-2026 12:49
TXN0002075,CUST003025,UPI,13124.39,Success,2026-06-27 02:55:30
TXN0002076,CUST003588,Upi,913.91,SUCCESS,25-03-2026 12:50
TXN0002077,CUST004294,neft,1261.47,Success,2026-06-20 17:55:55
TXN0002078,CUST004295,UPI,1821.4,success,06/02/2026 05:46:17
TXN0002079,CUST000834,UPI,2869.33,SUCCESS,01/31/2026 08:18 AM
TXN0002080,CUST001762,BILL_PAY,2365.73,Failed,02/16/2026 09:20 PM
TXN0002081,CUST004714,BILL PAY,334.92,SUCCESS,22-01-2026 15:34
TXN0002082,CUST003644,neft,991.41,failed,29/06/2026 15:22:51
TXN0002083,CUST002689,BILL_PAY,2387.99,success,2026-05-17 11:38:26
TXN0002084,CUST000726,Upi,3801.46,success,25-03-2026 06:22
TXN0002085,CUST002054,IMPS,562.03,SUCCESS,10/03/2026 09:31:11
TXN0002086,CUST000605,BILL_PAY,962.12,SUCCESS,18/01/2026 12:56:06
TXN0002087,CUST000595,BILL_PAY,1106.41,,2026-02-26 01:09:21
TXN0002088,CUST002480,IMPS,697.38,SUCCESS,27/01/2026 00:26:08
TXN0002089,CUST004159,,931.89,SUCCESS,10-07-2026 15:57
TXN0002090,CUST001984,NEFT,51.46,FAILED,2026-06-19 19:14:07
TXN0002091,CUST001437,imps,32588.4,SUCCESS,2026-01-26 05:42:11
TXN0002092,CUST000769,BILL_PAY,10609.44,TIMEDOUT,27-02-2026 09:01
TXN0002093,CUST002215,IMPS,535.0,SUCCESS,01/01/2026 13:11:57
TXN0002094,CUST000360,Neft,585.46,SUCCESS,2026-01-05 04:48:03
TXN0002095,CUST003966,Imps,93.16,Success,02-01-2026 05:28
TXN0002096,CUST001989,Upi,77.97,success,28-03-2026 22:12
TXN0002097,CUST000601,NEFT,1207.43,success,02-07-2026 08:22
TXN0002098,CUST000619,NEFT,2401.2,,2026-01-19 10:42:58
TXN0002099,CUST005154,NEFT,1862.39,SUCCESS,30-01-2026 19:44
TXN0002100,CUST000449,Imps,246.2,SUCCESS,18-05-2026 06:03
TXN0002101,CUST003391,Neft,1722.98,Success,2026-07-25 04:48:00
TXN0002102,CUST000179,Neft,574.52,SUCCESS,2026-02-26 11:46:38
TXN0002103,CUST003386,NEFT,426.37,Success,2026-06-21 15:29:56
TXN0002104,CUST000658,UPI,131.94,SUCCESS,2026-04-19 20:59:19
TXN0002105,CUST004147,Upi,282.13,SUCCESS,2026-06-04 19:27:24
TXN0002106,CUST002070,BILL PAY,1243.31,success,2026-04-30 01:04:18
TXN0002107,CUST001011,Bill_Pay,-978.49,success,15-05-2026 17:34
TXN0002108,CUST004831,BILL_PAY,813.77,SUCCESS,14-02-2026 01:50
TXN0002109,CUST003849,BILL PAY,48.79,SUCCESS,03/18/2026 06:36 PM
TXN0002110,CUST001420,Imps,824.0,success,2026-07-08 10:23:17
TXN0002111,CUST003387,BILL PAY,329.27,success,12-02-2026 20:02
TXN0002112,CUST003121,Upi,987.25,TIMED_OUT,15-04-2026 21:19
TXN0002113,CUST000386,upi,2991.14,SUCCESS,2026-07-11 14:40:31
TXN0002114,CUST001804,Upi,388.44,success,18-01-2026 17:54
TXN0002115,CUST001765,neft,753.05,FAILED,2026-04-06 18:53:07
TXN0002116,CUST002186,NEFT,7711.68,FAILED,2026-04-20 08:43:25
TXN0002117,CUST004911,upi,927.81,SUCCESS,2026-07-14 01:42:44
TXN0002118,CUST000485,Imps,647.59,TIMEDOUT,2026-04-14 08:00:34
TXN0002119,CUST002882,NEFT,250.73,Success,31-03-2026 20:54
TXN0002120,CUST003513,UPI,1786.36,Timed_Out,2026-05-28 06:02:19
TXN0002121,CUST003762,Upi,0,SUCCESS,15-03-2026 19:11
TXN0002122,CUST001290,NEFT,3178.64,Success,27-02-2026 22:30
TXN0002123,CUST003015,Bill_Pay,1476.82,success,27/03/2026 12:34:31
TXN0002124,CUST005148,UPI,342.58,success,2026-07-30 21:17:07
TXN0002125,CUST002979,neft,260.24,success,2026-06-23 00:36:15
TXN0002126,CUST002108,imps,267.3,SUCCESS,13-01-2026 15:10
TXN0002127,CUST004318,bill_pay,79.42,Success,2026-03-04 07:31:04
TXN0002128,CUST003519,upi,1171.28,Success,2026-06-23 05:10:17
TXN0002129,CUST002556,NEFT,55.11,Success,24/02/2026 20:17:05
TXN0002130,CUST002219,IMPS,599.87,TIMEDOUT,24-02-2026 08:14
TXN0002131,CUST001190,NEFT,555.36,SUCCESS,09/02/2026 14:24:11
TXN0002132,CUST001566,Neft,449.42,Success,06-07-2026 17:38
TXN0002133,CUST004156,NEFT,1161.24,,2026-02-16 13:52:21
TXN0002134,CUST003858,BILL_PAY,343.55,SUCCESS,2026-01-09 11:16:37
TXN0002135,CUST000316,neft,826.56,success,2026-03-07 00:20:49
TXN0002136,CUST004223,NEFT,"3,177.77",TIMEDOUT,19-07-2026 06:56
TXN0002137,CUST004677,IMPS,1343.99,SUCCESS,2026-04-19 05:49:33
TXN0002138,CUST002376,NEFT,405.49,success,2026-02-10 23:57:18
TXN0002139,CUST003141,,671.46,SUCCESS,2026-05-05 02:54:39
TXN0002140,CUST003227,upi,450.01,FAILED,06/07/2026 11:24:53
TXN0002141,CUST000083,upi,Rs.546.10,SUCCESS,2026-04-03 11:26:01
TXN0002142,CUST004750,Bill_Pay,857.92,success,2026-01-19 14:15:13
TXN0002143,CUST001769,Imps,125.68,Success,22/06/2026 19:24:50
TXN0002144,CUST002199,UPI,97.48,success,04/14/2026 09:36 PM
TXN0002145,CUST000202,NEFT,227.84,Success,2026-05-04 12:39:11
TXN0002146,CUST005097,neft,1231.93,SUCCESS,05/30/2026 10:30 AM
TXN0002147,CUST003374,BILL PAY,1459.68,success,01/12/2026 11:46 PM
TXN0002148,CUST001642,Bill_Pay,1759.81,SUCCESS,2026-04-06 04:23:08
TXN0002149,CUST002506,NEFT,,success,2026-02-01 05:08:26
TXN0002150,CUST002095,Upi,747.85,SUCCESS,2026-04-21 05:14:39
TXN0002151,CUST003760,IMPS,420.15,Success,2026-03-05 17:59:28
TXN0002152,CUST002087,neft,573.37,success,2026-01-24 05:43:17
TXN0002153,CUST005051,neft,411.63,TIMEDOUT,2026-01-23 01:47:41
TXN0002154,CUST005000,Upi,918.88,SUCCESS,
TXN0002155,CUST001951,neft,297.63,Success,2026-02-10 15:50:16
TXN0002156,CUST000726,IMPS,2713.68,SUCCESS,06-06-2026 20:17
TXN0002157,CUST001424,NEFT,2747.01,success,2026-07-04 19:00:09
TXN0002158,CUST003742,BILL PAY,1184.52,Success,2026-04-22 19:11:36
TXN0002159,CUST004512,Upi,2306.08,SUCCESS,05/04/2026 12:30 PM
TXN0002160,CUST001345,Upi,120.59,SUCCESS,26-02-2026 07:40
TXN0002161,CUST005005,UPI,"Rs.2,937.12",Success,2026-04-25 07:52:43
TXN0002162,CUST005100,UPI,1049.13,success,20-03-2026 03:25
TXN0002163,CUST003604,neft,318.24,Success,2026-07-27 08:45:51
TXN0002164,CUST002440,upi,283.8,SUCCESS,28-05-2026 08:41
TXN0002165,CUST001632,UPI,4584.96,success,2026-06-06 10:36:35
TXN0002166,CUST002452,BILL_PAY,1797.0,SUCCESS,04/05/2026 22:59:14
TXN0002167,CUST001935,upi,555.61,SUCCESS,2026-04-09 05:37:46
TXN0002168,CUST001257,UPI,119.13,Success,2026-03-21 06:09:37
TXN0002169,CUST001603,Bill_Pay,3150.37,success,02/07/2026 07:44 PM
TXN0002170,CUST003649,bill_pay,176.16,,15-07-2026 03:58
TXN0002171,CUST004533,upi,428.97,Success,15-01-2026 10:52
TXN0002172,CUST001082,NEFT,554.71,Success,2026-07-30 14:54:47
TXN0002173,CUST002024,NEFT,279.0,SUCCESS,2026-03-11 23:03:16
TXN0002174,CUST004264,Imps,526.12,success,2026-03-11 04:31:42
TXN0002175,CUST003542,NEFT,659.54,success,2026-02-03 20:51:11
TXN0002176,CUST003667,BILL_PAY,513.51,SUCCESS,2026-05-13 23:52:32
TXN0002177,CUST000114,BILL_PAY,975.97,FAILED,2026-04-21 08:14:06
TXN0002178,CUST001492,BILL PAY,4838.41,success,01/23/2026 07:10 PM
TXN0002179,CUST003347,Imps,125.43,success,28/04/2026 01:29:11
TXN0002180,CUST003586,BILL PAY,803.77,FAILED,2026-03-26 13:22:47
TXN0002181,CUST001387,bill_pay,178.24,SUCCESS,2026-06-13 10:00:41
TXN0002182,CUST000729,BILL_PAY,113.03,Success,2026-04-14 13:46:44
TXN0002183,CUST000516,imps,2079.78,success,23/07/2026 16:47:32
TXN0002184,CUST000598,UPI,890.34,success,2026-06-13 17:48:11
TXN0002185,CUST004006,BILL_PAY,105.72,Success,2026-05-01 05:48:10
TXN0002186,CUST000358,upi,525.56,Failed,03/06/2026 07:25:42
TXN0002187,CUST002093,NEFT,72.78,Timed_Out,11-03-2026 05:12
TXN0002188,CUST001492,Bill_Pay,0,Success,20-01-2026 18:33
TXN0002189,CUST002687,imps,47.69,failed,2026-07-01 17:53:27
TXN0002190,CUST002941,IMPS,547.55,success,
TXN0002191,CUST000718,Bill_Pay,1527.56,Success,10-05-2026 19:03
TXN0002192,CUST001783,BILL PAY,"Rs.1,338.21",SUCCESS,04/07/2026 13:15:25
TXN0002193,CUST001672,neft,415.02,SUCCESS,06/24/2026 07:15 AM
TXN0002194,CUST000270,BILL PAY,2212.68,Failed,2026-02-10 01:52:40
TXN0002195,CUST000549,NEFT,3540.93,Success,2026-06-10 12:18:21
TXN0002196,CUST000431,IMPS,1560.34,Success,15-02-2026 13:34
TXN0002197,CUST002581,Imps,341.26,SUCCESS,2026-06-17 17:40:02
TXN0002198,CUST000768,NEFT,,success,2026-04-13 01:08:53
TXN0002199,CUST004568,IMPS,"4,618.08",success,2026-05-24 05:01:21
TXN0002200,CUST002369,bill_pay,451.95,Success,2026-01-11 04:49:59
TXN0002201,CUST001371,NEFT,1343.57,SUCCESS,2026-04-09 05:41:53
TXN0002202,CUST000955,UPI,274.75,success,08/06/2026 23:10:09
TXN0002203,CUST004307,Imps,2233.59,SUCCESS,28-05-2026 21:50
TXN0002204,CUST001999,UPI,241.31,SUCCESS,2026-03-14 22:03:50
TXN0002205,CUST003263,Imps,598.89,success,17/05/2026 18:10:25
TXN0002206,CUST004083,NEFT,1284.32,FAILED,06/12/2026 08:46 PM
TXN0002207,CUST004503,UPI,6164.76,Success,2026-02-13 16:28:28
TXN0002208,CUST003825,BILL_PAY,870.51,SUCCESS,2026-02-08 10:25:24
TXN0002209,CUST004706,IMPS,485.32,SUCCESS,10-07-2026 03:29
TXN0002210,CUST004102,Upi,444.23,SUCCESS,2026-02-13 21:58:35
TXN0002211,CUST004218,UPI,"2,105.62",SUCCESS,07-05-2026 12:34
TXN0002212,CUST004568,IMPS,1158.61,Success,14-06-2026 08:40
TXN0002213,CUST004338,IMPS,1488.97,success,2026-02-05 08:15:38
TXN0002214,CUST003677,bill_pay,4161.53,success,18/06/2026 04:27:54
TXN0002215,CUST000828,IMPS,714.87,SUCCESS,2026-01-26 21:55:26
TXN0002216,CUST004627,Bill_Pay,1059.95,SUCCESS,28/02/2026 19:05:55
TXN0002217,CUST004603,Bill_Pay,437.32,SUCCESS,14-07-2026 11:47
TXN0002218,CUST000024,IMPS,263.2,SUCCESS,2026-07-06 10:41:42
TXN0002219,CUST001313,NEFT,324.94,success,2026-07-06 06:37:51
TXN0002220,CUST001942,Neft,37.77,SUCCESS,2026-04-23 12:45:50
TXN0002221,CUST000945,Neft,1267.95,Success,18-06-2026 19:06
TXN0002222,CUST004278,IMPS,1111.9,Success,2026-05-04 10:50:51
TXN0002223,CUST002947,Bill_Pay,1234.42,success,2026-05-20 15:59:09
TXN0002224,CUST001249,upi,244.41,success,2026-04-14 04:38:15
TXN0002225,CUST004101,neft,331.37,Success,2026-05-07 21:15:37
TXN0002226,CUST002232,neft,319.37,success,2026-07-23 13:21:33
TXN0002227,CUST005072,NEFT,2540.71,Success,2026-07-10 16:16:44
TXN0002228,CUST001799,imps,831.89,success,14/04/2026 21:11:35
TXN0002229,CUST003988,Neft,705.69,SUCCESS,19-04-2026 23:05
TXN0002230,CUST004072,Bill_Pay,1673.39,SUCCESS,25/01/2026 23:16:44
TXN0002231,CUST003062,bill_pay,320.58,Success,2026-07-12 04:30:52
TXN0002232,CUST004250,imps,"Rs.1,028.38",Success,2026-04-01 21:59:48
TXN0002233,CUST003291,UPI,7467.61,Success,2026-02-25 12:57:58
TXN0002234,CUST003555,UPI,3129.95,Success,04/30/2026 10:34 PM
TXN0002235,CUST001335,Neft,1009.36,SUCCESS,2026-03-13 10:46:12
TXN0002236,CUST004938,bill_pay,738.07,FAILED,2026-03-20 07:54:22
TXN0002237,CUST000349,NEFT,1221.08,SUCCESS,07-07-2026 14:56
TXN0002238,CUST003855,neft,3777.31,success,29-04-2026 00:38
TXN0002239,CUST000729,imps,3412.07,SUCCESS,2026-04-03 16:40:21
TXN0002240,CUST003004,IMPS,4763.5,SUCCESS,02-05-2026 04:03
TXN0002241,CUST003189,BILL_PAY,890.21,SUCCESS,01-07-2026 20:17
TXN0002242,CUST001825,BILL_PAY,-54.68,Success,2026-04-24 04:25:17
TXN0002243,CUST004293,BILL_PAY,6688.43,SUCCESS,2026-05-23 19:24:43
TXN0002244,CUST000833,Imps,262.56,SUCCESS,2026-07-10 03:08:28
TXN0002245,CUST001149,UPI,62.14,failed,2026-03-14 21:28:59
TXN0002246,CUST002200,NEFT,1638.14,FAILED,2026-07-13 07:36:53
TXN0002247,CUST004184,IMPS,55.81,SUCCESS,21-03-2026 15:26
TXN0002248,CUST004970,BILL_PAY,688.25,SUCCESS,14-05-2026 15:15
TXN0002249,CUST000550,imps,54.96,FAILED,2026-03-27 16:17:37
TXN0002250,CUST002412,UPI,452.89,Success,2026-06-07 20:13:15
TXN0002251,CUST003425,IMPS,4779.32,Success,2026-06-27 19:11:43
TXN0002252,CUST004053,NEFT,,SUCCESS,2026-04-27 15:06:23
TXN0002253,CUST002124,BILL PAY,679.68,Success,2026-03-14 03:30:37
TXN0002254,CUST000580,Neft,1172.81,SUCCESS,03/25/2026 10:07 AM
TXN0002255,CUST003387,neft,25.91,Success,2026-07-01 21:23:28
TXN0002256,CUST002985,IMPS,312.35,Success,29-05-2026 04:23
TXN0002257,CUST000721,NEFT,370.21,SUCCESS,2026-07-16 01:53:39
TXN0002258,CUST000878,Neft,"Rs.1,422.25",SUCCESS,17-05-2026 20:36
TXN0002259,CUST003012,Imps,203.98,SUCCESS,24-07-2026 09:43
TXN0002260,CUST002791,neft,844.22,SUCCESS,2026-01-14 21:45:35
TXN0002261,CUST004108,bill_pay,604.93,SUCCESS,2026-01-02 20:31:06
TXN0002262,CUST002015,NEFT,331.97,success,2026-02-01 10:40:16
TXN0002263,CUST001987,IMPS,357.37,SUCCESS,2026-05-30 16:09:00
TXN0002264,CUST002916,upi,598.42,SUCCESS,12-02-2026 19:35
TXN0002265,CUST002575,bill_pay,72.08,SUCCESS,01/06/2026 12:53:10
TXN0002266,CUST002752,UPI,1703.27,success,2026-06-09 05:02:00
TXN0002267,CUST004780,imps,260.5,Success,2026-04-26 22:57:27
TXN0002268,CUST004025,bill_pay,486.99,timed_out,22-01-2026 16:24
TXN0002269,CUST003029,NEFT,4528.95,SUCCESS,2026-04-08 06:02:37
TXN0002270,CUST003939,imps,1741.59,Success,2026-03-29 05:10:34
TXN0002271,CUST000042,Bill_Pay,167.1,SUCCESS,2026-06-16 03:22:24
TXN0002272,CUST004877,NEFT,22.05,SUCCESS,05-06-2026 11:32
TXN0002273,CUST001104,Bill_Pay,1236.87,SUCCESS,2026-06-18 18:46:58
TXN0002274,CUST001528,Bill_Pay,509.88,,06/01/2026 00:11:46
TXN0002275,CUST001848,neft,850.4,success,2026-02-02 16:08:13
TXN0002276,CUST001269,Neft,"Rs.1,667.46",success,07/13/2026 05:06 AM
TXN0002277,CUST000380,bill_pay,2036.37,success,2026-05-28 08:00:33
TXN0002278,CUST000121,BILL PAY,404.19,SUCCESS,10-06-2026 19:58
TXN0002279,CUST002946,UPI,586.86,Success,2026-01-15 06:16:38
TXN0002280,CUST003334,UPI,1066.32,SUCCESS,10-01-2026 22:44
TXN0002281,CUST000365,Upi,1155.54,SUCCESS,31/05/2026 18:01:22
TXN0002282,CUST004658,neft,840.34,SUCCESS,10-06-2026 12:26
TXN0002283,CUST004171,BILL_PAY,3845.41,SUCCESS,13-03-2026 17:52
TXN0002284,CUST005060,Imps,1139.52,FAILED,03/30/2026 03:07 PM
TXN0002285,CUST001682,BILL_PAY,1635.79,SUCCESS,2026-01-05 09:09:45
TXN0002286,CUST000045,NEFT,929.94,Success,05/18/2026 06:46 PM
TXN0002287,CUST002664,NEFT,202.34,FAILED,2026-05-12 16:19:10
TXN0002288,CUST004617,IMPS,Rs.311.23,SUCCESS,28-03-2026 23:22
TXN0002289,CUST001958,Upi,159.64,SUCCESS,05/14/2026 09:04 PM
TXN0002290,CUST004936,imps,2356.15,SUCCESS,
TXN0002291,CUST004841,UPI,105.1,Success,2026-06-29 06:49:46
TXN0002292,CUST000990,,558.98,success,28-01-2026 15:28
TXN0002293,CUST004748,imps,430.2,SUCCESS,28/04/2026 18:03:53
TXN0002294,CUST001828,IMPS,59.8,TIMEDOUT,2026-01-25 17:54:48
TXN0002295,CUST002445,Neft,417.37,SUCCESS,2026-03-26 08:45:05
TXN0002296,CUST004067,Imps,460.94,success,16-06-2026 21:51
TXN0002297,CUST000912,UPI,-4986.1,success,02-05-2026 21:49
TXN0002298,CUST004463,IMPS,67.09,success,2026-07-19 15:03:54
TXN0002299,CUST004049,BILL_PAY,3207.99,failed,
TXN0002300,CUST003204,imps,508.17,SUCCESS,2026-05-20 11:59:41
TXN0002301,CUST004672,Bill_Pay,1865.91,success,2026-06-25 06:47:30
TXN0002302,CUST000685,NEFT,731.99,SUCCESS,30/05/2026 11:25:29
TXN0002303,CUST004387,UPI,177.98,failed,2026-03-01 06:06:04
TXN0002304,CUST004648,upi,0,success,05/07/2026 02:39 AM
TXN0002305,CUST004882,IMPS,2926.91,SUCCESS,2026-03-26 07:35:32
TXN0002306,CUST000648,imps,192.8,failed,04/18/2026 02:18 AM
TXN0002307,CUST003804,Upi,1359.12,SUCCESS,2026-04-06 09:57:55
TXN0002308,CUST002438,BILL_PAY,327.71,SUCCESS,26-07-2026 17:20
TXN0002309,CUST001035,Upi,109.92,SUCCESS,08-03-2026 10:25
TXN0002310,CUST002079,BILL_PAY,261.23,timed_out,2026-01-04 00:58:21
TXN0002311,CUST000660,UPI,3365.35,TIMEDOUT,2026-07-02 21:32:03
TXN0002312,CUST004683,BILL PAY,1926.44,SUCCESS,2026-04-29 17:02:02
TXN0002313,CUST002086,UPI,467.27,FAILED,29-04-2026 21:12
TXN0002314,CUST001994,Upi,"3,387.68",success,2026-06-19 08:11:45
TXN0002315,CUST001678,Imps,2631.31,SUCCESS,2026-04-14 00:39:18
TXN0002316,CUST004944,BILL_PAY,261.69,SUCCESS,2026-03-25 11:59:49
TXN0002317,CUST003635,Bill_Pay,4701.19,Success,05-06-2026 16:06
TXN0002318,CUST002024,upi,-425.3,Success,05/27/2026 08:42 PM
TXN0002319,CUST001471,NEFT,497.09,success,2026-06-18 17:42:17
TXN0002320,CUST002896,IMPS,68.85,success,2026-06-28 23:02:17
TXN0002321,CUST004083,IMPS,320.8,SUCCESS,2026-06-02 10:11:31
TXN0002322,CUST004872,IMPS,564.1,Failed,2026-04-11 12:12:06
TXN0002323,CUST001047,,962.19,SUCCESS,2026-01-05 21:20:32
TXN0002324,CUST002999,BILL_PAY,178.64,SUCCESS,30-01-2026 04:39
TXN0002325,CUST002795,NEFT,275.27,SUCCESS,05/22/2026 06:16 AM
TXN0002326,CUST001639,NEFT,4853.47,SUCCESS,2026-07-14 02:49:34
TXN0002327,CUST003589,Imps,2402.92,SUCCESS,2026-07-06 03:37:30
TXN0002328,CUST001387,NEFT,3060.31,,04/16/2026 10:26 PM
TXN0002329,CUST001295,BILL_PAY,621.97,SUCCESS,23/05/2026 18:39:51
TXN0002330,CUST002172,Upi,Rs.997.80,FAILED,2026-03-12 13:40:42
TXN0002331,CUST001553,Neft,1397.81,Success,08/02/2026 18:57:37
TXN0002332,CUST002139,Neft,-4750.63,failed,2026-01-23 05:58:00
TXN0002333,CUST000261,IMPS,Rs.107.48,SUCCESS,2026-03-06 21:23:15
TXN0002334,CUST000829,BILL_PAY,28.31,TIMEDOUT,2026-04-17 18:27:42
TXN0002335,CUST003058,UPI,358.62,FAILED,04-06-2026 13:52
TXN0002336,CUST000556,NEFT,890.9,Success,17-02-2026 14:22
TXN0002337,CUST000897,BILL_PAY,737.55,SUCCESS,05-01-2026 17:24
TXN0002338,CUST002891,NEFT,271.43,Failed,2026-01-20 19:13:37
TXN0002339,CUST002158,neft,1251.18,SUCCESS,2026-05-09 21:12:04
TXN0002340,CUST002349,Upi,375.07,success,07/30/2026 08:31 PM
TXN0002341,CUST005142,neft,675.46,success,2026-07-21 14:46:09
TXN0002342,CUST004469,Imps,1182.98,success,2026-07-29 21:48:51
TXN0002343,CUST005051,Imps,395.71,success,27-05-2026 19:48
TXN0002344,CUST002032,bill_pay,1724.31,Success,2026-04-29 01:03:12
TXN0002345,CUST001559,NEFT,2172.54,success,2026-05-31 05:06:39
TXN0002346,CUST001157,Neft,283.05,SUCCESS,
TXN0002347,CUST003268,neft,372.04,FAILED,2026-05-05 05:36:50
TXN0002348,CUST005059,Bill_Pay,208.62,SUCCESS,07/29/2026 11:03 AM
TXN0002349,CUST001695,upi,657.77,Success,2026-05-23 07:07:55
TXN0002350,CUST002614,upi,961.39,FAILED,2026-07-11 13:37:09
TXN0002351,CUST003543,upi,5861.08,Timed_Out,03-03-2026 01:25
TXN0002352,CUST000348,NEFT,440.78,,02/04/2026 18:14:36
TXN0002353,CUST001086,imps,928.92,SUCCESS,2026-07-02 02:21:00
TXN0002354,CUST003483,BILL_PAY,361.02,SUCCESS,03-04-2026 20:11
TXN0002355,CUST004768,UPI,374.46,SUCCESS,2026-06-21 05:15:52
TXN0002356,CUST001392,IMPS,1023.9,success,14/01/2026 05:36:48
TXN0002357,CUST001321,Imps,403.45,success,
TXN0002358,CUST001994,bill_pay,616.62,Success,08/04/2026 11:49:48
TXN0002359,CUST005151,NEFT,"1,069.51",SUCCESS,2026-05-27 03:11:47
TXN0002360,CUST002701,BILL_PAY,912.57,Success,08-03-2026 05:50
TXN0002361,CUST001924,Imps,37.93,Failed,2026-04-28 22:38:30
TXN0002362,CUST004131,IMPS,366.85,failed,2026-03-07 08:56:51
TXN0002363,CUST004667,imps,2481.85,FAILED,2026-04-03 21:08:42
TXN0002364,CUST000746,imps,101.62,Timed_Out,2026-05-02 18:17:22
TXN0002365,CUST001784,,18.01,success,15-04-2026 10:05
TXN0002366,CUST004919,neft,1320.04,TIMED_OUT,13-05-2026 10:12
TXN0002367,CUST002030,upi,-891.04,success,17-02-2026 06:02
TXN0002368,CUST000638,UPI,179.78,SUCCESS,2026-07-28 16:24:18
TXN0002369,CUST005180,Imps,Rs.759.49,SUCCESS,2026-01-24 00:04:10
TXN0002370,CUST003294,BILL_PAY,313.7,SUCCESS,27-07-2026 15:55
TXN0002371,CUST001707,UPI,"Rs.1,203.36",,2026-06-21 11:11:19
TXN0002372,CUST004506,NEFT,21.64,,2026-05-16 21:53:49
TXN0002373,CUST003786,upi,489.01,TIMED_OUT,15/03/2026 03:05:22
TXN0002374,CUST001489,NEFT,348.75,FAILED,18-05-2026 10:35
TXN0002375,CUST000647,Upi,1732.66,FAILED,21-05-2026 00:08
TXN0002376,CUST005113,NEFT,71.44,Success,2026-05-02 16:48:06
TXN0002377,CUST000574,Bill_Pay,702.46,SUCCESS,2026-01-26 11:35:34
TXN0002378,CUST005041,IMPS,,SUCCESS,07/20/2026 10:20 PM
TXN0002379,CUST000030,UPI,,Success,23-06-2026 22:51
TXN0002380,CUST000184,UPI,373.11,TIMEDOUT,24-06-2026 01:26
TXN0002381,CUST002888,Neft,981.76,success,25-04-2026 23:24
TXN0002382,CUST001642,UPI,76.35,SUCCESS,23-03-2026 05:07
TXN0002383,CUST002068,IMPS,660.72,SUCCESS,2026-07-26 01:32:00
TXN0002384,CUST004898,imps,2735.9,Success,2026-04-19 14:33:30
TXN0002385,CUST003579,neft,6264.04,success,04/07/2026 17:13:48
TXN0002386,CUST004447,IMPS,"1,100.64",Timed_Out,2026-03-01 08:44:01
TXN0002387,CUST005154,UPI,0,SUCCESS,
TXN0002388,CUST003337,NEFT,3383.57,Success,07/08/2026 03:08 AM
TXN0002389,CUST002234,imps,101.94,SUCCESS,31/03/2026 03:33:25
TXN0002390,CUST003362,,161.52,SUCCESS,09/03/2026 09:29:15
TXN0002391,CUST002812,upi,3804.46,Success,04/20/2026 01:27 PM
TXN0002392,CUST001975,IMPS,605.54,Success,2026-07-20 01:16:14
TXN0002393,CUST004963,BILL_PAY,327.71,success,23/07/2026 12:04:33
TXN0002394,CUST001772,UPI,1538.29,SUCCESS,2026-05-24 22:54:43
TXN0002395,CUST000550,NEFT,810.1,Success,30-07-2026 09:23
TXN0002396,CUST002706,BILL PAY,9278.62,timed_out,2026-03-24 11:50:02
TXN0002397,CUST000818,Neft,2417.31,SUCCESS,2026-01-16 08:37:45
TXN0002398,CUST000922,imps,856.46,Success,04/04/2026 19:36:18
TXN0002399,CUST000830,BILL_PAY,Rs.880.61,Success,12-03-2026 06:36
TXN0002400,CUST002093,BILL_PAY,2304.3,Success,
TXN0002401,CUST002867,,595.83,Success,26-04-2026 21:32
TXN0002402,CUST001911,NEFT,229.22,FAILED,03-03-2026 17:08
TXN0002403,CUST004670,imps,1654.77,timed_out,10-01-2026 17:16
TXN0002404,CUST001511,IMPS,468.67,Success,2026-02-20 20:24:50
TXN0002405,CUST001705,IMPS,943.01,SUCCESS,30-06-2026 14:34
TXN0002406,CUST002625,Upi,60.66,success,2026-01-03 04:10:36
TXN0002407,CUST003603,BILL_PAY,567.61,Success,07/09/2026 01:03 AM
TXN0002408,CUST003920,UPI,354.79,SUCCESS,01-06-2026 13:15
TXN0002409,CUST003965,bill_pay,58.78,Success,
TXN0002410,CUST002016,Imps,-589.02,SUCCESS,2026-06-29 13:52:05
TXN0002411,CUST004200,bill_pay,612.93,SUCCESS,19-07-2026 13:37
TXN0002412,CUST000647,Neft,1029.43,Success,23/06/2026 14:31:15
TXN0002413,CUST003904,Neft,2673.8,Success,2026-05-24 01:37:47
TXN0002414,CUST000228,Bill_Pay,2138.2,Success,04-01-2026 08:25
TXN0002415,CUST000535,upi,-384.08,SUCCESS,2026-05-24 22:48:56
TXN0002416,CUST000152,NEFT,831.16,SUCCESS,2026-05-07 06:52:18
TXN0002417,CUST001161,Neft,1224.55,Success,19/02/2026 01:19:25
TXN0002418,CUST003000,UPI,396.88,SUCCESS,07-06-2026 03:37
TXN0002419,CUST000725,NEFT,112.07,Success,03/29/2026 05:36 AM
TXN0002420,CUST002085,Bill_Pay,517.93,timed_out,24-02-2026 01:45
TXN0002421,CUST001366,IMPS,2829.71,success,15-01-2026 15:08
TXN0002422,CUST005038,NEFT,106.42,SUCCESS,2026-01-30 21:27:08
TXN0002423,CUST002004,UPI,204.06,SUCCESS,07/29/2026 06:02 AM
TXN0002424,CUST004436,imps,-256.97,SUCCESS,2026-03-31 14:42:38
TXN0002425,CUST001636,imps,206.66,SUCCESS,01-02-2026 05:44
TXN0002426,CUST003318,NEFT,1547.06,success,2026-07-03 00:58:34
TXN0002427,CUST002128,NEFT,312.3,success,20-05-2026 09:59
TXN0002428,CUST002317,BILL PAY,1600.94,success,2026-01-14 01:27:15
TXN0002429,CUST004341,upi,701.51,SUCCESS,2026-01-11 17:41:57
TXN0002430,CUST003910,BILL_PAY,Rs.81.87,Success,2026-06-22 08:03:53
TXN0002431,CUST003882,bill_pay,407.01,SUCCESS,19/05/2026 19:31:24
TXN0002432,CUST002594,BILL_PAY,"Rs.2,224.10",success,2026-03-13 03:52:14
TXN0002433,CUST001144,neft,800.62,SUCCESS,2026-04-16 23:49:16
TXN0002434,CUST004684,IMPS,444.14,SUCCESS,2026-04-13 18:28:44
TXN0002435,CUST001199,,2876.53,success,07-04-2026 12:26
TXN0002436,CUST000653,UPI,182.73,SUCCESS,2026-03-28 05:55:43
TXN0002437,CUST002739,Bill_Pay,325.5,success,2026-01-02 19:22:34
TXN0002438,CUST001757,UPI,1959.88,Success,08-02-2026 17:20
TXN0002439,CUST003730,imps,1506.64,Success,2026-07-03 18:26:50
TXN0002440,CUST000351,Upi,166.6,FAILED,2026-03-06 05:24:28
TXN0002441,CUST000561,IMPS,1173.38,success,2026-06-30 11:08:50
TXN0002442,CUST000360,NEFT,306.53,SUCCESS,
TXN0002443,CUST004446,imps,55.92,Success,2026-07-11 16:13:14
TXN0002444,CUST003428,Bill_Pay,454.49,Failed,2026-07-01 11:17:08
TXN0002445,CUST004800,Upi,6891.27,SUCCESS,2026-07-27 05:23:41
TXN0002446,CUST004845,UPI,2275.9,success,27-06-2026 01:13
TXN0002447,CUST003462,NEFT,628.39,Success,2026-05-09 19:38:45
TXN0002448,CUST001782,BILL PAY,99.62,,2026-07-10 18:22:34
TXN0002449,CUST002767,IMPS,57.77,success,29-06-2026 11:11
TXN0002450,CUST001534,neft,704.15,SUCCESS,2026-07-31 23:02:03
TXN0002451,CUST004765,UPI,1080.37,success,13/04/2026 14:42:49
TXN0002452,CUST005067,upi,,Success,2026-02-17 00:11:28
TXN0002453,CUST004247,NEFT,1352.53,Success,2026-01-16 00:19:50
TXN0002454,CUST003473,Bill_Pay,1504.57,success,2026-02-22 09:57:33
TXN0002455,CUST003226,IMPS,926.97,SUCCESS,2026-07-10 10:36:45
TXN0002456,CUST000604,imps,"2,792.18",SUCCESS,01/02/2026 04:01:34
TXN0002457,CUST003414,,353.98,SUCCESS,12-04-2026 19:06
TXN0002458,CUST004173,Bill_Pay,691.52,success,
TXN0002459,CUST002620,NEFT,82.21,SUCCESS,28-05-2026 13:16
TXN0002460,CUST003638,imps,345.42,success,2026-07-28 18:25:15
TXN0002461,CUST001194,UPI,2193.68,Success,07/27/2026 02:39 AM
TXN0002462,CUST003679,BILL_PAY,1444.05,Success,2026-07-08 13:26:35
TXN0002463,CUST005185,IMPS,38.63,SUCCESS,04/06/2026 11:30 AM
TXN0002464,CUST001179,neft,7711.62,SUCCESS,05-03-2026 10:19
TXN0002465,CUST003385,,Rs.803.16,Success,2026-05-18 16:17:10
TXN0002466,CUST005194,BILL PAY,821.74,,2026-06-14 22:09:07
TXN0002467,CUST000766,,320.87,success,2026-01-28 15:25:13
TXN0002468,CUST003815,IMPS,409.43,success,01-04-2026 20:06
TXN0002469,CUST002649,UPI,792.35,Success,2026-06-25 21:53:05
TXN0002470,CUST002479,NEFT,1342.59,success,14/07/2026 17:18:37
TXN0002471,CUST003126,bill_pay,981.62,success,04-04-2026 03:08
TXN0002472,CUST000780,Neft,350.98,SUCCESS,16/01/2026 23:58:55
TXN0002473,CUST003682,NEFT,225.7,Failed,2026-06-05 15:56:38
TXN0002474,CUST001063,Imps,209.13,SUCCESS,2026-04-16 00:01:16
TXN0002475,CUST002594,BILL_PAY,"2,431.02",SUCCESS,2026-02-13 12:05:54
TXN0002476,CUST000016,neft,2061.82,Timed_Out,08-07-2026 12:46
TXN0002477,CUST002061,neft,1193.64,Success,11/07/2026 06:10:38
TXN0002478,CUST002046,Neft,"Rs.2,407.43",Success,25-01-2026 04:23
TXN0002479,CUST002649,BILL PAY,572.37,SUCCESS,2026-02-10 01:00:29
TXN0002480,CUST003766,Imps,1837.68,SUCCESS,07-05-2026 22:42
TXN0002481,CUST004512,NEFT,1272.95,Success,2026-07-14 22:47:17
TXN0002482,CUST004438,BILL_PAY,1903.41,success,2026-04-05 13:56:44
TXN0002483,CUST004732,upi,186.77,FAILED,06-07-2026 11:18
TXN0002484,CUST000396,IMPS,33.19,success,20-06-2026 23:11
TXN0002485,CUST000915,Neft,910.94,Success,2026-02-21 14:58:57
TXN0002486,CUST002194,imps,64.11,Timed_Out,14-03-2026 09:32
TXN0002487,CUST004927,bill_pay,436.58,Success,2026-03-20 15:50:43
TXN0002488,CUST003572,UPI,46.43,SUCCESS,23-05-2026 22:23
TXN0002489,CUST001406,Neft,3000.35,SUCCESS,2026-03-02 00:07:43
TXN0002490,CUST001054,BILL_PAY,2069.46,success,2026-01-20 02:14:58
TXN0002491,CUST001813,neft,1012.77,SUCCESS,2026-02-07 03:04:46
TXN0002492,CUST003074,Neft,241.49,SUCCESS,2026-03-01 10:51:40
TXN0002493,CUST000003,Neft,78.46,SUCCESS,2026-04-06 07:28:21
TXN0002494,CUST002999,NEFT,45.76,Success,2026-03-23 12:08:41
TXN0002495,CUST002624,UPI,342.51,success,15/02/2026 10:24:11
TXN0002496,CUST001073,Upi,1533.08,Success,2026-04-26 01:17:13
TXN0002497,CUST004641,BILL PAY,441.99,SUCCESS,2026-02-14 07:26:12
TXN0002498,CUST003335,UPI,1212.18,Success,29-04-2026 20:06
TXN0002499,CUST000273,IMPS,1289.83,success,26/02/2026 04:19:08
TXN0002500,CUST002382,Neft,1504.59,success,06/05/2026 01:26 AM
TXN0002501,CUST004133,BILL PAY,-65.1,Success,18-06-2026 14:43
TXN0002502,CUST004312,upi,266.77,SUCCESS,04/03/2026 10:17 PM
TXN0002503,CUST004523,NEFT,1184.28,success,2026-03-28 21:36:39
TXN0002504,CUST003505,Upi,4008.02,Success,18/05/2026 21:30:42
TXN0002505,CUST003224,BILL_PAY,2642.83,Success,2026-03-25 16:35:07
TXN0002506,CUST004317,UPI,949.46,SUCCESS,17-03-2026 12:38
TXN0002507,CUST002658,upi,3044.77,SUCCESS,01/14/2026 09:58 AM
TXN0002508,CUST002746,neft,940.56,success,2026-05-30 03:29:41
TXN0002509,CUST003760,BILL_PAY,103.36,Success,2026-05-28 22:26:15
TXN0002510,CUST004937,IMPS,-1472.12,Success,2026-06-03 07:38:05
TXN0002511,CUST005101,Imps,2769.21,success,2026-05-30 02:09:18
TXN0002512,CUST001961,BILL PAY,6119.49,SUCCESS,2026-03-12 09:23:03
TXN0002513,CUST002172,UPI,331.62,Success,2026-06-13 06:13:52
TXN0002514,CUST001784,imps,166.05,SUCCESS,22-03-2026 01:14
TXN0002515,CUST004892,NEFT,,Timed_Out,2026-06-25 18:04:42
TXN0002516,CUST001381,Upi,"1,097.97",SUCCESS,06/20/2026 08:22 PM
TXN0002517,CUST003616,Neft,980.26,success,2026-01-13 22:02:28
TXN0002518,CUST004135,UPI,3104.41,,2026-06-20 16:14:44
TXN0002519,CUST003860,Bill_Pay,1835.3,SUCCESS,19-05-2026 10:53
TXN0002520,CUST003741,IMPS,1232.59,SUCCESS,2026-01-21 01:03:56
TXN0002521,CUST002054,Neft,382.45,SUCCESS,2026-04-10 08:14:33
TXN0002522,CUST000918,Bill_Pay,"Rs.1,648.92",SUCCESS,2026-02-02 03:49:06
TXN0002523,CUST001914,BILL_PAY,158.63,Success,21-01-2026 23:17
TXN0002524,CUST002437,UPI,937.26,SUCCESS,2026-04-04 12:58:53
TXN0002525,CUST001267,BILL_PAY,638.61,failed,2026-03-04 21:08:29
TXN0002526,CUST005121,IMPS,98.13,Success,2026-04-21 14:45:58
TXN0002527,CUST003891,IMPS,1101.95,success,2026-02-13 04:47:42
TXN0002528,CUST000103,IMPS,332.45,FAILED,2026-05-29 12:09:36
TXN0002529,CUST003376,imps,1069.03,SUCCESS,03/12/2026 11:41 PM
TXN0002530,CUST001785,bill_pay,210.8,success,2026-01-30 04:10:04
TXN0002531,CUST000649,UPI,1859.46,Success,16/07/2026 16:13:49
TXN0002532,CUST001407,UPI,4978.34,SUCCESS,2026-07-23 01:37:21
TXN0002533,CUST002413,Upi,49.22,Timed_Out,2026-06-06 17:25:03
TXN0002534,CUST001171,Imps,158.69,SUCCESS,09-03-2026 16:07
TXN0002535,CUST004091,Upi,210.5,Success,2026-06-15 21:42:52
TXN0002536,CUST001645,BILL_PAY,131.23,Success,2026-03-28 14:32:01
TXN0002537,CUST004497,Neft,514.46,FAILED,25-04-2026 20:10
TXN0002538,CUST003181,imps,1048.68,SUCCESS,2026-03-25 10:31:40
TXN0002539,CUST002886,BILL_PAY,"Rs.1,523.20",SUCCESS,03-02-2026 19:54
TXN0002540,CUST000702,imps,-914.83,TIMED_OUT,2026-01-14 05:20:27
TXN0002541,CUST002029,bill_pay,1464.57,SUCCESS,23-04-2026 17:06
TXN0002542,CUST000644,UPI,611.9,SUCCESS,2026-04-25 13:34:36
TXN0002543,CUST001610,UPI,328.02,SUCCESS,2026-03-04 05:20:41
TXN0002544,CUST003599,BILL_PAY,216.43,SUCCESS,2026-07-30 10:45:02
TXN0002545,CUST003378,IMPS,537.27,Success,09-04-2026 11:02
TXN0002546,CUST001947,Neft,222.43,success,07/10/2026 02:13 AM
TXN0002547,CUST002471,BILL PAY,1010.31,SUCCESS,04-04-2026 12:20
TXN0002548,CUST000631,,226.47,SUCCESS,13-04-2026 06:27
TXN0002549,CUST004353,Upi,370.46,Success,2026-02-14 14:51:01
TXN0002550,CUST000596,NEFT,2414.38,Success,10-07-2026 14:28
TXN0002551,CUST000468,NEFT,2741.21,success,03/20/2026 10:49 AM
TXN0002552,CUST003836,IMPS,2625.83,SUCCESS,2026-06-03 13:45:04
TXN0002553,CUST001465,NEFT,624.08,Failed,2026-06-04 23:00:50
TXN0002554,CUST003273,IMPS,343.37,Success,03-03-2026 17:31
TXN0002555,CUST000741,Neft,1213.18,SUCCESS,2026-05-17 19:45:31
TXN0002556,CUST002112,IMPS,231.79,TIMEDOUT,2026-05-28 09:23:37
TXN0002557,CUST000860,IMPS,1621.25,success,2026-03-28 03:41:13
TXN0002558,CUST001602,bill_pay,309.48,success,16-01-2026 04:42
TXN0002559,CUST002761,NEFT,511.51,SUCCESS,2026-07-18 11:38:13
TXN0002560,CUST004618,imps,1668.19,Success,05/30/2026 08:18 PM
TXN0002561,CUST002830,bill_pay,74.79,SUCCESS,16-02-2026 03:36
TXN0002562,CUST001981,UPI,,Failed,29-06-2026 02:49
TXN0002563,CUST004197,upi,1037.17,Success,2026-04-29 05:14:58
TXN0002564,CUST000639,upi,1341.01,Success,2026-03-26 04:03:24
TXN0002565,CUST000995,UPI,1088.61,success,22/06/2026 09:24:59
TXN0002566,CUST003040,bill_pay,504.07,,2026-06-29 14:13:44
TXN0002567,CUST000608,Neft,1895.79,SUCCESS,2026-06-19 15:21:57
TXN0002568,CUST001848,BILL PAY,208.64,SUCCESS,2026-03-23 13:02:58
TXN0002569,CUST002811,IMPS,198.99,Success,2026-01-08 10:12:10
TXN0002570,CUST004526,BILL_PAY,1024.74,success,01/30/2026 03:24 AM
TXN0002571,CUST001630,upi,184.15,Success,
TXN0002572,CUST000260,NEFT,5233.57,,2026-07-30 01:56:45
TXN0002573,CUST004607,neft,"1,720.26",TIMEDOUT,20-07-2026 22:00
TXN0002574,CUST004166,Upi,335.37,success,06/11/2026 06:03 AM
TXN0002575,CUST001822,,1850.04,TIMED_OUT,2026-04-09 02:26:59
TXN0002576,CUST004654,imps,152.17,FAILED,02-03-2026 15:38
TXN0002577,CUST002600,NEFT,3799.18,Success,24-05-2026 10:30
TXN0002578,CUST002566,BILL PAY,676.53,TIMED_OUT,30-04-2026 06:12
TXN0002579,CUST003244,BILL_PAY,325.16,SUCCESS,25/04/2026 17:48:49
TXN0002580,CUST004103,Neft,464.51,SUCCESS,02-01-2026 10:13
TXN0002581,CUST003242,NEFT,270.63,success,12-07-2026 13:39
TXN0002582,CUST000440,Upi,509.87,timed_out,13-02-2026 05:03
TXN0002583,CUST004338,UPI,162.01,SUCCESS,2026-04-22 08:00:34
TXN0002584,CUST005138,Imps,5911.49,timed_out,2026-06-14 00:43:31
TXN0002585,CUST001560,Neft,337.08,success,2026-05-29 13:38:44
TXN0002586,CUST002641,upi,1804.32,success,16-03-2026 19:39
TXN0002587,CUST004506,BILL_PAY,855.22,FAILED,2026-06-06 02:56:04
TXN0002588,CUST003762,BILL PAY,204.09,SUCCESS,2026-07-11 11:45:25
TXN0002589,CUST003475,imps,530.64,SUCCESS,21/01/2026 14:32:38
TXN0002590,CUST002708,Bill_Pay,2784.25,Success,2026-02-22 14:16:44
TXN0002591,CUST004156,NEFT,383.14,Success,2026-01-24 13:32:14
TXN0002592,CUST001067,BILL_PAY,182.03,success,2026-07-01 21:59:02
TXN0002593,CUST000455,UPI,1280.42,TIMED_OUT,08-01-2026 21:43
TXN0002594,CUST004799,imps,49.11,SUCCESS,2026-07-10 06:44:56
TXN0002595,CUST003655,Imps,476.73,success,2026-06-22 22:53:47
TXN0002596,CUST003525,UPI,3132.32,SUCCESS,22/07/2026 17:03:23
TXN0002597,CUST002181,UPI,513.29,SUCCESS,14/07/2026 02:23:22
TXN0002598,CUST000702,BILL_PAY,2048.73,success,2026-07-19 17:01:25
TXN0002599,CUST004096,UPI,179.37,SUCCESS,2026-07-16 09:57:30
TXN0002600,CUST002810,BILL_PAY,490.58,SUCCESS,2026-01-12 06:22:52
TXN0002601,CUST003929,BILL PAY,439.57,SUCCESS,2026-07-08 10:42:28
TXN0002602,CUST002418,Bill_Pay,1196.44,Success,04/24/2026 05:47 AM
TXN0002603,CUST001504,UPI,721.55,SUCCESS,2026-01-02 21:23:49
TXN0002604,CUST001208,UPI,58.91,TIMED_OUT,16-06-2026 23:45
TXN0002605,CUST004346,upi,"3,753.09",SUCCESS,2026-04-15 10:32:53
TXN0002606,CUST004154,UPI,359.66,success,12-01-2026 07:13
TXN0002607,CUST002106,Upi,711.26,SUCCESS,05/30/2026 11:53 PM
TXN0002608,CUST004859,Bill_Pay,-458.71,SUCCESS,16/01/2026 14:21:32
TXN0002609,CUST000135,BILL PAY,652.02,SUCCESS,2026-04-27 08:55:28
TXN0002610,CUST000651,neft,585.82,Success,02-03-2026 07:13
TXN0002611,CUST001677,UPI,Rs.229.34,SUCCESS,15-05-2026 14:50
TXN0002612,CUST001906,,1679.34,SUCCESS,03/22/2026 12:24 PM
TXN0002613,CUST001955,IMPS,298.68,SUCCESS,2026-07-08 09:04:25
TXN0002614,CUST003793,UPI,276.01,SUCCESS,2026-01-01 23:02:14
TXN0002615,CUST001801,BILL_PAY,104.18,failed,05/04/2026 18:50:26
TXN0002616,CUST004337,IMPS,348.22,Success,2026-07-09 01:05:38
TXN0002617,CUST001512,Neft,Rs.294.40,Success,2026-05-18 09:26:20
TXN0002618,CUST002385,Upi,20.14,SUCCESS,19-04-2026 08:37
TXN0002619,CUST000456,Imps,59.1,success,26-05-2026 11:28
TXN0002620,CUST001582,IMPS,Rs.22.22,Failed,2026-02-23 14:48:32
TXN0002621,CUST004723,Bill_Pay,507.36,SUCCESS,07/04/2026 04:01:00
TXN0002622,CUST003996,NEFT,3522.16,success,2026-03-25 05:55:39
TXN0002623,CUST004862,IMPS,125.05,SUCCESS,2026-05-31 23:10:11
TXN0002624,CUST001321,Bill_Pay,638.13,SUCCESS,27-01-2026 22:06
TXN0002625,CUST001560,NEFT,493.57,Timed_Out,2026-05-11 19:45:39
TXN0002626,CUST001907,Imps,1410.83,success,14/04/2026 09:50:11
TXN0002627,CUST000292,neft,"1,547.09",SUCCESS,28-07-2026 08:54
TXN0002628,CUST001554,upi,8830.04,SUCCESS,29-05-2026 12:48
TXN0002629,CUST002804,Neft,893.64,SUCCESS,07-02-2026 08:41
TXN0002630,CUST001573,BILL_PAY,253.98,success,27-05-2026 16:59
TXN0002631,CUST000978,neft,-337.41,success,2026-04-11 00:49:49
TXN0002632,CUST001785,Neft,377.82,Failed,2026-03-23 05:34:37
TXN0002633,CUST003040,NEFT,307.97,SUCCESS,25-05-2026 19:47
TXN0002634,CUST004592,Neft,4907.02,,11-06-2026 23:35
TXN0002635,CUST001552,Bill_Pay,1455.01,SUCCESS,07/01/2026 03:28 PM
TXN0002636,CUST002523,IMPS,93.92,TIMED_OUT,07-05-2026 23:20
TXN0002637,CUST001479,neft,"1,183.60",success,18/06/2026 07:37:02
TXN0002638,CUST004436,Upi,187.52,SUCCESS,2026-02-20 15:56:34
TXN0002639,CUST002241,Neft,1527.4,SUCCESS,03/21/2026 06:17 PM
TXN0002640,CUST001002,IMPS,"Rs.2,507.40",FAILED,04-04-2026 00:11
TXN0002641,CUST003950,IMPS,503.93,success,2026-07-16 22:21:42
TXN0002642,CUST005081,BILL_PAY,333.05,TIMED_OUT,05/01/2026 01:32 PM
TXN0002643,CUST003894,Upi,3886.41,Success,12-02-2026 06:10
TXN0002644,CUST004931,bill_pay,287.32,SUCCESS,2026-04-27 09:28:37
TXN0002645,CUST001871,NEFT,255.86,SUCCESS,2026-04-22 23:57:44
TXN0002646,CUST002364,IMPS,212.71,Success,05/23/2026 03:06 AM
TXN0002647,CUST002031,neft,602.29,success,2026-03-10 23:17:57
TXN0002648,CUST003941,BILL PAY,890.43,SUCCESS,05-02-2026 16:42
TXN0002649,CUST002789,IMPS,"Rs.2,083.01",success,03/01/2026 21:46:18
TXN0002650,CUST003138,NEFT,1251.72,SUCCESS,2026-06-20 21:22:59
TXN0002651,CUST003479,UPI,1226.83,success,2026-04-06 20:29:48
TXN0002652,CUST004355,Imps,3062.8,success,02-03-2026 14:33
TXN0002653,CUST003262,BILL_PAY,202.06,SUCCESS,29/01/2026 01:25:48
TXN0002654,CUST003202,BILL_PAY,117.42,success,2026-04-03 23:13:15
TXN0002655,CUST001473,Imps,1329.87,success,16/01/2026 04:32:09
TXN0002656,CUST001442,Imps,569.98,Success,07/30/2026 11:24 AM
TXN0002657,CUST003876,IMPS,2092.94,Failed,2026-05-22 06:21:10
TXN0002658,CUST002104,Bill_Pay,634.93,success,2026-01-04 22:55:30
TXN0002659,CUST001203,upi,320.53,success,2026-07-07 15:12:52
TXN0002660,CUST005187,BILL PAY,"1,354.30",SUCCESS,2026-02-18 06:03:25
TXN0002661,CUST000461,imps,733.28,Success,16-03-2026 07:28
TXN0002662,CUST001143,NEFT,635.57,success,11/01/2026 03:10:13
TXN0002663,CUST003786,upi,11684.83,Success,2026-04-27 19:53:08
TXN0002664,CUST003626,Upi,2754.82,SUCCESS,2026-05-16 07:18:38
TXN0002665,CUST003738,Imps,1583.5,,2026-01-03 00:40:27
TXN0002666,CUST002043,UPI,760.64,Success,2026-05-17 23:45:26
TXN0002667,CUST005086,NEFT,686.39,success,2026-03-22 21:02:57
TXN0002668,CUST004568,NEFT,462.07,Success,15-07-2026 19:17
TXN0002669,CUST000123,Imps,856.39,SUCCESS,27-04-2026 09:42
TXN0002670,CUST001852,neft,370.12,success,01/29/2026 06:33 AM
TXN0002671,CUST002345,Upi,159.69,SUCCESS,08-03-2026 21:33
TXN0002672,CUST001256,NEFT,626.5,SUCCESS,24-07-2026 22:56
TXN0002673,CUST000245,IMPS,943.07,success,2026-06-18 14:17:04
TXN0002674,CUST000604,Imps,2099.4,TIMEDOUT,2026-05-19 15:35:07
TXN0002675,CUST000979,imps,257.48,success,28/01/2026 18:43:35
TXN0002676,CUST003809,Imps,692.85,Success,04/16/2026 04:05 PM
TXN0002677,CUST000341,imps,1239.73,TIMED_OUT,2026-03-10 07:36:32
TXN0002678,CUST000285,Imps,1205.88,success,2026-04-09 07:43:08
TXN0002679,CUST002921,bill_pay,4560.59,SUCCESS,03-03-2026 00:50
TXN0002680,CUST003105,Imps,472.43,success,17-02-2026 03:26
TXN0002681,CUST003477,Imps,,Success,2026-06-17 04:51:11
TXN0002682,CUST004613,neft,747.98,SUCCESS,2026-05-10 11:55:31
TXN0002683,CUST001591,IMPS,501.15,FAILED,15/07/2026 12:14:57
TXN0002684,CUST003363,NEFT,408.19,SUCCESS,14/05/2026 05:54:59
TXN0002685,CUST001663,IMPS,350.13,Success,2026-04-12 05:40:21
TXN0002686,CUST001862,bill_pay,947.63,SUCCESS,04/22/2026 03:39 AM
TXN0002687,CUST001130,NEFT,299.31,success,13-07-2026 13:20
TXN0002688,CUST004856,neft,1581.75,SUCCESS,14/02/2026 16:20:17
TXN0002689,CUST001936,IMPS,1489.71,SUCCESS,02-06-2026 02:38
TXN0002690,CUST004003,UPI,1054.73,Failed,2026-02-26 09:28:28
TXN0002691,CUST003164,BILL_PAY,201.68,Success,2026-07-16 01:34:53
TXN0002692,CUST002512,Bill_Pay,Rs.897.36,,01/09/2026 04:21 AM
TXN0002693,CUST004213,UPI,2287.69,SUCCESS,2026-07-31 03:18:03
TXN0002694,CUST005130,UPI,"Rs.1,730.29",SUCCESS,2026-06-17 14:26:21
TXN0002695,CUST000114,Neft,"1,443.33",SUCCESS,2026-02-24 07:36:09
TXN0002696,CUST002984,Neft,680.79,Success,2026-06-08 16:53:33
TXN0002697,CUST003795,UPI,646.08,SUCCESS,13-05-2026 20:47
TXN0002698,CUST001623,IMPS,"2,815.63",Success,03/02/2026 23:37:45
TXN0002699,CUST000265,UPI,929.74,Success,2026-01-17 07:28:55
TXN0002700,CUST000900,Upi,943.76,SUCCESS,07/02/2026 17:54:49
TXN0002701,CUST004390,,18147.01,SUCCESS,25/05/2026 06:44:21
TXN0002702,CUST002593,UPI,460.94,success,2026-02-23 16:04:34
TXN0002703,CUST003983,neft,54.14,SUCCESS,25-05-2026 14:07
TXN0002704,CUST004127,NEFT,542.23,success,01/03/2026 22:53:37
TXN0002705,CUST003735,Imps,579.65,SUCCESS,21-04-2026 22:50
TXN0002706,CUST000121,Upi,913.35,Success,
TXN0002707,CUST001307,NEFT,1192.04,SUCCESS,10-02-2026 17:53
TXN0002708,CUST003348,Bill_Pay,64.12,Success,20/04/2026 04:47:07
TXN0002709,CUST004328,Bill_Pay,1222.22,Success,25-02-2026 10:28
TXN0002710,CUST004923,IMPS,620.87,SUCCESS,02/05/2026 11:51:18
TXN0002711,CUST000373,,485.27,success,2026-03-09 22:21:36
TXN0002712,CUST003556,UPI,98.0,Success,03-07-2026 09:21
TXN0002713,CUST002448,BILL PAY,3687.73,SUCCESS,2026-02-08 16:34:02
TXN0002714,CUST000762,UPI,402.09,Success,2026-03-20 21:27:49
TXN0002715,CUST003368,upi,1467.54,SUCCESS,30/05/2026 05:16:25
TXN0002716,CUST004530,neft,253.47,Success,2026-07-02 14:32:25
TXN0002717,CUST002338,IMPS,961.81,SUCCESS,2026-04-15 08:42:19
TXN0002718,CUST003299,IMPS,494.08,SUCCESS,02-01-2026 17:34
TXN0002719,CUST004413,BILL PAY,1412.52,SUCCESS,2026-04-21 06:08:57
TXN0002720,CUST005042,Upi,475.61,Success,10-02-2026 11:14
TXN0002721,CUST004774,UPI,241.1,SUCCESS,2026-04-08 13:52:04
TXN0002722,CUST004670,bill_pay,653.98,FAILED,14-07-2026 16:21
TXN0002723,CUST000549,NEFT,616.97,Failed,2026-07-07 00:28:09
TXN0002724,CUST000770,NEFT,888.46,SUCCESS,2026-04-03 15:31:51
TXN0002725,CUST001451,IMPS,2014.67,success,13-04-2026 03:31
TXN0002726,CUST003081,NEFT,Rs.188.53,TIMEDOUT,2026-06-02 20:51:35
TXN0002727,CUST001353,Bill_Pay,1886.59,SUCCESS,2026-05-15 13:18:31
TXN0002728,CUST003325,Bill_Pay,160.2,success,2026-04-24 17:34:25
TXN0002729,CUST004738,bill_pay,1346.72,Success,20-05-2026 09:43
TXN0002730,CUST001276,Neft,1399.24,SUCCESS,04-07-2026 15:47
TXN0002731,CUST000128,UPI,379.1,Success,24-07-2026 21:16
TXN0002732,CUST000531,BILL_PAY,267.60,SUCCESS,2026-06-09 06:03:45
TXN0002733,CUST000211,BILL_PAY,252.74,Success,20-03-2026 02:17
TXN0002734,CUST000036,NEFT,728.39,SUCCESS,2026-05-14 03:02:02
TXN0002735,CUST001324,bill_pay,1514.3,SUCCESS,01-02-2026 07:43
TXN0002736,CUST000559,NEFT,561.17,,27/06/2026 18:02:51
TXN0002737,CUST001456,UPI,48.72,,06-04-2026 23:08
TXN0002738,CUST002727,IMPS,Rs.352.36,failed,01-07-2026 03:19
TXN0002739,CUST002668,UPI,338.93,SUCCESS,17-07-2026 20:39
TXN0002740,CUST004748,UPI,1182.32,success,2026-07-28 22:42:43
TXN0002741,CUST000262,upi,1257.94,SUCCESS,27-03-2026 02:55
TXN0002742,CUST000003,BILL_PAY,795.25,SUCCESS,
TXN0002743,CUST002782,Neft,1891.07,Success,2026-01-18 13:29:10
TXN0002744,CUST004150,Imps,2076.78,SUCCESS,2026-07-27 06:04:34
TXN0002745,CUST005182,imps,Rs.375.80,success,2026-02-01 22:50:21
TXN0002746,CUST001135,imps,246.82,success,2026-04-20 16:09:01
TXN0002747,CUST003748,IMPS,607.26,Success,2026-03-15 20:28:16
TXN0002748,CUST000168,upi,88.09,TIMED_OUT,2026-02-23 19:54:28
TXN0002749,CUST001798,NEFT,793.4,success,03/10/2026 10:07 AM
TXN0002750,CUST002251,neft,355.47,SUCCESS,2026-05-05 17:33:25
TXN0002751,CUST002684,Bill_Pay,26695.02,Success,2026-05-08 04:17:29
TXN0002752,CUST004842,BILL PAY,3402.07,SUCCESS,02/25/2026 01:27 AM
TXN0002753,CUST000505,BILL PAY,,SUCCESS,2026-03-22 18:59:26
TXN0002754,CUST002689,IMPS,196.89,SUCCESS,02/05/2026 11:52:31
TXN0002755,CUST000158,Bill_Pay,293.64,SUCCESS,2026-04-13 19:40:49
TXN0002756,CUST000312,bill_pay,2124.71,success,19/03/2026 05:33:27
TXN0002757,CUST004373,IMPS,2191.93,success,2026-01-14 05:49:11
TXN0002758,CUST003124,Upi,3458.87,FAILED,21/03/2026 12:02:44
TXN0002759,CUST001671,IMPS,239.16,Success,03/26/2026 11:26 PM
TXN0002760,CUST001130,neft,1176.66,SUCCESS,2026-06-25 22:53:35
TXN0002761,CUST003615,upi,263.45,Failed,2026-06-22 15:39:47
TXN0002762,CUST000664,Upi,4589.03,SUCCESS,13-05-2026 15:48
TXN0002763,CUST003909,NEFT,-248.02,Success,2026-04-27 04:00:04
TXN0002764,CUST003236,Imps,153.99,success,16-01-2026 12:47
TXN0002765,CUST001306,Upi,185.48,success,05/08/2026 07:50 PM
TXN0002766,CUST002038,IMPS,657.33,Success,23-03-2026 14:04
TXN0002767,CUST000154,IMPS,1487.86,SUCCESS,2026-01-07 06:50:22
TXN0002768,CUST000088,NEFT,1372.72,SUCCESS,18-01-2026 13:48
TXN0002769,CUST003376,IMPS,193.86,Success,11-02-2026 03:25
TXN0002770,CUST001444,imps,425.0,success,2026-02-27 10:42:56
TXN0002771,CUST000130,BILL PAY,366.56,SUCCESS,16-03-2026 04:30
TXN0002772,CUST003946,imps,166.64,success,
TXN0002773,CUST000574,NEFT,357.13,SUCCESS,07-04-2026 06:12
TXN0002774,CUST001878,upi,3262.77,Failed,2026-04-05 21:29:21
TXN0002775,CUST002562,Upi,144.56,,27/07/2026 00:33:41
TXN0002776,CUST002556,NEFT,857.2,SUCCESS,2026-03-15 20:42:43
TXN0002777,CUST002536,bill_pay,-3365.52,FAILED,31/07/2026 02:52:13
TXN0002778,CUST004277,NEFT,-3137.85,failed,20/01/2026 03:45:09
TXN0002779,CUST003355,Imps,"4,897.50",SUCCESS,2026-07-07 18:07:59
TXN0002780,CUST001053,BILL_PAY,959.38,SUCCESS,2026-03-09 20:33:46
TXN0002781,CUST001036,upi,1137.82,SUCCESS,14/01/2026 05:14:15
TXN0002782,CUST001636,BILL PAY,364.5,SUCCESS,26-01-2026 20:57
TXN0002783,CUST003677,NEFT,141.36,SUCCESS,04-06-2026 13:24
TXN0002784,CUST002318,Imps,560.09,SUCCESS,23-01-2026 05:52
TXN0002785,CUST004098,UPI,-2479.61,SUCCESS,2026-03-03 06:46:45
TXN0002786,CUST001460,NEFT,47.97,SUCCESS,2026-03-26 08:30:13
TXN0002787,CUST000300,Upi,383.09,Success,22-02-2026 20:17
TXN0002788,CUST001860,imps,"Rs.1,276.74",SUCCESS,09-02-2026 23:34
TXN0002789,CUST004771,IMPS,667.66,timed_out,23-04-2026 21:39
TXN0002790,CUST001675,BILL_PAY,2910.23,SUCCESS,16-03-2026 17:05
TXN0002791,CUST002513,BILL_PAY,"2,162.93",SUCCESS,23/07/2026 09:13:46
TXN0002792,CUST004882,UPI,123.95,Failed,2026-04-19 15:28:38
TXN0002793,CUST004411,upi,734.65,Success,2026-01-19 05:44:08
TXN0002794,CUST004191,NEFT,277.6,SUCCESS,16-02-2026 18:54
TXN0002795,CUST000759,imps,273.77,Success,2026-03-27 13:07:42
TXN0002796,CUST002231,upi,134.08,Success,2026-02-06 22:09:00
TXN0002797,CUST001623,Upi,887.36,Success,2026-07-25 05:12:51
TXN0002798,CUST002934,BILL PAY,2992.19,success,2026-02-02 19:10:01
TXN0002799,CUST000517,neft,984.59,FAILED,04/07/2026 18:18:51
TXN0002800,CUST000584,neft,125.57,SUCCESS,2026-01-19 20:26:48
TXN0002801,CUST004771,UPI,625.26,Success,2026-04-11 16:30:39
TXN0002802,CUST003106,IMPS,1216.47,Success,2026-01-26 14:13:22
TXN0002803,CUST003776,Upi,,FAILED,08-02-2026 18:24
TXN0002804,CUST000668,NEFT,963.77,failed,08-01-2026 12:02
TXN0002805,CUST001405,IMPS,302.83,success,15/04/2026 18:56:45
TXN0002806,CUST001701,neft,Rs.501.27,SUCCESS,25-07-2026 20:26
TXN0002807,CUST004581,neft,,SUCCESS,26/02/2026 00:22:51
TXN0002808,CUST003596,IMPS,3802.09,Success,05/22/2026 12:18 PM
TXN0002809,CUST001451,UPI,198.32,Success,06-07-2026 10:47
TXN0002810,CUST003995,Neft,54.43,SUCCESS,22-01-2026 23:38
TXN0002811,CUST004470,BILL_PAY,"3,477.83",SUCCESS,2026-01-06 04:34:45
TXN0002812,CUST001238,UPI,764.32,Success,2026-05-03 14:44:19
TXN0002813,CUST000572,neft,157.98,,2026-01-27 17:54:46
TXN0002814,CUST000277,BILL_PAY,1928.5,Failed,22/06/2026 20:04:19
TXN0002815,CUST002551,IMPS,1310.04,SUCCESS,05-07-2026 13:57
TXN0002816,CUST000561,NEFT,4736.04,Success,2026-02-06 07:48:05
TXN0002817,CUST000307,Imps,838.08,success,28-05-2026 15:47
TXN0002818,CUST001836,Upi,11737.35,SUCCESS,2026-02-21 15:35:17
TXN0002819,CUST004164,Neft,579.54,success,02-04-2026 00:54
TXN0002820,CUST001013,bill_pay,1313.07,success,05/29/2026 12:33 AM
TXN0002821,CUST004743,BILL_PAY,1561.95,Success,23/05/2026 17:15:51
TXN0002822,CUST001736,IMPS,27875.19,SUCCESS,04/22/2026 04:33 PM
TXN0002823,CUST002240,NEFT,400.01,SUCCESS,2026-03-13 19:56:11
TXN0002824,CUST000433,upi,386.03,SUCCESS,27-01-2026 16:07
TXN0002825,CUST002089,bill_pay,1602.62,Success,28/07/2026 19:40:03
TXN0002826,CUST000624,IMPS,144.16,Success,03-06-2026 05:31
TXN0002827,CUST002990,IMPS,275.59,SUCCESS,2026-01-29 12:22:41
TXN0002828,CUST001950,Upi,561.25,TIMED_OUT,27/01/2026 20:45:04
TXN0002829,CUST000772,Neft,4527.78,success,2026-06-18 10:52:54
TXN0002830,CUST002909,upi,1604.0,SUCCESS,06-02-2026 18:59
TXN0002831,CUST000137,imps,729.19,FAILED,2026-03-07 17:56:27
TXN0002832,CUST004788,BILL_PAY,359.92,TIMED_OUT,2026-06-12 23:44:05
TXN0002833,CUST001396,NEFT,53.21,Failed,2026-03-17 12:19:20
TXN0002834,CUST000081,IMPS,7712.62,SUCCESS,17-03-2026 01:16
TXN0002835,CUST001834,BILL PAY,620.49,,2026-06-13 02:12:10
TXN0002836,CUST001657,imps,275.30,success,2026-07-30 02:08:13
TXN0002837,CUST001278,UPI,10224.11,SUCCESS,2026-04-13 06:52:01
TXN0002838,CUST001261,imps,151.2,Success,14-04-2026 01:04
TXN0002839,CUST004462,Neft,3120.32,Success,2026-04-03 18:29:22
TXN0002840,CUST004134,bill_pay,676.82,success,04/03/2026 09:25 PM
TXN0002841,CUST005177,,1599.11,TIMED_OUT,19/05/2026 14:36:01
TXN0002842,CUST002515,Bill_Pay,1269.17,FAILED,2026-02-18 19:21:22
TXN0002843,CUST002201,NEFT,1570.08,Success,2026-01-23 08:24:00
TXN0002844,CUST000678,bill_pay,11769.12,Success,26/03/2026 20:28:10
TXN0002845,CUST004413,NEFT,9155.53,SUCCESS,2026-07-30 14:09:24
TXN0002846,CUST002735,NEFT,291.76,Success,2026-01-29 15:22:26
TXN0002847,CUST005053,BILL_PAY,1210.65,SUCCESS,21-05-2026 00:05
TXN0002848,CUST003841,BILL PAY,87.29,Success,08-02-2026 04:02
TXN0002849,CUST000097,IMPS,1796.63,TIMED_OUT,08/06/2026 08:55:48
TXN0002850,CUST000371,BILL_PAY,2404.98,success,2026-04-08 14:29:11
TXN0002851,CUST004320,Upi,Rs.55.18,Success,22/05/2026 23:17:39
TXN0002852,CUST003096,,647.78,SUCCESS,2026-03-18 21:05:27
TXN0002853,CUST000021,bill_pay,1595.39,Success,22-01-2026 02:07
TXN0002854,CUST002523,UPI,1013.74,failed,01-04-2026 13:50
TXN0002855,CUST002208,IMPS,154.49,success,2026-01-15 16:51:13
TXN0002856,CUST004510,NEFT,173.15,Failed,19-02-2026 07:13
TXN0002857,CUST004425,BILL_PAY,563.28,SUCCESS,2026-04-30 20:18:55
TXN0002858,CUST004069,Bill_Pay,399.95,success,31-01-2026 06:25
TXN0002859,CUST002007,BILL_PAY,444.84,SUCCESS,2026-05-20 07:19:22
TXN0002860,CUST001391,Imps,133.05,FAILED,2026-05-28 00:19:19
TXN0002861,CUST004265,neft,-690.68,TIMED_OUT,26-01-2026 00:13
TXN0002862,CUST003598,BILL_PAY,"4,578.35",SUCCESS,07/21/2026 05:34 PM
TXN0002863,CUST001755,Upi,161.63,FAILED,04/05/2026 11:03 PM
TXN0002864,CUST000223,IMPS,511.01,success,18/04/2026 01:32:29
TXN0002865,CUST000301,UPI,1382.2,success,2026-07-20 14:47:47
TXN0002866,CUST002332,UPI,102.88,FAILED,29-06-2026 17:29
TXN0002867,CUST003378,Imps,698.93,SUCCESS,2026-03-10 14:38:05
TXN0002868,CUST001144,IMPS,2309.05,SUCCESS,2026-05-25 04:43:33
TXN0002869,CUST001396,UPI,201.88,SUCCESS,2026-04-18 04:22:33
TXN0002870,CUST003052,Neft,782.98,success,2026-02-07 20:42:48
TXN0002871,CUST004424,neft,,timed_out,2026-03-17 08:27:34
TXN0002872,CUST004282,Bill_Pay,10824.94,success,2026-07-31 17:42:36
TXN0002873,CUST002268,BILL PAY,Rs.736.14,Success,17-04-2026 19:18
TXN0002874,CUST003700,BILL_PAY,282.51,TIMED_OUT,2026-03-21 21:32:03
TXN0002875,CUST000528,imps,74.82,FAILED,11-01-2026 11:43
TXN0002876,CUST004292,NEFT,285.17,success,2026-01-15 09:04:28
TXN0002877,CUST004817,bill_pay,125.17,success,24/01/2026 01:48:23
TXN0002878,CUST001351,neft,5140.59,SUCCESS,2026-03-21 03:25:28
TXN0002879,CUST002448,bill_pay,1933.3,Failed,18/07/2026 22:02:42
TXN0002880,CUST003404,NEFT,173.11,Success,2026-03-15 20:24:40
TXN0002881,CUST002082,UPI,265.01,FAILED,
TXN0002882,CUST001812,,721.76,success,30/04/2026 03:17:00
TXN0002883,CUST001915,UPI,2285.92,SUCCESS,01/04/2026 11:37 AM
TXN0002884,CUST000539,Neft,1214.42,TIMEDOUT,2026-05-22 21:04:53
TXN0002885,CUST002739,imps,1075.22,SUCCESS,2026-02-27 03:43:47
TXN0002886,CUST002739,BILL_PAY,847.24,SUCCESS,2026-02-11 23:16:34
TXN0002887,CUST001104,Imps,183.38,SUCCESS,18-05-2026 14:50
TXN0002888,CUST001124,Bill_Pay,733.11,success,19-04-2026 23:09
TXN0002889,CUST002685,IMPS,634.05,Timed_Out,01-07-2026 19:31
TXN0002890,CUST003820,upi,123.34,success,08-03-2026 14:38
TXN0002891,CUST001954,IMPS,4954.43,Success,30/07/2026 01:38:47
TXN0002892,CUST000196,NEFT,327.88,SUCCESS,2026-05-15 20:54:13
TXN0002893,CUST001559,Neft,126.89,TIMED_OUT,28-04-2026 03:10
TXN0002894,CUST003966,imps,394.1,success,2026-02-28 10:38:21
TXN0002895,CUST001480,bill_pay,488.26,SUCCESS,07/17/2026 08:20 AM
TXN0002896,CUST005081,BILL_PAY,611.82,SUCCESS,2026-03-22 00:25:17
TXN0002897,CUST002510,UPI,478.92,SUCCESS,
TXN0002898,CUST002657,upi,653.85,Success,2026-01-21 20:17:37
TXN0002899,CUST004592,NEFT,-795.94,Success,
TXN0002900,CUST001049,IMPS,747.99,SUCCESS,2026-03-29 14:08:55
TXN0002901,CUST000222,Bill_Pay,1065.46,Success,05-02-2026 18:38
TXN0002902,CUST004990,Neft,1146.31,success,2026-06-15 05:18:47
TXN0002903,CUST002545,bill_pay,"1,182.53",Timed_Out,27-02-2026 13:51
TXN0002904,CUST003736,BILL PAY,1595.16,Success,2026-04-22 22:54:04
TXN0002905,CUST000420,upi,289.8,SUCCESS,08-05-2026 03:42
TXN0002906,CUST004797,Bill_Pay,301.62,SUCCESS,2026-02-17 01:16:16
TXN0002907,CUST003886,IMPS,2299.98,success,16-06-2026 22:21
TXN0002908,CUST002589,Bill_Pay,407.91,Failed,17-02-2026 14:55
TXN0002909,CUST002375,imps,572.98,Success,14/05/2026 10:32:25
TXN0002910,CUST002161,Neft,516.12,Failed,01/27/2026 01:18 PM
TXN0002911,CUST001360,bill_pay,10208.65,Success,2026-05-03 06:49:59
TXN0002912,CUST004956,UPI,239.21,Success,04/03/2026 21:38:09
TXN0002913,CUST002875,BILL_PAY,234.36,Success,2026-06-18 23:56:14
TXN0002914,CUST004991,upi,656.52,SUCCESS,2026-06-11 10:52:54
TXN0002915,CUST005034,IMPS,533.27,SUCCESS,2026-04-28 11:06:43
TXN0002916,CUST002987,BILL PAY,171.36,SUCCESS,2026-07-09 20:25:24
TXN0002917,CUST002125,upi,595.65,success,20-02-2026 14:07
TXN0002918,CUST002927,Neft,678.06,Success,29/06/2026 09:21:25
TXN0002919,CUST003209,BILL_PAY,363.48,SUCCESS,31-01-2026 11:22
TXN0002920,CUST004945,NEFT,Rs.555.16,timed_out,2026-04-23 13:36:30
TXN0002921,CUST000531,Imps,265.25,Success,02/01/2026 19:01:39
TXN0002922,CUST000377,IMPS,171.8,SUCCESS,2026-04-21 11:06:15
TXN0002923,CUST004015,NEFT,404.42,Success,24/03/2026 06:44:01
TXN0002924,CUST003675,UPI,201.5,Success,22/06/2026 14:07:43
TXN0002925,CUST001131,IMPS,139.5,SUCCESS,2026-05-03 11:52:04
TXN0002926,CUST002514,Neft,Rs.71.98,SUCCESS,22-06-2026 15:19
TXN0002927,CUST000359,BILL_PAY,864.71,FAILED,2026-07-11 09:56:08
TXN0002928,CUST002709,UPI,389.33,success,
TXN0002929,CUST001475,BILL_PAY,,FAILED,31-05-2026 11:57
TXN0002930,CUST002616,NEFT,,Failed,2026-04-19 02:18:10
TXN0002931,CUST002435,UPI,427.21,SUCCESS,10/05/2026 12:30:54
TXN0002932,CUST000528,NEFT,859.69,SUCCESS,2026-05-29 12:17:24
TXN0002933,CUST001180,BILL_PAY,310.29,success,07/11/2026 03:57 AM
TXN0002934,CUST003768,UPI,,SUCCESS,2026-06-22 07:58:30
TXN0002935,CUST003561,Upi,72.54,SUCCESS,2026-05-14 00:29:08
TXN0002936,CUST000977,Bill_Pay,397.67,success,15-07-2026 15:11
TXN0002937,CUST002740,IMPS,240.88,SUCCESS,14-03-2026 15:22
TXN0002938,CUST000640,Bill_Pay,-2019.91,success,26-02-2026 03:05
TXN0002939,CUST003949,imps,795.8,success,31/05/2026 10:38:58
TXN0002940,CUST005001,NEFT,1677.23,Success,2026-06-28 18:04:18
TXN0002941,CUST002686,UPI,2675.28,Success,2026-05-22 11:12:37
TXN0002942,CUST003811,Bill_Pay,362.43,SUCCESS,2026-01-04 00:16:20
TXN0002943,CUST004833,BILL_PAY,756.43,failed,2026-06-01 08:25:23
TXN0002944,CUST004269,,182.32,SUCCESS,2026-04-30 09:04:14
TXN0002945,CUST004511,BILL PAY,1025.02,Success,2026-05-10 20:02:25
TXN0002946,CUST002004,IMPS,1218.22,success,2026-02-12 08:43:22
TXN0002947,CUST003046,BILL_PAY,943.09,SUCCESS,2026-07-18 18:42:47
TXN0002948,CUST004595,,361.98,success,2026-07-13 06:46:27
TXN0002949,CUST001892,BILL_PAY,5663.12,SUCCESS,2026-01-02 07:11:32
TXN0002950,CUST000246,imps,675.96,,27-06-2026 07:44
TXN0002951,CUST002989,Upi,22534.2,Success,2026-06-18 20:00:38
TXN0002952,CUST001012,Bill_Pay,-183.46,success,20/02/2026 22:24:03
TXN0002953,CUST001095,Neft,1366.84,success,02/17/2026 05:46 PM
TXN0002954,CUST000191,Neft,2099.63,SUCCESS,2026-05-30 10:39:21
TXN0002955,CUST001803,UPI,187.31,Success,06/17/2026 10:33 AM
TXN0002956,CUST001432,Upi,488.66,success,16/02/2026 07:26:00
TXN0002957,CUST002689,imps,124.29,Failed,2026-03-02 15:23:15
TXN0002958,CUST001071,bill_pay,2816.05,Success,09/04/2026 01:09:21
TXN0002959,CUST000793,neft,588.52,Success,15-02-2026 19:34
TXN0002960,CUST002531,IMPS,242.03,Success,25-07-2026 09:58
TXN0002961,CUST002114,IMPS,2135.53,Success,2026-03-21 10:08:26
TXN0002962,CUST001729,IMPS,654.61,Success,08-04-2026 11:34
TXN0002963,CUST000188,UPI,-1778.01,success,2026-06-15 01:20:16
TXN0002964,CUST001119,IMPS,"1,106.18",FAILED,2026-04-07 05:40:37
TXN0002965,CUST000753,NEFT,208.73,success,05/05/2026 18:12:54
TXN0002966,CUST002248,IMPS,348.53,SUCCESS,2026-07-29 13:21:21
TXN0002967,CUST004649,Neft,249.33,Success,2026-07-06 06:23:20
TXN0002968,CUST002595,BILL_PAY,170.61,success,29/07/2026 00:26:49
TXN0002969,CUST001336,Bill_Pay,94.41,SUCCESS,2026-01-08 00:33:04
TXN0002970,CUST002532,BILL_PAY,0,success,2026-07-18 13:31:32
TXN0002971,CUST000430,NEFT,922.33,success,26/07/2026 20:36:04
TXN0002972,CUST004241,IMPS,1097.68,SUCCESS,2026-05-12 09:50:06
TXN0002973,CUST003450,IMPS,2466.43,Success,2026-07-30 21:40:45
TXN0002974,CUST001281,Bill_Pay,344.64,Success,23-07-2026 19:23
TXN0002975,CUST003244,bill_pay,133.88,Success,2026-07-13 10:25:35
TXN0002976,CUST004360,BILL_PAY,1585.99,SUCCESS,02/07/2026 13:43:59
TXN0002977,CUST002777,IMPS,157.64,FAILED,2026-02-06 14:48:30
TXN0002978,CUST002693,Imps,-1538.72,success,2026-02-10 04:59:33
TXN0002979,CUST000097,UPI,113.91,SUCCESS,24/02/2026 16:03:43
TXN0002980,CUST000025,IMPS,146.16,SUCCESS,03/14/2026 02:19 PM
TXN0002981,CUST002387,Upi,308.19,Success,2026-04-29 13:02:23
TXN0002982,CUST002510,upi,1466.84,success,07/16/2026 08:45 PM
TXN0002983,CUST002692,IMPS,4640.35,success,2026-01-27 04:56:09
TXN0002984,CUST005129,bill_pay,1095.53,SUCCESS,2026-01-23 12:57:35
TXN0002985,CUST002778,bill_pay,321.76,SUCCESS,02/07/2026 22:30:59
TXN0002986,CUST000199,NEFT,1983.27,SUCCESS,2026-04-24 20:55:06
TXN0002987,CUST002736,BILL PAY,110.46,Success,28/07/2026 22:17:44
TXN0002988,CUST000952,Neft,221.00,SUCCESS,2026-03-21 19:32:01
TXN0002989,CUST000912,IMPS,731.79,success,2026-04-02 21:46:11
TXN0002990,CUST003495,Imps,1653.4,failed,13-04-2026 14:16
TXN0002991,CUST002482,imps,517.8,SUCCESS,12/01/2026 11:51:21
TXN0002992,CUST004654,NEFT,457.05,SUCCESS,09-03-2026 07:01
TXN0002993,CUST000017,upi,488.45,SUCCESS,2026-03-22 13:08:15
TXN0002994,CUST002968,NEFT,2437.03,success,2026-05-24 18:40:53
TXN0002995,CUST001951,UPI,267.53,SUCCESS,2026-01-18 23:52:15
TXN0002996,CUST003834,NEFT,205.51,Success,29-04-2026 12:59
TXN0002997,CUST001665,,479.67,SUCCESS,2026-02-07 03:37:13
TXN0002998,CUST000791,upi,2923.3,success,2026-05-31 09:59:35
TXN0002999,CUST004781,imps,-302.47,TIMED_OUT,03/07/2026 21:22:27
TXN0003000,CUST002902,IMPS,486.69,SUCCESS,14/07/2026 22:20:45
TXN0003001,CUST000077,BILL_PAY,108.63,failed,2026-06-26 21:29:19
TXN0003002,CUST003833,Imps,510.48,success,2026-04-16 19:00:17
TXN0003003,CUST001186,Upi,-869.52,failed,2026-03-29 15:33:04
TXN0003004,CUST000911,BILL_PAY,157.89,SUCCESS,2026-07-14 01:53:22
TXN0003005,CUST000409,Neft,2443.14,success,07/18/2026 06:16 AM
TXN0003006,CUST003008,,856.08,TIMED_OUT,2026-02-03 15:51:14
TXN0003007,CUST003690,Bill_Pay,357.34,TIMEDOUT,2026-01-09 21:59:09
TXN0003008,CUST004261,Neft,-863.82,SUCCESS,25/06/2026 21:40:04
TXN0003009,CUST004666,NEFT,1176.98,Success,2026-03-19 07:26:46
TXN0003010,CUST003725,bill_pay,81.75,Success,2026-01-19 07:38:51
TXN0003011,CUST004221,Upi,904.52,Timed_Out,08-04-2026 10:16
TXN0003012,CUST000225,IMPS,2784.92,SUCCESS,04/14/2026 03:52 PM
TXN0003013,CUST004518,NEFT,263.46,Success,2026-02-06 09:18:17
TXN0003014,CUST001910,Neft,365.93,SUCCESS,2026-07-06 08:05:20
TXN0003015,CUST002692,BILL_PAY,438.51,SUCCESS,2026-04-22 16:11:26
TXN0003016,CUST000199,IMPS,1677.34,FAILED,2026-01-27 17:18:22
TXN0003017,CUST000957,imps,187.80,success,06/14/2026 11:06 PM
TXN0003018,CUST001379,Upi,1111.4,success,
TXN0003019,CUST002684,bill_pay,447.92,timed_out,2026-06-24 13:30:29
TXN0003020,CUST002966,neft,4963.33,SUCCESS,2026-06-29 19:14:00
TXN0003021,CUST003351,Imps,478.3,SUCCESS,26/02/2026 20:52:34
TXN0003022,CUST003437,Upi,,SUCCESS,15-03-2026 20:45
TXN0003023,CUST002194,BILL PAY,1389.26,failed,2026-04-15 02:59:03
TXN0003024,CUST003798,upi,1043.72,success,21-02-2026 19:45
TXN0003025,CUST003461,Upi,813.29,Success,2026-06-24 10:54:55
TXN0003026,CUST001250,BILL_PAY,"2,683.06",SUCCESS,26-01-2026 00:32
TXN0003027,CUST002903,neft,Rs.93.84,SUCCESS,2026-03-09 07:28:16
TXN0003028,CUST005180,upi,224.54,Success,2026-01-10 12:11:22
TXN0003029,CUST002234,imps,Rs.629.22,Success,2026-06-19 12:49:53
TXN0003030,CUST000258,Upi,762.74,success,2026-03-09 18:17:26
TXN0003031,CUST001643,IMPS,529.38,success,2026-06-03 02:30:32
TXN0003032,CUST000759,Upi,110.28,success,2026-07-07 21:29:33
TXN0003033,CUST001029,Bill_Pay,369.94,SUCCESS,2026-01-17 03:13:04
TXN0003034,CUST003999,IMPS,4477.09,Success,07/11/2026 07:24 AM
TXN0003035,CUST001118,BILL PAY,178.49,Success,
TXN0003036,CUST000248,Neft,613.12,FAILED,20-07-2026 13:39
TXN0003037,CUST000054,BILL PAY,1116.5,success,2026-03-22 09:44:12
TXN0003038,CUST004283,BILL_PAY,1615.84,Success,19-01-2026 15:13
TXN0003039,CUST001503,Imps,1380.89,Success,14-02-2026 12:57
TXN0003040,CUST005021,UPI,340.85,success,11/06/2026 20:01:17
TXN0003041,CUST001561,imps,223.51,Failed,18/06/2026 02:31:06
TXN0003042,CUST002500,imps,,SUCCESS,10-03-2026 09:04
TXN0003043,CUST002746,IMPS,1827.6,FAILED,2026-04-30 06:11:43
TXN0003044,CUST004049,BILL_PAY,683.92,success,2026-01-01 03:09:25
TXN0003045,CUST002558,IMPS,3365.12,SUCCESS,28-06-2026 12:49
TXN0003046,CUST004387,NEFT,108.31,timed_out,2026-03-22 12:12:05
TXN0003047,CUST002617,IMPS,134.71,Success,2026-07-30 12:54:59
TXN0003048,CUST001535,Upi,Rs.48.74,SUCCESS,2026-03-01 06:18:59
TXN0003049,CUST000277,IMPS,752.52,SUCCESS,2026-04-11 07:55:34
TXN0003050,CUST000849,Neft,795.69,success,2026-03-18 05:34:18
TXN0003051,CUST001078,IMPS,122.33,FAILED,02-07-2026 20:05
TXN0003052,CUST004941,UPI,"1,743.74",Success,05/31/2026 01:01 PM
TXN0003053,CUST004651,BILL_PAY,68.63,success,2026-01-29 16:01:31
TXN0003054,CUST001031,NEFT,966.6,SUCCESS,18-03-2026 20:10
TXN0003055,CUST004615,UPI,1262.99,success,07/31/2026 11:54 PM
TXN0003056,CUST001060,NEFT,741.97,Success,06/06/2026 09:53 AM
TXN0003057,CUST002704,NEFT,105.86,SUCCESS,2026-01-09 18:56:13
TXN0003058,CUST003514,NEFT,2644.72,,2026-03-16 15:40:54
TXN0003059,CUST003665,IMPS,353.6,success,2026-01-09 02:42:45
TXN0003060,CUST002452,BILL_PAY,354.85,SUCCESS,17-06-2026 18:47
TXN0003061,CUST003201,IMPS,283.92,SUCCESS,2026-05-17 09:33:00
TXN0003062,CUST000194,neft,1441.61,success,2026-07-24 23:14:14
TXN0003063,CUST000699,Upi,335.5,SUCCESS,02/18/2026 03:51 PM
TXN0003064,CUST002043,NEFT,161.59,success,2026-04-08 17:48:17
TXN0003065,CUST004500,upi,2020.64,failed,24-04-2026 22:01
TXN0003066,CUST001779,Imps,596.28,Success,22/01/2026 11:40:50
TXN0003067,CUST003959,UPI,"Rs.2,114.74",SUCCESS,2026-05-25 10:30:02
TXN0003068,CUST004487,NEFT,649.29,success,2026-01-11 20:16:05
TXN0003069,CUST000169,Imps,Rs.263.63,success,2026-04-18 16:09:23
TXN0003070,CUST004273,Neft,79.14,success,15-05-2026 03:12
TXN0003071,CUST004281,imps,Rs.756.32,SUCCESS,2026-01-01 19:08:03
TXN0003072,CUST003181,neft,439.58,SUCCESS,2026-04-05 16:34:34
TXN0003073,CUST001615,IMPS,1518.56,Success,2026-07-05 11:16:35
TXN0003074,CUST001600,BILL_PAY,318.75,success,13-05-2026 14:58
TXN0003075,CUST003054,NEFT,1002.44,SUCCESS,22-01-2026 23:41
TXN0003076,CUST005195,IMPS,618.91,Success,2026-01-24 12:05:20
TXN0003077,CUST000141,imps,239.67,SUCCESS,03-06-2026 02:11
TXN0003078,CUST004853,NEFT,347.51,failed,2026-01-08 20:37:17
TXN0003079,CUST003606,IMPS,131.67,failed,13/04/2026 20:59:27
TXN0003080,CUST001152,BILL_PAY,5551.39,success,2026-04-09 17:06:19
TXN0003081,CUST004505,IMPS,976.48,success,03-03-2026 11:53
TXN0003082,CUST004168,IMPS,122.94,SUCCESS,2026-02-26 19:30:52
TXN0003083,CUST003393,IMPS,5143.61,SUCCESS,2026-07-12 21:32:10
TXN0003084,CUST004786,BILL_PAY,175.96,SUCCESS,22-06-2026 08:13
TXN0003085,CUST002494,NEFT,312.82,Success,2026-04-17 12:48:03
TXN0003086,CUST004264,Bill_Pay,476.75,SUCCESS,2026-05-30 17:45:10
TXN0003087,CUST004297,imps,636.57,success,01/03/2026 18:46:55
TXN0003088,CUST003883,UPI,1467.89,success,2026-05-01 02:44:46
TXN0003089,CUST000387,Imps,62.75,success,2026-03-17 08:33:36
TXN0003090,CUST004385,NEFT,648.4,FAILED,2026-06-08 16:35:54
TXN0003091,CUST002934,Imps,449.44,Success,2026-03-28 23:24:38
TXN0003092,CUST004628,NEFT,772.55,Success,07-03-2026 10:16
TXN0003093,CUST002240,upi,424.94,failed,2026-06-15 23:30:19
TXN0003094,CUST000480,NEFT,364.95,SUCCESS,07/30/2026 03:06 PM
TXN0003095,CUST002532,IMPS,542.49,success,2026-06-01 00:53:06
TXN0003096,CUST002839,neft,4741.4,SUCCESS,13/03/2026 14:50:59
TXN0003097,CUST005161,BILL_PAY,Rs.372.87,SUCCESS,2026-07-21 06:07:44
TXN0003098,CUST001523,BILL_PAY,2486.87,SUCCESS,2026-01-01 09:15:14
TXN0003099,CUST001556,BILL_PAY,734.6,Success,2026-04-09 08:33:09
TXN0003100,CUST005060,UPI,695.16,Success,2026-02-16 04:33:19
TXN0003101,CUST002525,imps,781.33,SUCCESS,2026-04-10 02:02:50
TXN0003102,CUST002175,Bill_Pay,1112.11,success,2026-02-14 13:08:39
TXN0003103,CUST003914,,406.17,success,29-01-2026 09:53
TXN0003104,CUST002495,IMPS,2266.4,SUCCESS,2026-04-18 08:35:24
TXN0003105,CUST004982,NEFT,1115.47,Success,15-04-2026 02:57
TXN0003106,CUST002812,imps,143.91,SUCCESS,2026-06-21 02:36:12
TXN0003107,CUST001488,IMPS,47.79,Success,2026-01-25 16:04:02
TXN0003108,CUST000936,BILL_PAY,4534.02,SUCCESS,2026-05-21 14:50:46
TXN0003109,CUST001380,upi,811.18,Failed,2026-07-08 00:19:47
TXN0003110,CUST004193,Imps,126.67,Success,2026-06-12 15:19:48
TXN0003111,CUST000633,NEFT,372.28,SUCCESS,2026-07-03 18:35:45
TXN0003112,CUST004759,upi,1826.46,success,19-01-2026 09:42
TXN0003113,CUST000457,NEFT,506.47,failed,2026-02-07 20:29:44
TXN0003114,CUST005034,imps,561.1,SUCCESS,16/03/2026 00:23:55
TXN0003115,CUST000585,UPI,1429.57,Success,14/01/2026 06:43:04
TXN0003116,CUST003957,IMPS,907.35,SUCCESS,2026-01-18 22:04:07
TXN0003117,CUST001315,UPI,-1218.65,SUCCESS,2026-03-23 12:16:09
TXN0003118,CUST000194,Bill_Pay,1410.71,success,23-02-2026 12:05
TXN0003119,CUST004174,BILL_PAY,271.75,Success,2026-06-14 11:43:32
TXN0003120,CUST003661,NEFT,300.71,SUCCESS,29-07-2026 09:21
TXN0003121,CUST000174,Bill_Pay,238.03,Success,30-04-2026 03:03
TXN0003122,CUST002923,imps,319.27,Failed,24/01/2026 23:31:43
TXN0003123,CUST000716,neft,536.41,Success,03/07/2026 09:39:04
TXN0003124,CUST003801,IMPS,582.89,success,2026-07-04 11:46:58
TXN0003125,CUST003618,BILL PAY,"Rs.3,224.75",timed_out,2026-04-12 04:39:51
TXN0003126,CUST000442,UPI,856.28,SUCCESS,2026-01-23 08:06:52
TXN0003127,CUST000475,Imps,548.67,success,2026-06-07 21:50:50
TXN0003128,CUST000523,NEFT,13374.17,timed_out,2026-01-06 18:08:14
TXN0003129,CUST003273,Neft,187.4,SUCCESS,2026-06-16 22:17:22
TXN0003130,CUST001893,Upi,435.1,success,14-01-2026 18:37
TXN0003131,CUST001893,NEFT,5049.41,SUCCESS,2026-04-01 11:52:05
TXN0003132,CUST000074,upi,4934.01,success,03/01/2026 01:34 AM
TXN0003133,CUST002978,IMPS,429.11,SUCCESS,2026-07-16 12:26:32
TXN0003134,CUST004489,UPI,89.53,success,2026-07-16 17:36:44
TXN0003135,CUST004586,upi,368.58,success,2026-05-11 12:14:55
TXN0003136,CUST001314,neft,"Rs.3,273.67",Success,2026-06-28 10:47:07
TXN0003137,CUST000123,BILL_PAY,540.69,Success,03/03/2026 22:14:53
TXN0003138,CUST002093,NEFT,1431.41,SUCCESS,09-02-2026 19:28
TXN0003139,CUST000128,NEFT,616.29,failed,2026-01-08 22:31:29
TXN0003140,CUST002709,Bill_Pay,116.62,SUCCESS,10-01-2026 05:59
TXN0003141,CUST002115,Neft,Rs.642.23,SUCCESS,22-05-2026 11:52
TXN0003142,CUST004548,UPI,1686.04,Success,19-04-2026 22:30
TXN0003143,CUST004585,UPI,314.38,Failed,2026-06-17 00:17:31
TXN0003144,CUST000892,Imps,1630.07,failed,24-06-2026 07:30
TXN0003145,CUST001033,BILL PAY,690.76,Success,02/08/2026 02:19 AM
TXN0003146,CUST000116,bill_pay,1522.47,Success,2026-01-21 17:58:56
TXN0003147,CUST001704,Neft,923.1,success,04-06-2026 09:10
TXN0003148,CUST004649,NEFT,200.77,Success,2026-06-18 17:24:36
TXN0003149,CUST004342,Imps,440.15,Success,05/29/2026 11:05 PM
TXN0003150,CUST002360,BILL_PAY,424.35,SUCCESS,2026-02-17 13:35:46
TXN0003151,CUST002026,IMPS,298.34,Success,2026-02-16 06:15:16
TXN0003152,CUST000724,BILL_PAY,838.87,SUCCESS,11-02-2026 17:18
TXN0003153,CUST004866,Imps,6504.97,,31/01/2026 16:05:35
TXN0003154,CUST001435,UPI,,SUCCESS,2026-06-27 15:49:03
TXN0003155,CUST001742,UPI,2700.01,Success,24-04-2026 06:46
TXN0003156,CUST000952,IMPS,279.01,SUCCESS,2026-05-13 11:59:40
TXN0003157,CUST002351,UPI,2761.07,SUCCESS,2026-04-22 12:23:11
TXN0003158,CUST004601,upi,4223.37,SUCCESS,2026-07-29 22:32:46
TXN0003159,CUST005103,Bill_Pay,269.18,SUCCESS,2026-04-09 23:05:54
TXN0003160,CUST003226,BILL PAY,1052.77,success,19-04-2026 13:51
TXN0003161,CUST005183,NEFT,1087.16,SUCCESS,2026-05-13 22:16:48
TXN0003162,CUST001748,BILL_PAY,477.23,SUCCESS,2026-01-04 11:38:05
TXN0003163,CUST002762,Imps,762.1,SUCCESS,2026-04-11 01:36:03
TXN0003164,CUST001169,bill_pay,"Rs.1,153.77",SUCCESS,07/01/2026 09:50:45
TXN0003165,CUST002836,Imps,514.58,success,2026-01-24 23:26:25
TXN0003166,CUST000958,NEFT,2131.07,Failed,2026-02-26 14:25:02
TXN0003167,CUST000370,Bill_Pay,144.73,Success,2026-05-18 20:11:38
TXN0003168,CUST003135,BILL PAY,422.3,Failed,07-05-2026 04:03
TXN0003169,CUST001725,IMPS,1467.68,failed,06/05/2026 20:33:47
TXN0003170,CUST002927,UPI,"Rs.5,540.36",success,14/05/2026 21:24:24
TXN0003171,CUST001432,NEFT,"2,313.06",SUCCESS,10/06/2026 22:40:11
TXN0003172,CUST000010,NEFT,743.81,Success,20-05-2026 11:18
TXN0003173,CUST004913,neft,543.45,SUCCESS,2026-04-07 18:45:13
TXN0003174,CUST003915,NEFT,449.79,failed,15-04-2026 01:50
TXN0003175,CUST004503,UPI,452.84,success,2026-03-30 08:00:28
TXN0003176,CUST003520,BILL_PAY,78.63,SUCCESS,2026-01-03 06:32:42
TXN0003177,CUST003480,UPI,5213.93,FAILED,2026-04-18 02:25:24
TXN0003178,CUST000886,IMPS,591.68,Success,13-07-2026 23:13
TXN0003179,CUST003027,Upi,-251.37,Failed,2026-04-21 22:50:02
TXN0003180,CUST002879,imps,1032.95,success,11-02-2026 03:52
TXN0003181,CUST000845,IMPS,273.53,FAILED,09-04-2026 21:46
TXN0003182,CUST005005,Imps,1877.67,success,2026-01-01 14:48:24
TXN0003183,CUST004797,Neft,260.05,Success,20-06-2026 02:46
TXN0003184,CUST001959,bill_pay,"1,553.77",success,2026-03-08 17:34:58
TXN0003185,CUST004689,IMPS,442.43,Timed_Out,2026-04-02 04:03:22
TXN0003186,CUST002391,Neft,878.25,failed,24/05/2026 11:36:39
TXN0003187,CUST005074,Imps,1709.04,Success,12-05-2026 20:45
TXN0003188,CUST002511,NEFT,339.86,SUCCESS,30-04-2026 18:41
TXN0003189,CUST002606,BILL_PAY,1656.74,SUCCESS,2026-04-10 17:54:16
TXN0003190,CUST003231,BILL PAY,82.14,success,2026-05-18 14:52:16
TXN0003191,CUST003662,NEFT,3779.53,success,2026-02-28 06:24:35
TXN0003192,CUST002996,neft,2051.59,SUCCESS,12-06-2026 16:27
TXN0003193,CUST000709,BILL_PAY,568.44,Success,09-05-2026 15:15
TXN0003194,CUST001931,Neft,"Rs.2,575.73",success,22/07/2026 10:48:52
TXN0003195,CUST004267,IMPS,2235.74,Success,07/31/2026 11:37 AM
TXN0003196,CUST002757,BILL PAY,630.66,SUCCESS,2026-05-07 11:51:22
TXN0003197,CUST002504,Neft,622.83,TIMED_OUT,06-01-2026 03:42
TXN0003198,CUST002730,NEFT,219.88,success,2026-02-27 04:14:53
TXN0003199,CUST003650,NEFT,671.04,success,2026-07-14 17:46:54
TXN0003200,CUST002835,Imps,112.81,SUCCESS,2026-05-04 09:08:05
TXN0003201,CUST002182,Imps,1529.52,SUCCESS,2026-06-24 13:41:06
TXN0003202,CUST003391,NEFT,1571.69,failed,2026-02-18 16:48:03
TXN0003203,CUST004717,IMPS,83.4,success,28-01-2026 20:35
TXN0003204,CUST003398,Bill_Pay,"Rs.3,296.65",SUCCESS,2026-04-06 06:18:39
TXN0003205,CUST000207,NEFT,308.17,Success,2026-01-13 20:00:47
TXN0003206,CUST002691,UPI,19716.22,SUCCESS,2026-06-04 20:02:48
TXN0003207,CUST004601,BILL PAY,825.13,success,07/04/2026 07:03:15
TXN0003208,CUST001302,neft,3341.51,Success,2026-05-06 06:33:37
TXN0003209,CUST001144,IMPS,212.42,success,2026-02-27 21:34:45
TXN0003210,CUST002312,NEFT,441.34,SUCCESS,2026-05-29 19:38:20
TXN0003211,CUST001454,Neft,337.97,success,2026-06-07 11:28:35
TXN0003212,CUST002661,UPI,110.74,success,2026-01-15 16:04:00
TXN0003213,CUST001536,Imps,145.22,success,2026-03-18 17:26:59
TXN0003214,CUST003324,imps,543.53,Success,2026-03-30 21:59:40
TXN0003215,CUST003096,UPI,Rs.990.27,SUCCESS,20-02-2026 05:35
TXN0003216,CUST004834,UPI,,SUCCESS,2026-01-05 07:23:51
TXN0003217,CUST002260,imps,411.63,FAILED,2026-07-22 00:54:32
TXN0003218,CUST002644,BILL PAY,272.0,TIMED_OUT,24-05-2026 00:05
TXN0003219,CUST004192,NEFT,586.42,SUCCESS,2026-05-19 18:24:35
TXN0003220,CUST004655,NEFT,1387.62,SUCCESS,2026-07-07 08:05:34
TXN0003221,CUST001327,Upi,713.4,success,2026-01-03 20:30:53
TXN0003222,CUST002481,Upi,322.26,Success,2026-05-20 23:52:52
TXN0003223,CUST001380,Neft,2139.81,success,2026-06-12 18:27:50
TXN0003224,CUST002884,neft,951.99,Success,10/02/2026 01:44:54
TXN0003225,CUST003276,neft,738.35,Success,21/07/2026 03:08:34
TXN0003226,CUST003530,UPI,191.83,success,2026-03-02 20:53:29
TXN0003227,CUST003261,NEFT,1859.54,SUCCESS,2026-05-14 23:09:10
TXN0003228,CUST003106,imps,1072.4,Success,26/01/2026 05:59:04
TXN0003229,CUST004892,BILL PAY,1142.07,SUCCESS,2026-01-17 17:19:23
TXN0003230,CUST000970,Upi,485.85,SUCCESS,30-01-2026 11:08
TXN0003231,CUST000071,Imps,395.18,SUCCESS,2026-06-18 09:42:30
TXN0003232,CUST004864,imps,"5,253.17",success,2026-01-28 23:08:37
TXN0003233,CUST002745,Neft,388.56,Success,2026-06-06 04:54:55
TXN0003234,CUST003707,IMPS,,SUCCESS,20-07-2026 08:03
TXN0003235,CUST001307,Imps,Rs.782.92,Success,2026-05-06 02:46:30
TXN0003236,CUST003405,Neft,624.53,Success,2026-03-21 08:40:41
TXN0003237,CUST004638,Neft,2269.72,SUCCESS,07/02/2026 10:25 PM
TXN0003238,CUST004611,BILL_PAY,529.25,Success,2026-04-12 07:21:21
TXN0003239,CUST004206,imps,"Rs.1,333.04",Success,25/03/2026 19:53:20
TXN0003240,CUST002149,BILL_PAY,3620.73,SUCCESS,23-01-2026 04:43
TXN0003241,CUST001221,Neft,998.28,SUCCESS,18-01-2026 09:55
TXN0003242,CUST003623,IMPS,202.13,success,2026-05-09 11:17:28
TXN0003243,CUST002882,BILL_PAY,79.61,failed,2026-02-08 14:50:48
TXN0003244,CUST002725,NEFT,,SUCCESS,2026-03-19 06:15:31
TXN0003245,CUST000491,Upi,,success,03/25/2026 04:30 PM
TXN0003246,CUST002260,bill_pay,847.88,SUCCESS,15-07-2026 10:34
TXN0003247,CUST004793,upi,629.98,success,03/12/2026 08:25 PM
TXN0003248,CUST004319,UPI,151.45,SUCCESS,2026-07-08 12:03:07
TXN0003249,CUST003637,NEFT,525.87,SUCCESS,2026-06-11 10:19:31
TXN0003250,CUST000242,Neft,190.43,Failed,07/03/2026 07:33 AM
TXN0003251,CUST000362,bill_pay,356.95,success,07/14/2026 12:50 PM
TXN0003252,CUST001586,Upi,1851.67,SUCCESS,10/01/2026 06:43:56
TXN0003253,CUST004651,Bill_Pay,689.05,success,17-03-2026 17:33
TXN0003254,CUST004089,NEFT,1236.42,Success,2026-02-22 13:30:37
TXN0003255,CUST002078,NEFT,756.46,success,
TXN0003256,CUST002059,UPI,453.68,FAILED,2026-02-23 09:53:26
TXN0003257,CUST000592,Bill_Pay,850.73,success,2026-01-04 09:08:09
TXN0003258,CUST000952,Upi,94.82,SUCCESS,2026-06-23 01:12:18
TXN0003259,CUST002443,Bill_Pay,1536.26,SUCCESS,2026-02-12 21:09:21
TXN0003260,CUST004863,upi,243.88,success,2026-04-18 09:54:48
TXN0003261,CUST001477,BILL_PAY,1144.22,Failed,2026-02-09 07:25:13
TXN0003262,CUST003764,UPI,433.91,SUCCESS,17/07/2026 20:08:44
TXN0003263,CUST004393,BILL_PAY,151.56,success,2026-07-31 03:13:03
TXN0003264,CUST002576,UPI,292.54,SUCCESS,23-05-2026 16:57
TXN0003265,CUST001987,BILL PAY,1151.46,FAILED,2026-02-01 15:27:21
TXN0003266,CUST003901,Neft,8249.15,SUCCESS,11-01-2026 05:13
TXN0003267,CUST001490,Upi,585.01,SUCCESS,2026-03-24 16:07:29
TXN0003268,CUST004504,imps,6841.04,SUCCESS,2026-03-31 21:43:06
TXN0003269,CUST001954,BILL_PAY,94.57,success,12/05/2026 02:29:40
TXN0003270,CUST004378,UPI,32.86,FAILED,07-04-2026 03:29
TXN0003271,CUST003151,UPI,472.57,success,18/01/2026 17:24:55
TXN0003272,CUST004483,Imps,585.56,SUCCESS,2026-03-31 10:29:10
TXN0003273,CUST001233,UPI,1226.78,Timed_Out,2026-04-07 00:49:24
TXN0003274,CUST001384,bill_pay,305.14,failed,2026-02-17 17:33:39
TXN0003275,CUST003381,BILL_PAY,947.93,Success,2026-04-26 21:25:44
TXN0003276,CUST001618,NEFT,499.76,success,24-06-2026 12:10
TXN0003277,CUST003315,BILL_PAY,2731.54,SUCCESS,2026-03-30 10:11:01
TXN0003278,CUST000125,Upi,783.75,SUCCESS,2026-05-04 04:07:19
TXN0003279,CUST005166,BILL_PAY,17045.36,SUCCESS,2026-02-04 22:35:16
TXN0003280,CUST004615,neft,504.32,failed,2026-07-12 22:47:24
TXN0003281,CUST000546,UPI,2499.54,success,08/05/2026 23:38:16
TXN0003282,CUST004751,neft,3753.08,success,10-04-2026 05:24
TXN0003283,CUST003600,Bill_Pay,35.79,SUCCESS,21-05-2026 22:57
TXN0003284,CUST002764,Imps,1511.71,SUCCESS,17/07/2026 16:11:21
TXN0003285,CUST002818,upi,148.45,TIMEDOUT,04/08/2026 11:55 AM
TXN0003286,CUST003792,UPI,483.82,SUCCESS,16-04-2026 20:50
TXN0003287,CUST001498,neft,174.55,SUCCESS,2026-03-03 08:53:45
TXN0003288,CUST000790,IMPS,2796.97,timed_out,2026-02-12 06:40:05
TXN0003289,CUST002419,Neft,324.97,SUCCESS,2026-03-14 20:33:47
TXN0003290,CUST000310,UPI,-89.18,success,01/07/2026 23:09:59
TXN0003291,CUST003894,Neft,806.5,Success,
TXN0003292,CUST004267,imps,-3410.31,SUCCESS,2026-06-25 23:17:39
TXN0003293,CUST001034,neft,177.01,success,13/03/2026 16:06:14
TXN0003294,CUST002108,Upi,1780.53,SUCCESS,2026-03-13 22:04:25
TXN0003295,CUST004763,NEFT,67.65,Success,2026-07-11 03:37:52
TXN0003296,CUST000758,upi,3764.22,Success,2026-05-04 03:07:59
TXN0003297,CUST004493,NEFT,1022.51,Success,2026-07-03 07:10:03
TXN0003298,CUST001362,Bill_Pay,158.24,SUCCESS,21-03-2026 03:32
TXN0003299,CUST000016,IMPS,1580.03,Success,2026-07-14 22:22:07
TXN0003300,CUST002452,Upi,345.77,Success,10/05/2026 18:26:16
TXN0003301,CUST000004,IMPS,220.14,SUCCESS,2026-03-10 11:07:38
TXN0003302,CUST002926,Neft,337.49,SUCCESS,2026-04-08 20:53:54
TXN0003303,CUST002351,Neft,-1386.86,SUCCESS,29-07-2026 09:13
TXN0003304,CUST000874,IMPS,205.55,SUCCESS,06-03-2026 08:17
TXN0003305,CUST002836,Neft,46.14,Success,22/01/2026 04:42:55
TXN0003306,CUST001973,bill_pay,357.21,SUCCESS,2026-07-10 20:44:00
TXN0003307,CUST002809,Neft,2957.46,SUCCESS,18-03-2026 13:11
TXN0003308,CUST004508,UPI,2903.4,SUCCESS,2026-01-08 14:03:29
TXN0003309,CUST004306,upi,336.96,SUCCESS,2026-02-20 22:14:32
TXN0003310,CUST004151,UPI,323.83,FAILED,2026-03-13 04:46:22
TXN0003311,CUST001979,Upi,302.31,SUCCESS,2026-06-23 00:50:34
TXN0003312,CUST003876,bill_pay,287.94,SUCCESS,2026-04-06 08:22:20
TXN0003313,CUST004614,bill_pay,310.24,success,2026-02-21 00:32:27
TXN0003314,CUST003984,Imps,,SUCCESS,2026-05-31 16:08:49
TXN0003315,CUST001427,BILL PAY,"Rs.3,057.27",SUCCESS,14-06-2026 20:27
TXN0003316,CUST004341,Neft,205.19,Success,2026-07-30 20:19:58
TXN0003317,CUST004100,NEFT,249.41,SUCCESS,2026-06-29 05:30:37
TXN0003318,CUST002606,,978.04,success,2026-01-04 02:07:40
TXN0003319,CUST004052,NEFT,1490.33,Failed,26/04/2026 02:26:29
TXN0003320,CUST004323,UPI,109.88,timed_out,28-02-2026 04:19
TXN0003321,CUST002006,upi,112.78,Success,2026-07-17 08:18:43
TXN0003322,CUST000374,IMPS,,Success,02/05/2026 08:43:42
TXN0003323,CUST004042,bill_pay,43.85,FAILED,2026-02-12 14:20:29
TXN0003324,CUST002512,Neft,436.62,SUCCESS,01/08/2026 07:34 PM
TXN0003325,CUST004932,IMPS,124.1,SUCCESS,2026-01-05 08:58:37
TXN0003326,CUST001784,UPI,107.3,SUCCESS,2026-05-01 08:50:24
TXN0003327,CUST000939,BILL_PAY,100.95,Success,2026-02-27 13:10:49
TXN0003328,CUST003322,BILL PAY,2435.28,Success,19/01/2026 18:10:14
TXN0003329,CUST004285,UPI,695.79,SUCCESS,03-04-2026 11:02
TXN0003330,CUST003894,Neft,2465.54,success,2026-04-03 01:24:36
TXN0003331,CUST004363,IMPS,554.26,Success,2026-07-21 10:13:25
TXN0003332,CUST002319,IMPS,2373.62,Success,2026-01-12 19:24:11
TXN0003333,CUST000248,bill_pay,538.42,SUCCESS,2026-03-13 11:27:19
TXN0003334,CUST002631,NEFT,20.5,Success,2026-03-26 08:25:11
TXN0003335,CUST000394,Imps,1220.34,Success,2026-03-28 17:41:37
TXN0003336,CUST003004,IMPS,599.42,SUCCESS,04/07/2026 07:33 AM
TXN0003337,CUST001927,IMPS,501.74,SUCCESS,2026-05-08 23:50:36
TXN0003338,CUST001830,BILL_PAY,227.64,SUCCESS,2026-07-04 08:15:30
TXN0003339,CUST002277,IMPS,"1,443.85",success,2026-07-14 08:58:48
TXN0003340,CUST000720,bill_pay,177.89,SUCCESS,06/01/2026 21:37:18
TXN0003341,CUST003368,upi,1440.79,SUCCESS,2026-07-19 11:24:09
TXN0003342,CUST000079,NEFT,733.91,SUCCESS,27/02/2026 10:21:11
TXN0003343,CUST004929,BILL PAY,1490.5,success,2026-03-24 02:41:04
TXN0003344,CUST002669,IMPS,812.4,TIMEDOUT,21-05-2026 15:21
TXN0003345,CUST000318,bill_pay,"2,744.04",SUCCESS,2026-01-11 11:41:39
TXN0003346,CUST004276,neft,1079.15,,07/02/2026 05:49:38
TXN0003347,CUST004545,bill_pay,752.58,SUCCESS,03/25/2026 05:29 PM
TXN0003348,CUST001878,imps,41.39,success,2026-02-14 11:30:24
TXN0003349,CUST000949,IMPS,"2,899.93",Success,2026-01-21 11:02:59
TXN0003350,CUST002889,NEFT,-99.81,SUCCESS,2026-06-10 02:01:23
TXN0003351,CUST000697,IMPS,136.31,success,2026-06-16 11:59:35
TXN0003352,CUST001954,Imps,1678.54,success,2026-04-16 00:12:44
TXN0003353,CUST001298,bill_pay,666.03,Success,2026-04-12 19:01:58
TXN0003354,CUST004715,NEFT,104.24,SUCCESS,03/19/2026 01:10 AM
TXN0003355,CUST000808,upi,,success,2026-04-18 07:47:14
TXN0003356,CUST000181,NEFT,2694.86,SUCCESS,2026-07-11 01:08:39
TXN0003357,CUST003040,IMPS,Rs.783.61,SUCCESS,04/14/2026 03:42 AM
TXN0003358,CUST000139,BILL_PAY,685.72,SUCCESS,28-05-2026 18:33
TXN0003359,CUST000986,UPI,281.49,SUCCESS,2026-03-12 12:02:35
TXN0003360,CUST001869,Upi,1757.26,SUCCESS,2026-02-19 18:55:12
TXN0003361,CUST002901,IMPS,573.77,SUCCESS,2026-05-26 10:36:47
TXN0003362,CUST001132,BILL_PAY,1370.73,SUCCESS,
TXN0003363,CUST004504,Upi,-250.87,SUCCESS,2026-04-26 20:14:56
TXN0003364,CUST002764,upi,8319.5,SUCCESS,15/02/2026 23:23:35
TXN0003365,CUST000743,bill_pay,3434.74,SUCCESS,30-07-2026 13:40
TXN0003366,CUST000626,Upi,773.62,SUCCESS,29/01/2026 04:32:39
TXN0003367,CUST001185,neft,997.79,SUCCESS,2026-03-13 14:38:51
TXN0003368,CUST000440,Upi,326.79,FAILED,2026-05-30 14:51:28
TXN0003369,CUST001983,bill_pay,1514.79,Success,20/01/2026 20:58:58
TXN0003370,CUST003590,Neft,50.18,SUCCESS,2026-04-23 13:30:06
TXN0003371,CUST004149,Neft,4836.62,failed,2026-07-18 11:34:47
TXN0003372,CUST003305,Bill_Pay,1404.88,success,07-07-2026 05:12
TXN0003373,CUST002895,bill_pay,200.71,SUCCESS,19/01/2026 02:18:35
TXN0003374,CUST002825,BILL_PAY,4665.3,Success,16-05-2026 02:28
TXN0003375,CUST000633,IMPS,7256.44,success,05/06/2026 12:48:18
TXN0003376,CUST002856,BILL_PAY,1065.82,SUCCESS,2026-05-31 02:53:53
TXN0003377,CUST000547,NEFT,255.56,success,18/03/2026 01:42:17
TXN0003378,CUST000084,upi,698.62,SUCCESS,19-07-2026 16:49
TXN0003379,CUST001943,NEFT,1268.16,success,06-03-2026 11:20
TXN0003380,CUST003359,BILL_PAY,960.70,TIMED_OUT,2026-07-16 21:45:40
TXN0003381,CUST002744,imps,200.74,success,08/04/2026 21:10:59
TXN0003382,CUST000608,UPI,1239.61,Failed,21-01-2026 23:33
TXN0003383,CUST003591,Imps,"Rs.2,652.29",Success,16/02/2026 23:01:23
TXN0003384,CUST000283,UPI,154.33,success,2026-06-07 16:32:34
TXN0003385,CUST005140,IMPS,174.71,Success,26-04-2026 04:08
TXN0003386,CUST003466,Neft,311.96,SUCCESS,01/02/2026 05:34 AM
TXN0003387,CUST004194,UPI,514.41,SUCCESS,2026-05-01 07:05:12
TXN0003388,CUST001864,UPI,1816.35,Success,31/01/2026 08:19:09
TXN0003389,CUST000691,UPI,2612.55,Timed_Out,06/09/2026 05:20 PM
TXN0003390,CUST002668,IMPS,243.59,SUCCESS,2026-02-19 13:37:25
TXN0003391,CUST002544,upi,845.17,SUCCESS,2026-06-09 11:19:30
TXN0003392,CUST003598,upi,2472.58,SUCCESS,2026-02-12 17:50:55
TXN0003393,CUST003397,Imps,9084.04,failed,10-07-2026 12:34
TXN0003394,CUST001636,upi,839.83,,02/06/2026 04:13:23
TXN0003395,CUST000007,Upi,897.26,success,04-01-2026 23:42
TXN0003396,CUST000021,Imps,1073.92,SUCCESS,2026-04-16 20:21:22
TXN0003397,CUST002225,BILL_PAY,454.27,success,2026-01-10 23:51:40
TXN0003398,CUST004567,Upi,765.01,success,06/07/2026 06:37:57
TXN0003399,CUST001192,BILL PAY,62.89,success,2026-07-11 14:14:07
TXN0003400,CUST004584,NEFT,328.8,SUCCESS,04-01-2026 14:23
TXN0003401,CUST001401,BILL PAY,1215.61,SUCCESS,2026-01-12 23:02:30
TXN0003402,CUST004070,upi,228.4,Success,
TXN0003403,CUST004176,neft,1872.54,SUCCESS,24/07/2026 05:28:24
TXN0003404,CUST001173,BILL_PAY,87.01,SUCCESS,2026-05-02 07:27:01
TXN0003405,CUST001515,Neft,1779.84,Success,2026-06-09 18:17:04
TXN0003406,CUST004865,NEFT,1773.6,SUCCESS,2026-02-16 02:32:40
TXN0003407,CUST002521,neft,9343.32,SUCCESS,2026-04-14 00:25:21
TXN0003408,CUST001875,UPI,433.85,success,12-05-2026 15:49
TXN0003409,CUST004775,bill_pay,666.72,SUCCESS,28-01-2026 18:27
TXN0003410,CUST003271,IMPS,4185.78,SUCCESS,
TXN0003411,CUST002111,imps,3472.46,Failed,2026-06-29 08:05:27
TXN0003412,CUST000496,NEFT,2262.09,SUCCESS,16-04-2026 16:24
TXN0003413,CUST001079,imps,1001.71,failed,2026-06-30 04:10:36
TXN0003414,CUST004589,Neft,4025.2,Success,15-06-2026 11:43
TXN0003415,CUST003331,Imps,15841.91,success,23-02-2026 22:32
TXN0003416,CUST000202,BILL_PAY,1363.38,TIMED_OUT,2026-02-13 09:39:00
TXN0003417,CUST003672,UPI,705.70,Success,12-04-2026 17:40
TXN0003418,CUST003825,neft,1582.78,,2026-07-12 15:36:57
TXN0003419,CUST001525,Neft,825.58,success,2026-06-17 15:30:32
TXN0003420,CUST001171,BILL_PAY,479.37,SUCCESS,20/05/2026 01:03:53
TXN0003421,CUST003776,UPI,1883.01,SUCCESS,
TXN0003422,CUST002789,BILL_PAY,366.2,failed,2026-05-24 18:20:43
TXN0003423,CUST000129,NEFT,1328.41,FAILED,2026-05-13 08:21:20
TXN0003424,CUST002661,BILL_PAY,108.82,Success,2026-01-07 22:17:57
TXN0003425,CUST000102,UPI,5160.54,Success,08-03-2026 04:16
TXN0003426,CUST004033,BILL_PAY,263.75,success,2026-07-22 15:19:35
TXN0003427,CUST003343,imps,133.77,SUCCESS,04-05-2026 03:55
TXN0003428,CUST002486,Bill_Pay,3307.64,Success,13-05-2026 21:34
TXN0003429,CUST000631,BILL_PAY,4265.72,Success,2026-07-24 14:33:05
TXN0003430,CUST001997,neft,976.78,success,18-06-2026 16:19
TXN0003431,CUST001191,Upi,593.4,success,2026-05-01 05:29:02
TXN0003432,CUST004290,,446.02,Success,2026-04-29 10:50:20
TXN0003433,CUST001949,imps,913.34,Success,15/05/2026 10:17:42
TXN0003434,CUST004053,bill_pay,633.71,FAILED,2026-04-03 08:40:53
TXN0003435,CUST000326,Neft,547.17,Failed,07/12/2026 11:36 AM
TXN0003436,CUST004363,IMPS,233.82,Success,19/06/2026 00:32:54
TXN0003437,CUST003422,Imps,168.68,SUCCESS,14-05-2026 21:13
TXN0003438,CUST002179,Neft,738.76,SUCCESS,2026-03-30 04:22:39
TXN0003439,CUST003450,IMPS,879.76,FAILED,2026-02-25 17:13:10
TXN0003440,CUST001383,BILL_PAY,280.99,success,2026-04-27 18:37:36
TXN0003441,CUST004003,NEFT,328.51,SUCCESS,02/13/2026 05:01 PM
TXN0003442,CUST002723,upi,877.2,SUCCESS,2026-03-24 00:30:03
TXN0003443,CUST002656,UPI,227.14,SUCCESS,08-02-2026 19:55
TXN0003444,CUST002154,,2381.35,success,19-07-2026 08:06
TXN0003445,CUST004549,Imps,1262.75,Success,22-01-2026 14:22
TXN0003446,CUST004704,Bill_Pay,278.08,SUCCESS,2026-01-12 18:00:59
TXN0003447,CUST002451,IMPS,1184.06,SUCCESS,2026-07-07 04:04:48
TXN0003448,CUST000019,UPI,233.32,SUCCESS,13-02-2026 04:45
TXN0003449,CUST003106,NEFT,1784.37,Success,2026-06-20 03:37:26
TXN0003450,CUST000703,NEFT,243.62,failed,2026-01-31 03:39:43
TXN0003451,CUST003045,UPI,579.77,SUCCESS,2026-03-13 06:38:06
TXN0003452,CUST003715,imps,794.18,SUCCESS,2026-04-25 19:22:38
TXN0003453,CUST001229,BILL_PAY,4173.05,Success,23-03-2026 07:42
TXN0003454,CUST004141,UPI,261.46,SUCCESS,03/23/2026 03:15 PM
TXN0003455,CUST000045,neft,249.79,SUCCESS,2026-06-22 05:22:36
TXN0003456,CUST002298,UPI,116.04,SUCCESS,30/04/2026 13:55:27
TXN0003457,CUST002711,UPI,6262.43,success,2026-07-02 12:39:58
TXN0003458,CUST004179,upi,693.51,success,12-03-2026 07:03
TXN0003459,CUST004406,Bill_Pay,2459.92,FAILED,11/07/2026 00:49:58
TXN0003460,CUST002047,IMPS,335.15,success,2026-04-29 05:16:09
TXN0003461,CUST004429,UPI,372.0,failed,15-05-2026 14:32
TXN0003462,CUST004776,UPI,629.47,Success,2026-06-19 13:37:26
TXN0003463,CUST001148,UPI,652.05,SUCCESS,2026-05-31 05:00:06
TXN0003464,CUST002167,Neft,1510.19,FAILED,02/26/2026 05:00 PM
TXN0003465,CUST004793,upi,717.93,Success,07-04-2026 06:42
TXN0003466,CUST001402,IMPS,425.76,SUCCESS,2026-01-24 02:24:37
TXN0003467,CUST001456,upi,6442.23,success,09/06/2026 13:34:27
TXN0003468,CUST001858,IMPS,Rs.230.34,SUCCESS,14-06-2026 20:12
TXN0003469,CUST004290,bill_pay,263.06,success,2026-06-29 15:07:23
TXN0003470,CUST001677,Imps,233.95,SUCCESS,24-05-2026 06:15
TXN0003471,CUST004679,NEFT,1586.86,success,23-02-2026 12:21
TXN0003472,CUST001300,BILL PAY,1139.32,Success,2026-03-23 03:16:19
TXN0003473,CUST004608,IMPS,549.91,SUCCESS,2026-02-09 23:28:22
TXN0003474,CUST003699,IMPS,221.05,SUCCESS,2026-07-01 00:22:53
TXN0003475,CUST000710,Neft,-790.06,success,08-01-2026 23:54
TXN0003476,CUST000889,imps,"Rs.1,892.83",success,15-02-2026 02:25
TXN0003477,CUST001754,Neft,4426.33,SUCCESS,2026-04-06 02:47:42
TXN0003478,CUST001370,BILL_PAY,319.22,success,2026-07-24 02:12:16
TXN0003479,CUST005032,IMPS,547.66,SUCCESS,2026-07-31 02:07:42
TXN0003480,CUST004565,BILL PAY,1125.63,SUCCESS,01/05/2026 05:00 PM
TXN0003481,CUST000849,NEFT,420.82,Success,20-07-2026 04:13
TXN0003482,CUST002131,,136.37,Failed,01/03/2026 02:51 AM
TXN0003483,CUST004961,Bill_Pay,550.91,success,2026-04-02 18:59:15
TXN0003484,CUST001357,bill_pay,155.68,SUCCESS,2026-07-22 22:58:31
TXN0003485,CUST002144,NEFT,2115.37,success,2026-04-21 04:02:36
TXN0003486,CUST000286,IMPS,461.03,success,07-07-2026 11:17
TXN0003487,CUST002473,neft,618.12,SUCCESS,2026-01-22 05:50:17
TXN0003488,CUST004264,BILL_PAY,270.82,success,23-01-2026 00:53
TXN0003489,CUST004293,BILL_PAY,647.0,Success,19-01-2026 10:15
TXN0003490,CUST002594,Imps,-3084.95,Success,03/19/2026 07:45 AM
TXN0003491,CUST002592,NEFT,2439.63,SUCCESS,14/05/2026 13:51:08
TXN0003492,CUST003180,BILL_PAY,182.79,Success,25/05/2026 00:18:33
TXN0003493,CUST003254,BILL_PAY,25.66,success,06/17/2026 09:31 PM
TXN0003494,CUST002474,Upi,555.94,Success,2026-07-19 02:15:10
TXN0003495,CUST001633,upi,464.71,SUCCESS,22-05-2026 01:17
TXN0003496,CUST002064,IMPS,-432.73,SUCCESS,16-04-2026 10:02
TXN0003497,CUST001767,UPI,342.85,SUCCESS,2026-02-08 20:13:25
TXN0003498,CUST004825,UPI,,success,06-03-2026 10:39
TXN0003499,CUST002564,IMPS,10407.62,Success,24-07-2026 22:21
TXN0003500,CUST004776,IMPS,6253.86,Success,2026-01-08 10:26:30
TXN0003501,CUST000925,neft,411.84,success,2026-07-04 16:10:11
TXN0003502,CUST004250,BILL PAY,776.68,Success,2026-06-08 18:44:49
TXN0003503,CUST001050,BILL_PAY,2165.97,success,30/07/2026 06:36:00
TXN0003504,CUST004439,neft,773.61,Success,2026-06-04 18:15:47
TXN0003505,CUST001177,IMPS,375.45,success,2026-04-17 03:58:38
TXN0003506,CUST002682,NEFT,139.0,SUCCESS,2026-04-03 06:32:56
TXN0003507,CUST000277,,674.97,SUCCESS,26/07/2026 11:34:03
TXN0003508,CUST004367,IMPS,158.22,success,05/15/2026 07:26 PM
TXN0003509,CUST001625,bill_pay,"2,805.00",Success,19/05/2026 12:14:28
TXN0003510,CUST000483,BILL_PAY,639.87,success,2026-07-09 18:03:14
TXN0003511,CUST004152,NEFT,1242.53,success,2026-05-23 12:47:19
TXN0003512,CUST004461,Bill_Pay,448.82,SUCCESS,2026-03-30 18:55:36
TXN0003513,CUST001484,imps,1799.36,SUCCESS,2026-06-28 12:56:02
TXN0003514,CUST003215,neft,311.69,Timed_Out,02-01-2026 07:21
TXN0003515,CUST001812,BILL_PAY,943.36,success,2026-01-01 09:33:51
TXN0003516,CUST003177,bill_pay,429.97,SUCCESS,03/13/2026 09:49 AM
TXN0003517,CUST003813,NEFT,509.72,SUCCESS,20-02-2026 21:12
TXN0003518,CUST004199,BILL_PAY,2128.65,SUCCESS,2026-06-24 11:24:31
TXN0003519,CUST002114,Imps,268.5,success,25/05/2026 20:53:27
TXN0003520,CUST003318,BILL PAY,"1,025.08",SUCCESS,2026-01-31 18:32:00
TXN0003521,CUST004934,BILL_PAY,3291.38,success,2026-04-24 19:19:05
TXN0003522,CUST002812,upi,"Rs.2,027.82",success,2026-03-15 07:48:56
TXN0003523,CUST001487,Upi,321.86,success,2026-06-01 02:06:52
TXN0003524,CUST003364,Imps,-1208.75,Success,2026-04-29 20:41:40
TXN0003525,CUST001706,upi,87.09,success,06/05/2026 09:01:06
TXN0003526,CUST002880,imps,"2,225.93",SUCCESS,2026-03-11 11:11:18
TXN0003527,CUST003506,Neft,15763.59,SUCCESS,2026-03-27 18:42:59
TXN0003528,CUST001290,neft,955.51,SUCCESS,2026-01-22 17:12:23
TXN0003529,CUST002671,bill_pay,3525.29,FAILED,31/03/2026 07:16:32
TXN0003530,CUST003110,Upi,132.39,success,2026-01-19 18:21:38
TXN0003531,CUST001826,UPI,199.51,success,2026-03-08 13:00:57
TXN0003532,CUST000751,Bill_Pay,446.92,SUCCESS,2026-07-06 20:14:11
TXN0003533,CUST002703,NEFT,550.37,TIMED_OUT,2026-02-28 06:40:29
TXN0003534,CUST002020,Neft,962.9,Success,2026-01-30 06:05:03
TXN0003535,CUST002440,upi,323.61,FAILED,2026-06-09 23:32:24
TXN0003536,CUST001598,,786.49,SUCCESS,26/05/2026 04:11:37
TXN0003537,CUST005021,Bill_Pay,2123.06,Success,01/16/2026 12:31 AM
TXN0003538,CUST001256,Neft,1203.24,Success,2026-06-11 09:10:51
TXN0003539,CUST004914,upi,430.6,SUCCESS,16-01-2026 03:38
TXN0003540,CUST001442,imps,1620.01,success,2026-05-25 19:38:38
TXN0003541,CUST001384,BILL PAY,409.96,SUCCESS,03/22/2026 04:04 AM
TXN0003542,CUST000488,Imps,736.15,SUCCESS,26/06/2026 23:03:52
TXN0003543,CUST003083,imps,1982.79,timed_out,2026-01-09 04:54:58
TXN0003544,CUST005167,neft,533.66,SUCCESS,05-01-2026 00:31
TXN0003545,CUST003661,Upi,155.86,FAILED,2026-05-09 21:42:11
TXN0003546,CUST002405,IMPS,Rs.712.01,SUCCESS,2026-06-04 00:58:28
TXN0003547,CUST005029,upi,2005.9,SUCCESS,14/03/2026 13:46:37
TXN0003548,CUST000589,Imps,2259.07,SUCCESS,05-06-2026 13:51
TXN0003549,CUST003496,neft,190.9,SUCCESS,09-06-2026 05:42
TXN0003550,CUST000500,UPI,1538.52,SUCCESS,17-01-2026 04:53
TXN0003551,CUST000745,BILL PAY,Rs.497.84,success,03-05-2026 14:38
TXN0003552,CUST001254,Imps,3866.63,success,2026-06-20 20:01:51
TXN0003553,CUST004426,BILL_PAY,159.32,SUCCESS,2026-02-26 20:33:10
TXN0003554,CUST003329,IMPS,1501.88,SUCCESS,04/01/2026 10:34:54
TXN0003555,CUST000438,UPI,438.73,success,2026-01-16 19:43:22
TXN0003556,CUST000213,Upi,329.33,SUCCESS,2026-03-04 21:28:00
TXN0003557,CUST002383,UPI,2101.86,Success,26/06/2026 14:31:51
TXN0003558,CUST001594,Neft,2574.02,Failed,2026-05-20 09:12:12
TXN0003559,CUST004073,NEFT,64.28,Success,2026-04-20 05:27:30
TXN0003560,CUST005067,neft,2151.99,SUCCESS,2026-07-13 17:34:51
TXN0003561,CUST001652,BILL_PAY,612.69,SUCCESS,25-07-2026 23:47
TXN0003562,CUST000417,NEFT,688.51,SUCCESS,12-04-2026 16:24
TXN0003563,CUST003787,UPI,150.28,SUCCESS,05/04/2026 23:52:58
TXN0003564,CUST001088,UPI,1379.41,SUCCESS,2026-06-16 07:57:29
TXN0003565,CUST003251,upi,10825.27,,2026-04-15 01:54:37
TXN0003566,CUST004849,Upi,352.58,Failed,13-04-2026 10:21
TXN0003567,CUST001661,Neft,2922.19,success,2026-01-27 01:53:58
TXN0003568,CUST001605,Bill_Pay,659.03,SUCCESS,2026-05-28 14:53:00
TXN0003569,CUST004354,Bill_Pay,368.75,Success,2026-07-06 17:52:45
TXN0003570,CUST001674,neft,122.09,SUCCESS,2026-05-27 02:06:42
TXN0003571,CUST003819,BILL_PAY,3534.92,SUCCESS,2026-07-11 10:34:23
TXN0003572,CUST003612,IMPS,760.03,SUCCESS,20/05/2026 16:33:20
TXN0003573,CUST002834,IMPS,390.76,success,2026-05-06 01:40:29
TXN0003574,CUST005045,bill_pay,470.46,Success,13/01/2026 18:59:37
TXN0003575,CUST001933,NEFT,1524.0,success,2026-06-01 05:15:11
TXN0003576,CUST002750,Neft,390.03,TIMED_OUT,24-07-2026 15:58
TXN0003577,CUST001874,BILL_PAY,218.97,success,2026-02-17 23:52:11
TXN0003578,CUST001784,imps,580.33,SUCCESS,2026-05-26 19:13:22
TXN0003579,CUST003442,BILL_PAY,559.82,Timed_Out,2026-05-06 16:21:35
TXN0003580,CUST004849,BILL PAY,-545.61,SUCCESS,2026-02-13 09:15:14
TXN0003581,CUST002704,Bill_Pay,395.93,SUCCESS,25/06/2026 08:12:35
TXN0003582,CUST003644,Imps,3063.33,SUCCESS,2026-02-18 14:36:12
TXN0003583,CUST004371,UPI,18693.97,Success,2026-07-06 08:03:31
TXN0003584,CUST004355,,191.41,Success,21/06/2026 08:54:08
TXN0003585,CUST001975,neft,55.01,SUCCESS,08-01-2026 11:54
TXN0003586,CUST003933,Imps,501.53,Success,07-04-2026 14:38
TXN0003587,CUST002156,BILL_PAY,61.66,SUCCESS,2026-01-01 15:09:38
TXN0003588,CUST002542,BILL PAY,110.06,Success,15-07-2026 15:43
TXN0003589,CUST001328,bill_pay,359.56,SUCCESS,2026-03-25 09:05:48
TXN0003590,CUST003916,BILL PAY,1509.98,SUCCESS,18-07-2026 01:32
TXN0003591,CUST003468,Neft,494.92,Success,2026-07-06 06:21:25
TXN0003592,CUST002221,IMPS,42.02,Success,14/05/2026 01:52:04
TXN0003593,CUST002776,bill_pay,487.49,Success,2026-07-19 13:45:57
TXN0003594,CUST000294,imps,530.9,SUCCESS,2026-04-08 02:45:25
TXN0003595,CUST003834,Imps,541.31,success,2026-01-24 00:39:17
TXN0003596,CUST002644,Upi,2485.38,TIMED_OUT,22-06-2026 01:45
TXN0003597,CUST003832,bill_pay,1974.07,SUCCESS,2026-02-18 15:59:04
TXN0003598,CUST003855,upi,725.38,SUCCESS,05/22/2026 08:22 PM
TXN0003599,CUST000244,,7858.68,Success,24/03/2026 16:44:36
TXN0003600,CUST003589,neft,-118.38,Timed_Out,2026-07-20 23:17:16
TXN0003601,CUST004288,Bill_Pay,358.45,SUCCESS,2026-03-09 19:53:56
TXN0003602,CUST003575,imps,571.45,SUCCESS,2026-06-07 04:24:40
TXN0003603,CUST004333,Imps,645.95,SUCCESS,2026-05-29 00:19:14
TXN0003604,CUST003424,IMPS,Rs.120.70,SUCCESS,07/05/2026 06:57 AM
TXN0003605,CUST003936,bill_pay,64.7,TIMED_OUT,2026-04-13 19:28:00
TXN0003606,CUST001224,Neft,662.11,Success,13/05/2026 10:14:25
TXN0003607,CUST003769,NEFT,98.67,SUCCESS,22-02-2026 13:26
TXN0003608,CUST001414,Bill_Pay,299.59,SUCCESS,2026-05-15 07:41:12
TXN0003609,CUST002709,BILL_PAY,-765.25,SUCCESS,2026-05-11 01:27:26
TXN0003610,CUST000762,UPI,Rs.142.21,SUCCESS,15-06-2026 07:34
TXN0003611,CUST004160,upi,988.45,Success,2026-03-23 22:51:35
TXN0003612,CUST002637,BILL_PAY,250.43,Success,2026-07-02 17:43:04
TXN0003613,CUST000351,BILL_PAY,428.88,success,15/01/2026 02:09:26
TXN0003614,CUST002891,Imps,1218.19,SUCCESS,17-06-2026 16:14
TXN0003615,CUST003379,bill_pay,602.63,success,07/02/2026 07:06 PM
TXN0003616,CUST004303,NEFT,960.78,SUCCESS,2026-01-03 01:12:14
TXN0003617,CUST002098,Upi,1127.08,SUCCESS,05/25/2026 04:01 PM
TXN0003618,CUST002202,Upi,591.13,SUCCESS,02/27/2026 01:56 PM
TXN0003619,CUST003058,imps,1030.16,Success,2026-01-20 04:28:26
TXN0003620,CUST001621,Neft,294.06,success,31-03-2026 17:32
TXN0003621,CUST000926,Imps,1199.59,SUCCESS,2026-05-12 00:00:43
TXN0003622,CUST002077,Bill_Pay,505.27,SUCCESS,2026-06-23 21:25:57
TXN0003623,CUST000328,BILL_PAY,3175.14,Success,2026-03-03 11:06:20
TXN0003624,CUST000006,IMPS,784.62,failed,2026-05-14 21:44:37
TXN0003625,CUST001546,NEFT,343.54,SUCCESS,2026-02-20 09:14:31
TXN0003626,CUST002758,imps,"1,226.14",SUCCESS,09/04/2026 21:25:25
TXN0003627,CUST001850,UPI,3372.33,timed_out,2026-01-26 07:21:37
TXN0003628,CUST001124,Neft,379.98,SUCCESS,28/06/2026 14:12:54
TXN0003629,CUST000437,NEFT,312.81,success,2026-04-17 05:00:50
TXN0003630,CUST004637,BILL_PAY,28.74,SUCCESS,17-01-2026 16:29
TXN0003631,CUST004231,IMPS,782.29,SUCCESS,2026-07-20 21:38:10
TXN0003632,CUST001804,Upi,449.67,SUCCESS,2026-05-10 19:50:26
TXN0003633,CUST002225,IMPS,1219.75,SUCCESS,2026-03-29 21:40:46
TXN0003634,CUST003365,Neft,1253.14,SUCCESS,2026-03-22 11:33:52
TXN0003635,CUST000654,,126.47,SUCCESS,2026-05-31 19:38:00
TXN0003636,CUST003826,NEFT,"1,962.70",SUCCESS,06/23/2026 12:14 AM
TXN0003637,CUST004019,UPI,265.27,SUCCESS,2026-01-13 07:19:06
TXN0003638,CUST003778,Imps,382.4,FAILED,2026-05-18 16:55:11
TXN0003639,CUST003109,UPI,44.55,Failed,24-06-2026 04:31
TXN0003640,CUST003623,upi,995.42,SUCCESS,04/06/2026 05:20:35
TXN0003641,CUST001551,UPI,178.02,SUCCESS,05/22/2026 07:03 PM
TXN0003642,CUST001363,Imps,316.41,SUCCESS,2026-05-04 22:41:01
TXN0003643,CUST001140,BILL_PAY,161.03,success,2026-05-09 01:26:22
TXN0003644,CUST000469,Bill_Pay,2197.7,Success,2026-03-28 15:31:21
TXN0003645,CUST000296,neft,421.19,FAILED,2026-06-30 20:11:35
TXN0003646,CUST003494,neft,144.99,SUCCESS,2026-02-16 16:08:57
TXN0003647,CUST004443,UPI,156.13,SUCCESS,2026-01-01 07:45:21
TXN0003648,CUST001612,neft,,SUCCESS,2026-07-23 07:36:07
TXN0003649,CUST001843,BILL_PAY,239.93,SUCCESS,07/04/2026 00:48:21
TXN0003650,CUST005159,BILL PAY,372.57,SUCCESS,06/18/2026 04:17 PM
TXN0003651,CUST001385,,0,SUCCESS,2026-06-09 06:33:30
TXN0003652,CUST001734,Upi,455.94,SUCCESS,2026-04-27 15:51:22
TXN0003653,CUST004410,upi,74.02,SUCCESS,04/05/2026 16:07:05
TXN0003654,CUST000287,Imps,1392.92,SUCCESS,2026-04-18 07:30:47
TXN0003655,CUST000994,BILL PAY,496.29,Success,2026-03-30 20:05:07
TXN0003656,CUST001196,,947.34,FAILED,28-04-2026 01:18
TXN0003657,CUST004399,neft,1528.22,success,2026-02-20 19:19:24
TXN0003658,CUST002598,IMPS,58.37,Success,2026-04-29 12:57:18
TXN0003659,CUST000863,imps,1546.53,success,2026-04-18 15:06:35
TXN0003660,CUST000994,BILL_PAY,13334.59,SUCCESS,2026-07-30 05:33:27
TXN0003661,CUST004609,BILL_PAY,1077.85,SUCCESS,2026-02-01 04:36:11
TXN0003662,CUST001035,BILL PAY,"3,246.05",SUCCESS,16/03/2026 08:53:27
TXN0003663,CUST001576,BILL_PAY,2099.79,Success,06-04-2026 09:40
TXN0003664,CUST003086,Upi,"1,474.77",SUCCESS,2026-01-15 16:54:46
TXN0003665,CUST000067,Imps,2201.11,SUCCESS,03/02/2026 14:16:36
TXN0003666,CUST001124,IMPS,2747.01,SUCCESS,2026-04-04 05:04:32
TXN0003667,CUST000126,Neft,2900.76,SUCCESS,25-04-2026 18:02
TXN0003668,CUST001525,UPI,155.68,SUCCESS,07/02/2026 21:36:20
TXN0003669,CUST002712,neft,0,SUCCESS,10/07/2026 19:04:25
TXN0003670,CUST001454,Bill_Pay,488.01,TIMED_OUT,01/04/2026 08:44 AM
TXN0003671,CUST002049,UPI,3048.18,,2026-06-19 05:52:43
TXN0003672,CUST001449,UPI,"1,199.54",SUCCESS,2026-03-27 14:44:23
TXN0003673,CUST003041,bill_pay,153.26,SUCCESS,2026-01-09 14:25:11
TXN0003674,CUST004679,Upi,3675.9,Success,2026-01-16 00:41:10
TXN0003675,CUST001657,IMPS,266.69,success,04/13/2026 01:18 AM
TXN0003676,CUST003451,Neft,460.72,Success,23-06-2026 22:44
TXN0003677,CUST003967,BILL_PAY,5068.58,success,
TXN0003678,CUST002440,BILL PAY,790.92,SUCCESS,23-06-2026 04:00
TXN0003679,CUST005063,Upi,438.0,,2026-01-01 00:52:13
TXN0003680,CUST000643,Upi,607.95,TIMED_OUT,2026-05-28 23:04:43
TXN0003681,CUST003753,IMPS,427.37,SUCCESS,2026-05-20 01:56:57
TXN0003682,CUST001302,BILL_PAY,1751.9,SUCCESS,12/06/2026 08:30:27
TXN0003683,CUST000517,NEFT,442.67,SUCCESS,2026-04-11 00:19:31
TXN0003684,CUST002497,UPI,632.95,SUCCESS,07/01/2026 02:42 PM
TXN0003685,CUST002376,,1332.37,success,13-06-2026 00:45
TXN0003686,CUST003720,imps,1155.23,SUCCESS,2026-04-05 07:34:13
TXN0003687,CUST004280,IMPS,Rs.292.13,SUCCESS,18/07/2026 22:05:16
TXN0003688,CUST003900,UPI,1779.98,SUCCESS,
TXN0003689,CUST002594,Bill_Pay,357.83,SUCCESS,2026-03-10 00:14:41
TXN0003690,CUST000486,IMPS,194.82,SUCCESS,2026-04-23 23:16:36
TXN0003691,CUST003521,Imps,81.36,SUCCESS,28/04/2026 05:56:45
TXN0003692,CUST000620,Upi,537.54,SUCCESS,11-01-2026 15:26
TXN0003693,CUST000693,UPI,99.95,FAILED,02-02-2026 14:44
TXN0003694,CUST004392,Upi,249.27,SUCCESS,2026-01-29 05:56:09
TXN0003695,CUST003872,,652.32,Success,08-04-2026 20:07
TXN0003696,CUST004133,UPI,2665.64,SUCCESS,2026-06-11 18:05:21
TXN0003697,CUST003006,upi,475.04,SUCCESS,2026-07-19 05:49:14
TXN0003698,CUST002827,UPI,123.54,Success,2026-06-05 18:33:47
TXN0003699,CUST000493,Neft,584.19,SUCCESS,2026-06-13 19:30:22
TXN0003700,CUST004749,imps,2526.32,SUCCESS,2026-01-11 05:02:53
TXN0003701,CUST000859,BILL_PAY,462.45,success,26-01-2026 07:25
TXN0003702,CUST001506,BILL_PAY,3345.33,,2026-06-18 05:37:41
TXN0003703,CUST000189,,647.92,SUCCESS,2026-04-22 03:48:20
TXN0003704,CUST000849,Neft,1554.14,SUCCESS,2026-03-29 20:00:22
TXN0003705,CUST002006,Bill_Pay,864.43,SUCCESS,2026-07-25 15:26:30
TXN0003706,CUST002609,UPI,3123.27,Success,2026-06-01 02:28:39
TXN0003707,CUST001166,bill_pay,8704.61,SUCCESS,2026-05-04 09:04:49
TXN0003708,CUST001499,neft,378.53,success,2026-02-15 10:09:56
TXN0003709,CUST002226,NEFT,804.73,SUCCESS,2026-07-09 21:59:08
TXN0003710,CUST004979,neft,2663.0,success,2026-07-02 15:59:13
TXN0003711,CUST001853,Imps,901.88,SUCCESS,2026-05-18 14:38:03
TXN0003712,CUST004224,BILL PAY,77.35,success,2026-07-04 05:49:45
TXN0003713,CUST000195,neft,470.84,SUCCESS,2026-06-03 08:04:53
TXN0003714,CUST003767,UPI,892.52,Success,2026-02-08 13:28:54
TXN0003715,CUST004389,IMPS,-4505.32,SUCCESS,2026-04-11 18:53:19
TXN0003716,CUST003615,Imps,753.14,Success,20/02/2026 10:41:00
TXN0003717,CUST002269,neft,231.36,Success,30-01-2026 04:27
TXN0003718,CUST000647,Upi,,SUCCESS,01-03-2026 14:10
TXN0003719,CUST001622,UPI,3880.58,SUCCESS,06/29/2026 12:11 AM
TXN0003720,CUST001992,bill_pay,Rs.315.22,SUCCESS,2026-05-05 04:33:52
TXN0003721,CUST004687,Upi,-363.16,success,07/08/2026 02:33 AM
TXN0003722,CUST001205,UPI,320.73,SUCCESS,03-03-2026 23:13
TXN0003723,CUST000442,NEFT,141.55,Success,01/23/2026 10:55 AM
TXN0003724,CUST002145,IMPS,713.47,Success,2026-05-06 17:03:17
TXN0003725,CUST003205,BILL_PAY,619.19,TIMED_OUT,2026-02-24 12:25:07
TXN0003726,CUST004748,NEFT,86.31,SUCCESS,03-06-2026 05:08
TXN0003727,CUST001172,Imps,251.72,success,
TXN0003728,CUST002310,Upi,833.27,success,2026-05-22 03:38:34
TXN0003729,CUST004308,Bill_Pay,1507.33,SUCCESS,2026-03-30 17:53:31
TXN0003730,CUST004371,Upi,2111.18,success,02/25/2026 02:25 PM
TXN0003731,CUST004034,NEFT,1670.66,success,2026-03-08 17:15:48
TXN0003732,CUST003504,UPI,663.77,success,07/06/2026 16:11:47
TXN0003733,CUST002074,upi,118.34,SUCCESS,11-01-2026 18:03
TXN0003734,CUST004255,,507.6,Success,2026-03-31 21:06:50
TXN0003735,CUST001431,Neft,38.32,Success,10-07-2026 07:17
TXN0003736,CUST003007,NEFT,-838.14,TIMED_OUT,2026-05-19 20:51:52
TXN0003737,CUST004593,Imps,303.25,SUCCESS,02/08/2026 02:21 AM
TXN0003738,CUST000548,imps,56.86,SUCCESS,2026-07-08 00:46:52
TXN0003739,CUST000574,IMPS,-1041.32,success,2026-01-25 17:06:04
TXN0003740,CUST004250,IMPS,3814.33,SUCCESS,07/24/2026 05:40 PM
TXN0003741,CUST003156,imps,101.31,Success,07-05-2026 09:31
TXN0003742,CUST004665,NEFT,1151.31,SUCCESS,2026-04-26 22:26:43
TXN0003743,CUST000735,Upi,414.86,SUCCESS,13/07/2026 21:29:02
TXN0003744,CUST003691,UPI,266.43,TIMED_OUT,2026-04-03 01:27:09
TXN0003745,CUST002886,Imps,267.08,SUCCESS,2026-06-11 10:08:39
TXN0003746,CUST003497,Upi,414.75,Success,2026-06-28 13:11:54
TXN0003747,CUST005087,Bill_Pay,413.01,SUCCESS,2026-05-24 08:25:08
TXN0003748,CUST005193,Upi,632.85,SUCCESS,03-04-2026 20:43
TXN0003749,CUST004403,upi,238.84,success,2026-04-21 20:18:09
TXN0003750,CUST002150,imps,297.88,SUCCESS,10-03-2026 06:04
TXN0003751,CUST004885,NEFT,1291.41,success,2026-05-24 20:55:20
TXN0003752,CUST000704,NEFT,216.18,Success,28-06-2026 04:40
TXN0003753,CUST000763,NEFT,905.7,success,12/06/2026 01:23:01
TXN0003754,CUST002910,BILL PAY,439.94,Success,2026-05-26 13:28:18
TXN0003755,CUST001923,Upi,345.81,FAILED,2026-02-07 18:16:30
TXN0003756,CUST004120,neft,5884.67,SUCCESS,2026-03-12 00:55:10
TXN0003757,CUST000290,NEFT,145.02,Timed_Out,15-02-2026 16:02
TXN0003758,CUST000321,Neft,-4202.3,Success,09-05-2026 18:57
TXN0003759,CUST000563,UPI,1807.66,TIMED_OUT,04/03/2026 22:04:05
TXN0003760,CUST003575,neft,312.22,success,03/07/2026 02:00:46
TXN0003761,CUST001418,UPI,1876.38,SUCCESS,2026-05-23 17:11:18
TXN0003762,CUST000097,neft,25.81,SUCCESS,08-07-2026 13:14
TXN0003763,CUST002511,UPI,280.34,success,
TXN0003764,CUST002720,bill_pay,219.45,SUCCESS,21-05-2026 03:24
TXN0003765,CUST001425,NEFT,1056.69,SUCCESS,10-07-2026 08:42
TXN0003766,CUST003159,IMPS,1545.64,,2026-05-27 05:57:40
TXN0003767,CUST002070,Bill_Pay,1035.69,Success,01/06/2026 11:19 PM
TXN0003768,CUST004690,UPI,772.12,Success,27-02-2026 13:56
TXN0003769,CUST002271,NEFT,2045.23,success,2026-01-25 12:53:52
TXN0003770,CUST000765,UPI,-1689.73,SUCCESS,
TXN0003771,CUST000677,BILL_PAY,303.83,success,2026-01-25 07:25:05
TXN0003772,CUST004899,IMPS,343.87,success,2026-07-22 21:08:22
TXN0003773,CUST004863,Neft,1569.02,SUCCESS,31-01-2026 10:07
TXN0003774,CUST000539,BILL_PAY,625.57,TIMED_OUT,22/03/2026 15:15:48
TXN0003775,CUST002787,bill_pay,-678.14,success,2026-07-11 02:08:26
TXN0003776,CUST004181,neft,789.95,SUCCESS,2026-04-23 12:59:23
TXN0003777,CUST001502,IMPS,80.92,Success,2026-05-02 18:07:33
TXN0003778,CUST001188,NEFT,288.82,TIMED_OUT,28-06-2026 02:10
TXN0003779,CUST002787,Upi,1173.53,success,19-03-2026 10:11
TXN0003780,CUST003494,bill_pay,286.15,Success,04-01-2026 17:20
TXN0003781,CUST002179,UPI,500.01,SUCCESS,2026-04-07 01:52:47
TXN0003782,CUST001452,upi,-1164.12,Success,01/15/2026 01:37 PM
TXN0003783,CUST004989,BILL_PAY,-2200.57,SUCCESS,2026-01-19 14:37:57
TXN0003784,CUST002468,bill_pay,2572.98,success,2026-07-21 16:12:32
TXN0003785,CUST003231,NEFT,2777.51,Success,12-01-2026 09:53
TXN0003786,CUST003942,bill_pay,Rs.557.67,Success,03-02-2026 16:34
TXN0003787,CUST004311,UPI,493.12,success,01-05-2026 01:18
TXN0003788,CUST001397,BILL_PAY,Rs.164.74,SUCCESS,16/03/2026 22:17:39
TXN0003789,CUST004321,,3845.68,SUCCESS,26-03-2026 12:32
TXN0003790,CUST003027,upi,469.4,SUCCESS,2026-01-01 01:30:28
TXN0003791,CUST004520,Imps,3718.86,success,2026-06-02 01:39:30
TXN0003792,CUST003867,IMPS,936.08,SUCCESS,04/05/2026 00:02:55
TXN0003793,CUST000042,Upi,2340.41,Success,08-01-2026 06:12
TXN0003794,CUST003220,BILL PAY,Rs.603.48,Success,2026-07-20 10:49:03
TXN0003795,CUST000837,bill_pay,1315.44,success,2026-03-22 04:36:09
TXN0003796,CUST003910,BILL_PAY,2449.54,success,06-07-2026 07:39
TXN0003797,CUST000016,UPI,365.41,SUCCESS,2026-07-19 06:28:09
TXN0003798,CUST002325,upi,2797.84,SUCCESS,01-04-2026 13:54
TXN0003799,CUST004840,bill_pay,189.84,Success,2026-03-19 19:49:05
TXN0003800,CUST002101,UPI,5657.33,Success,2026-06-20 21:57:05
TXN0003801,CUST002559,neft,793.74,SUCCESS,27/03/2026 13:43:06
TXN0003802,CUST001813,BILL PAY,293.95,Success,2026-02-16 11:17:15
TXN0003803,CUST002850,UPI,1761.72,Success,16/07/2026 18:30:55
TXN0003804,CUST003420,NEFT,-990.59,SUCCESS,2026-07-31 15:22:07
TXN0003805,CUST003303,Upi,85.39,,21-03-2026 13:07
TXN0003806,CUST004040,Upi,415.01,SUCCESS,15/06/2026 09:31:31
TXN0003807,CUST004810,bill_pay,200.02,Failed,2026-01-12 16:40:14
TXN0003808,CUST001225,UPI,219.94,success,2026-02-25 10:03:23
TXN0003809,CUST004539,Neft,211.55,SUCCESS,07/15/2026 01:37 PM
TXN0003810,CUST001782,NEFT,,SUCCESS,10-02-2026 12:39
TXN0003811,CUST002108,IMPS,1945.12,failed,28-07-2026 00:30
TXN0003812,CUST003995,UPI,265.18,SUCCESS,29-01-2026 01:01
TXN0003813,CUST003702,Upi,,Failed,2026-01-09 18:40:44
TXN0003814,CUST004853,neft,38.02,SUCCESS,2026-03-20 09:21:51
TXN0003815,CUST004974,NEFT,"7,919.35",SUCCESS,2026-01-22 16:54:24
TXN0003816,CUST004912,BILL PAY,804.09,success,2026-06-11 07:07:14
TXN0003817,CUST001988,BILL_PAY,1778.79,SUCCESS,2026-06-07 09:41:16
TXN0003818,CUST002743,BILL_PAY,526.07,success,2026-06-13 11:34:39
TXN0003819,CUST002287,BILL_PAY,52.0,success,2026-07-01 05:01:23
TXN0003820,CUST000180,Upi,1092.63,Success,2026-06-29 08:54:16
TXN0003821,CUST002688,UPI,4820.76,FAILED,2026-07-28 00:54:07
TXN0003822,CUST004813,upi,312.61,SUCCESS,2026-03-22 21:25:41
TXN0003823,CUST003122,bill_pay,46.47,Success,17/07/2026 17:24:18
TXN0003824,CUST004549,imps,163.72,success,11/02/2026 09:49:58
TXN0003825,CUST004818,NEFT,1894.26,,13-02-2026 11:40
TXN0003826,CUST004698,UPI,981.27,FAILED,2026-02-11 16:00:23
TXN0003827,CUST001471,Bill_Pay,2813.88,SUCCESS,21-04-2026 02:47
TXN0003828,CUST003713,BILL_PAY,672.19,SUCCESS,2026-05-11 01:38:20
TXN0003829,CUST002644,imps,1512.23,SUCCESS,21-01-2026 06:36
TXN0003830,CUST002579,UPI,401.24,SUCCESS,01-03-2026 23:23
TXN0003831,CUST005167,IMPS,177.91,success,2026-07-28 16:45:49
TXN0003832,CUST002400,UPI,1517.64,SUCCESS,2026-06-13 02:07:13
TXN0003833,CUST003173,BILL_PAY,1935.4,Success,2026-03-10 13:48:41
TXN0003834,CUST005006,Imps,320.95,SUCCESS,2026-02-11 03:33:02
TXN0003835,CUST002011,NEFT,4217.39,SUCCESS,25-05-2026 07:40
TXN0003836,CUST001502,IMPS,4389.09,SUCCESS,2026-02-16 14:03:06
TXN0003837,CUST003513,bill_pay,212.99,SUCCESS,07/11/2026 05:19 AM
TXN0003838,CUST004959,BILL_PAY,224.02,SUCCESS,2026-05-08 07:59:29
TXN0003839,CUST000351,IMPS,235.86,success,27-07-2026 16:50
TXN0003840,CUST001010,Imps,571.44,success,26/03/2026 20:27:17
TXN0003841,CUST002464,upi,423.79,SUCCESS,05/03/2026 03:25 AM
TXN0003842,CUST002514,upi,138.96,SUCCESS,01/02/2026 19:19:40
TXN0003843,CUST001857,NEFT,243.5,Success,2026-04-07 22:41:43
TXN0003844,CUST000728,UPI,Rs.53.08,Success,2026-07-14 13:49:28
TXN0003845,CUST000670,bill_pay,62.96,Success,18-04-2026 01:19
TXN0003846,CUST002236,upi,112.46,Success,2026-05-09 04:50:06
TXN0003847,CUST001315,Bill_Pay,7262.24,SUCCESS,01/19/2026 12:27 PM
TXN0003848,CUST002989,IMPS,6006.97,success,2026-07-29 09:53:59
TXN0003849,CUST000737,Imps,1634.58,failed,2026-05-15 04:43:16
TXN0003850,CUST000892,neft,324.74,SUCCESS,05-05-2026 11:36
TXN0003851,CUST003159,NEFT,110.54,success,05-01-2026 14:32
TXN0003852,CUST002271,Imps,655.4,SUCCESS,2026-05-17 02:39:39
TXN0003853,CUST002572,neft,1130.91,SUCCESS,2026-03-05 13:39:44
TXN0003854,CUST002611,Imps,270.19,Success,01/25/2026 08:14 AM
TXN0003855,CUST000569,Upi,1056.97,SUCCESS,2026-04-24 22:11:37
TXN0003856,CUST003134,bill_pay,162.07,SUCCESS,2026-01-30 06:31:08
TXN0003857,CUST002524,NEFT,332.37,Success,25-05-2026 14:55
TXN0003858,CUST002410,Neft,488.04,SUCCESS,24-05-2026 23:59
TXN0003859,CUST004871,NEFT,6281.03,success,2026-06-20 08:42:36
TXN0003860,CUST000837,UPI,239.59,SUCCESS,2026-07-27 08:22:26
TXN0003861,CUST000873,imps,12449.88,TIMED_OUT,09/03/2026 22:09:48
TXN0003862,CUST000562,BILL PAY,1123.89,SUCCESS,2026-06-10 21:54:43
TXN0003863,CUST000585,UPI,13848.24,FAILED,16/03/2026 15:20:35
TXN0003864,CUST004715,bill_pay,201.88,SUCCESS,2026-02-17 15:58:24
TXN0003865,CUST003790,Bill_Pay,173.38,success,12/06/2026 06:59:55
TXN0003866,CUST004205,Imps,268.85,success,2026-04-19 20:18:30
TXN0003867,CUST001226,imps,Rs.683.21,success,2026-05-23 11:34:47
TXN0003868,CUST004641,NEFT,5075.89,SUCCESS,2026-03-05 11:27:25
TXN0003869,CUST001032,UPI,316.78,success,10/03/2026 21:09:24
TXN0003870,CUST001247,neft,-1955.13,success,2026-06-09 16:30:44
TXN0003871,CUST000085,BILL PAY,"6,768.48",FAILED,2026-06-14 19:16:19
TXN0003872,CUST000676,BILL_PAY,905.15,SUCCESS,10-05-2026 05:27
TXN0003873,CUST004234,BILL_PAY,2474.41,SUCCESS,2026-05-24 05:19:21
TXN0003874,CUST002727,imps,252.85,success,2026-07-25 03:28:40
TXN0003875,CUST000261,UPI,1086.68,Success,2026-07-26 01:57:23
TXN0003876,CUST003886,BILL_PAY,1480.23,success,20/04/2026 20:22:14
TXN0003877,CUST005127,UPI,132.07,SUCCESS,05/07/2026 07:43 PM
TXN0003878,CUST000822,imps,226.2,SUCCESS,03/04/2026 23:09:09
TXN0003879,CUST000823,Imps,463.59,SUCCESS,2026-05-19 14:11:35
TXN0003880,CUST003789,Imps,94.37,timed_out,22-04-2026 13:30
TXN0003881,CUST002807,,277.34,,2026-02-12 15:36:15
TXN0003882,CUST003173,BILL_PAY,530.16,success,2026-04-07 07:32:31
TXN0003883,CUST003019,Upi,113.12,success,2026-07-09 16:56:00
TXN0003884,CUST001813,,5806.24,SUCCESS,2026-05-05 06:57:08
TXN0003885,CUST001120,IMPS,2237.26,success,2026-07-09 18:12:05
TXN0003886,CUST000808,IMPS,45929.65,Success,2026-04-24 22:38:54
TXN0003887,CUST003469,Neft,Rs.149.40,SUCCESS,2026-01-20 13:19:52
TXN0003888,CUST004959,UPI,"1,141.15",SUCCESS,2026-06-22 23:39:51
TXN0003889,CUST003188,NEFT,280.27,SUCCESS,2026-07-17 05:29:00
TXN0003890,CUST002508,UPI,172.3,SUCCESS,2026-01-18 20:29:54
TXN0003891,CUST003332,bill_pay,2071.79,success,2026-06-17 11:34:11
TXN0003892,CUST000366,IMPS,710.52,SUCCESS,14-05-2026 13:55
TXN0003893,CUST000544,NEFT,428.1,SUCCESS,2026-05-15 22:54:08
TXN0003894,CUST000938,UPI,,success,2026-02-15 12:10:45
TXN0003895,CUST003302,bill_pay,237.1,Success,05-03-2026 14:15
TXN0003896,CUST001109,UPI,228.45,Success,2026-06-24 11:18:11
TXN0003897,CUST002179,bill_pay,291.82,Success,12/07/2026 04:36:52
TXN0003898,CUST004031,UPI,2686.65,Success,05/09/2026 11:11 AM
TXN0003899,CUST005017,Upi,2398.38,SUCCESS,20/07/2026 01:38:15
TXN0003900,CUST003382,IMPS,,SUCCESS,05/11/2026 05:17 PM
